Company,Location_HQ,Industry,Laid_Off_Count,Date,Source,Funds_Raised,Stage,Date_Added,Country,Percentage,List_of_Employees_Laid_Off,Laid_Off_Count_Log
Oda,Oslo,Food,150.0,2024-06-05,https://techcrunch.com/2024/06/05/softbank-backed-grocery-startup-oda-lays-off-150-resets-focus-on-norway-and-sweden/,691.0,Unknown,2024-06-05 18:01:25,Norway,,Unknown,5.017279836814924
Pagaya,Tel Aviv,Finance,100.0,2024-06-05,https://www.calcalistech.com/ctechnews/article/h19floaec,2000.0,Post-IPO,2024-06-05 23:11:24,Israel,0.2,Unknown,4.61512051684126
Aleph Farms,Tel Aviv,Food,30.0,2024-06-05,https://www.calcalistech.com/ctechnews/article/hkdwxv0na,119.0,Unknown,2024-06-05 23:13:43,Israel,0.3,Unknown,3.4339872044851463
MoonPay,Dover,Crypto,30.0,2024-06-05,https://www.theblock.co/post/298638/moonpay-lays-off-10-staff,651.0,Unknown,2024-06-05 23:12:47,United States,0.1,Unknown,3.4339872044851463
Microsoft,Seattle,Other,1000.0,2024-06-03,https://www.theverge.com/2024/6/3/24170902/microsoft-hololens-2-mixed-reality-azure-layoffs,1.0,Post-IPO,2024-06-03 20:27:12,United States,,Unknown,6.90875477931522
OrCam,Jerusalem,Healthcare,100.0,2024-06-03,https://www.calcalistech.com/ctechnews/article/skd15oj4a,86.0,Unknown,2024-06-04 03:47:34,Israel,0.5,Unknown,4.61512051684126
Google,SF Bay Area,Consumer,100.0,2024-05-31,https://www.businessinsider.com/google-cloud-layoffs-job-cuts-employees-globally-2024-5,26.0,Post-IPO,2024-06-01 18:35:17,United States,,Unknown,4.61512051684126
Tropic,New York City,Finance,40.0,2024-05-31,https://www.linkedin.com/feed/update/urn:li:activity:7202356908194758657/,67.0,Series B,2024-06-01 18:33:50,United States,,Unknown,3.713572066704308
FlightStats,Portland,Travel,73.0,2024-05-30,https://www.oregonlive.com/silicon-forest/2024/05/flight-tracking-company-cirium-will-lay-off-37-portland-tech-workers.html,3.0,Acquired,2024-05-31 10:51:22,United States,,Unknown,4.30406509320417
ICANN,Los Angeles,Infrastructure,33.0,2024-05-30,https://www.icann.org/en/blogs/details/organizational-changes-to-ensure-icanns-financial-stability-and-sustainability-30-05-2024-en,172.5,Unknown,2024-06-05 18:07:23,United States,0.07,Unknown,3.5263605246161616
Walnut,New York City,Sales,15.0,2024-05-29,https://www.calcalistech.com/ctechnews/article/hj71t1b4r,56.0,Series B,2024-05-31 10:49:24,United States,0.2,Unknown,2.772588722239781
Lucid Motors,SF Bay Area,Transportation,400.0,2024-05-24,https://electrek.co/2024/05/24/lucid-lcid-cuts-us-workforce-by-6-ahead-gravity-ev-launch/,8300.0,Post-IPO,2024-05-24 15:47:21,United States,0.06,Unknown,5.993961427306569
Foursquare,New York City,Marketing,105.0,2024-05-23,https://techcrunch.com/2024/05/23/foursquare-just-laid-off-105-employees/,390.0,late_stage,2024-05-24 15:46:13,United States,0.25,Unknown,4.663439094112067
Guild,Denver,Education,300.0,2024-05-22,https://www.denverpost.com/2024/05/22/education-tech-guild-layoffs/,643.0,Series F,2024-05-23 02:17:46,United States,0.25,Unknown,5.707110264748875
Cue Health,San Diego,Healthcare,180.0,2024-05-22,https://www.fiercebiotech.com/medtech/home-covid-testmaker-cue-health-shut-down-operations-lay-staff-report,899.0,Post-IPO,2024-05-23 04:11:46,United States,1.0,Unknown,5.198497031265826
Toshiba,Tokyo,Manufacturing,4000.0,2024-05-16,https://www.reuters.com/technology/newly-privatised-toshiba-cut-4000-jobs-restructuring-drive-2024-05-16/,172.5,Unknown,2024-05-24 15:48:21,Japan,,Unknown,8.294299608857235
Wefox,Berlin,Finance,60.0,2024-05-16,https://news.sky.com/story/insurance-unicorn-wefox-warns-investors-of-insolvency-risk-13137125,1300.0,Series D,2024-05-17 19:30:39,Germany,,Unknown,4.110873864173311
Replit,SF Bay Area,Product,30.0,2024-05-16,https://www.theinformation.com/briefings/ai-coding-startup-replit-cuts-20-of-staff-shifts-to-enterprise-sales,222.0,Unknown,2024-05-16 18:11:36,United States,0.2,Unknown,3.4339872044851463
Atmosphere,Austin,Other,100.0,2024-05-15,https://www.bizjournals.com/austin/news/2024/05/15/layoffs-streaming-startup-austin-atmosphere.html,214.0,Series D,2024-05-17 00:33:33,United States,,Unknown,4.61512051684126
Singularity 6,Los Angeles,Other,36.0,2024-05-15,https://twitter.com/sweetpotatoes/status/1790866384810811763,49.0,Series B,2024-05-17 00:32:58,United States,,Unknown,3.6109179126442243
Indeed,Austin,HR,1000.0,2024-05-13,https://www.indeed.com/press/releases/a-message-from-our-ceo-chris-hyams-2?co=US,5.0,Acquired,2024-05-13 18:21:23,United States,0.08,https://docs.google.com/spreadsheets/d/11pw38vkuXKudOZs0YiXBFnOS2tQ476pg3FA_qTLLM0k/edit#gid=0,6.90875477931522
Motional,Pittsburgh,Transportation,550.0,2024-05-10,https://techcrunch.com/2024/05/10/motional-cut-about-550-employees-around-40-in-recent-restructuring-sources-say/,172.5,Unknown,2024-05-08 02:20:55,United States,0.4,Unknown,6.311734809152915
Rivian,Los Angeles,Transportation,120.0,2024-05-10,https://www.sfchronicle.com/tech/article/tech-layoffs-google-rivian-19451076.php,10700.0,Post-IPO,2024-05-11 14:40:18,United States,,Unknown,4.795790545596741
Google,SF Bay Area,Consumer,57.0,2024-05-10,https://www.sfchronicle.com/tech/article/tech-layoffs-google-rivian-19451076.php,26.0,Post-IPO,2024-05-11 14:41:00,United States,,Unknown,4.060443010546419
Vacasa,Portland,Travel,800.0,2024-05-09,https://skift.com/2024/05/09/vacasa-told-employees-about-layoffs-restructuring-and-leadership-changes/,834.0,Post-IPO,2024-05-10 02:39:04,United States,0.13,Unknown,6.68586094706836
Sight Diagnostics,Tel Aviv,Healthcare,40.0,2024-05-09,https://www.calcalistech.com/ctechnews/article/rkhuj119gc,124.0,Series D,2024-06-05 23:10:04,Israel,0.3,Unknown,3.713572066704308
PrepLadder,New Delhi,Education,145.0,2024-05-08,https://inc42.com/buzz/unacademys-prepladder-lays-off-145-employees-in-sales-strategy-rejig/,80.0,Acquired,2024-05-09 03:21:27,India,0.25,Unknown,4.983606621708336
Simpl,Bengaluru,Finance,100.0,2024-05-08,https://www.moneycontrol.com/technology/bnpl-startup-simpl-lays-off-at-least-100-employees-as-part-of-cost-cutting-measures-article-12717158.html?classic=true,72.0,Series B,2024-05-08 13:09:38,India,0.15,Unknown,4.61512051684126
Arkane Studios,Austin,Consumer,96.0,2024-05-08,https://www.bizjournals.com/austin/news/2024/05/08/austin-gaming-studio-shuts-down.html,172.5,Unknown,2024-05-10 21:23:00,United States,1.0,Unknown,4.574710978503383
Enovix,SF Bay Area,Energy,170.0,2024-05-06,https://www.theinformation.com/articles/battery-developer-enovix-lays-off-roughly-one-third-of-staff,516.0,Post-IPO,2024-05-07 01:57:35,United States,0.33,Unknown,5.14166355650266
Cue Health,San Diego,Healthcare,230.0,2024-05-03,https://www.beckershospitalreview.com/digital-health/health-tech-company-lays-off-49-of-workforce.html,899.0,Post-IPO,2024-05-04 04:15:27,United States,0.49,Unknown,5.442417710521793
Rivian,Los Angeles,Transportation,150.0,2024-05-03,https://abc7.com/rivian-jobs-irvine-careers-electric-vehicle/14761190/,10700.0,Post-IPO,2024-05-11 14:42:58,United States,,Unknown,5.017279836814924
Luminar,Orlando,Transportation,140.0,2024-05-03,https://techcrunch.com/2024/05/03/luminar-layoffs-reduction-restructuring-lidar/,780.0,Post-IPO,2024-05-04 04:14:06,United States,0.2,Unknown,4.948759890378168
Sprinklr,New York City,Support,116.0,2024-05-03,https://techcrunch.com/2024/05/03/sprinklr-lays-off-more-than-100-employees/,429.0,Post-IPO,2024-05-03 21:11:07,United States,0.03,Unknown,4.762173934797756
Bakkt,Atlanta,Crypto,28.0,2024-05-03,https://seekingalpha.com/news/4099966-crypto-platform-bakkt-to-lay-off-28-employees,932.0,Post-IPO,2024-05-04 04:13:36,United States,,Unknown,3.367295829986474
Peloton,New York City,Fitness,400.0,2024-05-02,https://www.cnbc.com/2024/05/02/peloton-ceo-barry-mccarthy-steps-down-15percent-of-staff-laid-off.html,1900.0,Post-IPO,2024-05-02 15:14:16,United States,0.15,https://peloton.risesmart.com/,5.993961427306569
Cabify,Madrid,Transportation,29.0,2024-05-02,https://www.epe.es/es/activos/20240502/cabify-ejecuta-veintena-despidos-staff-101773083,601.0,Unknown,2024-05-09 03:22:34,Spain,,Unknown,3.4011973816621555
Google,SF Bay Area,Consumer,200.0,2024-05-01,https://www.cnbc.com/2024/05/01/google-cuts-hundreds-of-core-workers-moves-jobs-to-india-mexico.html,26.0,Post-IPO,2024-05-02 15:16:08,United States,,Unknown,5.303304908059076
Assurance,Seattle,Finance,112.0,2024-05-01,https://www.geekwire.com/2024/prudential-to-shut-down-assurance-the-insurance-tech-startup-it-acquired-for-2-35b-in-2019/,80.0,Acquired,2024-05-02 18:28:10,United States,1.0,Unknown,4.727387818712341
Tesla,Austin,Transportation,500.0,2024-04-30,https://www.theverge.com/2024/4/30/24145621/tesla-layoff-supercharger-ev-charging-nacs-elon-musk,20200.0,Post-IPO,2024-05-01 22:16:14,United States,,Unknown,6.2166061010848646
RiseUp,Tel Aviv,Finance,50.0,2024-04-30,https://www.calcalistech.com/ctechnews/article/sjhgncr11c,30.0,Series B,2024-06-05 23:10:45,Israel,0.5,Unknown,3.9318256327243257
Getir,London,Food,3300.0,2024-04-29,https://techcrunch.com/2024/04/29/getir-getout-instant-delivery/,1800.0,Series E,2024-04-29 15:03:04,United Kingdom,,Unknown,8.101980731853192
Ola,Bengaluru,Transportation,180.0,2024-04-29,https://techcrunch.com/2024/04/29/indian-ride-hailing-giant-ola-cuts-180-jobs-in-profitability-push/,5000.0,late_stage,2024-04-30 14:58:53,India,0.1,Unknown,5.198497031265826
HealthifyMe,Bengaluru,Healthcare,150.0,2024-04-27,https://inc42.com/buzz/healthify-fires-150-employees-in-a-restructuring-exercise/,130.0,Series D,2024-04-29 14:58:04,India,0.27,Unknown,5.017279836814924
True Anomaly,Denver,Aerospace,30.0,2024-04-25,https://techcrunch.com/2024/04/25/defense-space-startup-true-anomaly-layoffs-cancels-internship/,158.0,Series B,2024-04-26 15:58:59,United States,0.25,Unknown,3.4339872044851463
Freenome,SF Bay Area,Healthcare,100.0,2024-04-23,https://www.sfchronicle.com/bayarea/article/tech-layoffs-freenome-19421173.php,1400.0,Series E,2024-04-24 15:01:03,United States,0.2,Unknown,4.61512051684126
Heureka Group,Prague,Retail,100.0,2024-04-23,https://cc.cz/heureka-hromadne-propustila-stovku-lidi-jsme-zasazeni-tlakem-na-efektivitu-uvedla/,80.0,Acquired,2024-04-24 15:06:41,Czech Republic,0.16,Unknown,4.61512051684126
OutSystems,Boston,Product,150.0,2024-04-19,https://observador.pt/2024/04/19/unicornio-outsystems-faz-reducao-de-8-no-total-de-trabalhadores/,802.0,late_stage,2024-05-03 17:04:04,United States,0.08,Unknown,5.017279836814924
The Good Glamm Group,New Delhi,Retail,150.0,2024-04-18,https://economictimes.indiatimes.com/tech/technology/content-to-commerce-platform-the-good-glamm-group-lays-off-150-employees/articleshow/109401639.cms,180.0,Unknown,2024-04-18 23:24:51,India,0.15,Unknown,5.017279836814924
Showpad,Ghent,Marketing,50.0,2024-04-18,https://www.tijd.be/ondernemen/technologie/techbedrijf-showpad-slaat-met-nieuwe-ontslagronde-pad-naar-winst-in-we-willen-overnames-doen/10540237.html,159.0,Series D,2024-04-24 15:04:26,Belgium,0.1,Unknown,3.9318256327243257
Stability AI,London,AI,20.0,2024-04-18,https://www.cnbc.com/2024/04/18/ai-startup-stability-lays-off-10percent-of-employees-after-ceo-exit.html,174.0,Unknown,2024-04-18 23:23:28,United Kingdom,,Unknown,3.044522437723423
Take-Two,New York City,Consumer,579.0,2024-04-16,https://www.ign.com/articles/take-two-announces-layoffs-while-canceling-multiple-in-development-projects,4100.0,Post-IPO,2024-04-16 23:37:05,United States,0.05,Unknown,6.363028103540465
Tome,SF Bay Area,AI,12.0,2024-04-16,https://www.semafor.com/article/04/16/2024/ai-startup-tome-lays-off-staff-to-focus-on-revenue,75.0,Series B,2024-04-16 23:36:30,United States,0.25,Unknown,2.5649493574615367
Tesla,Austin,Transportation,14000.0,2024-04-15,https://www.nytimes.com/2024/04/15/business/tesla-layoff-elon-musk.html,20200.0,Post-IPO,2024-04-15 15:16:33,United States,0.1,https://docs.google.com/spreadsheets/d/1UCxvLdJq9jldv_yOQTW-KLrjzp_zoMFrKJs5YIMRxcQ/edit#gid=0,9.546884034617925
Criteo,Paris,Marketing,140.0,2024-04-12,https://www.businessinsider.com/criteo-layoffs-global-staff-job-reductions-2024-4,61.0,Post-IPO,2024-04-12 16:10:20,France,0.04,Unknown,4.948759890378168
Glovo,Barcelona,Food,25.0,2024-04-12,https://beteve.cat/economia/glovo-acomiada-25-treballadors-oficines-barcelona/,1200.0,Acquired,2024-04-12 16:10:48,Spain,,Unknown,3.258096538021482
TikTok,Dublin,Consumer,250.0,2024-04-11,https://www.thejournal.ie/tiktok-to-cut-around-300-jobs-6352003-Apr2024/,80.0,Acquired,2024-04-12 16:14:26,Ireland,,Unknown,5.5254529391317835
Fabric,New York City,Logistics,30.0,2024-04-11,https://www.calcalistech.com/ctechnews/article/hyfcqfhlr,336.0,Series C,2024-04-12 02:01:19,United States,0.15,Unknown,3.4339872044851463
Cornershop,Santiago,Food,200.0,2024-04-10,https://dfmas.df.cl/df-mas/coffee-break/uber-chile-despide-a-200-personas,32.0,Acquired,2024-04-12 16:11:49,Chile,,Unknown,5.303304908059076
Scaler,Bengaluru,Education,150.0,2024-04-10,https://entrackr.com/2024/04/tech-upskilling-startup-scaler-lays-off-150-employees/,55.0,Series B,2024-04-10 21:41:35,India,,Unknown,5.017279836814924
Checkr,SF Bay Area,HR,382.0,2024-04-09,Internal memo,679.0,Series D,2024-04-09 22:28:00,United States,0.32,Unknown,5.948034989180646
Intel,SF Bay Area,Hardware,62.0,2024-04-09,https://www.crn.com/news/components-peripherals/2024/intel-layoffs-impact-62-jobs-at-california-hq,12.0,Post-IPO,2024-04-12 02:03:46,United States,,Unknown,4.143134726391533
Trendsales,Copenhagen,Retail,79.0,2024-04-08,https://aimgroup.com/2024/04/08/vinted-reportedly-lays-off-all-trendsales-employees-after-takeover/,80.0,Acquired,2024-04-10 21:39:34,Denmark,1.0,Unknown,4.382026634673881
Singularity 6,Los Angeles,Other,49.0,2024-04-08,https://www.gamesindustry.biz/singularity-6-reduces-workforce-by-35,49.0,Series B,2024-04-10 21:50:22,United States,0.35,https://docs.google.com/spreadsheets/d/1hSIdc2ABP04wfDION-6mIHvZL1Y2jPG2lg_KePrzhEc/edit#gid=0,3.912023005428146
Bolt.Earth,Bengaluru,Energy,70.0,2024-04-06,https://inc42.com/buzz/bolt-earth-fires-employees-in-another-restructuring-exercise-shuts-two-business-verticals/,24.0,Series B,2024-04-08 22:34:47,India,0.4,Unknown,4.2626798770413155
Apple,SF Bay Area,Hardware,614.0,2024-04-04,https://www.bloomberg.com/news/articles/2024-04-04/apple-cut-at-least-600-workers-when-car-screen-projects-stopped?embedded-checkout=true,1200.0,Post-IPO,2024-04-05 03:04:56,United States,,Unknown,6.421622267806518
Lightspeed Commerce,Montreal,Retail,280.0,2024-04-03,https://www.bnnbloomberg.ca/lightspeed-commerce-cutting-280-jobs-as-it-focuses-on-profitable-growth-1.2054620,1200.0,Post-IPO,2024-04-03 15:00:26,Canada,,Unknown,5.638354669333745
Ghost Autonomy,SF Bay Area,Transportation,100.0,2024-04-03,https://www.sfgate.com/tech/article/ghost-autonomy-shutdown-tech-layoff-19385702.php,247.0,Series E,2024-04-04 16:09:54,United States,1.0,Unknown,4.61512051684126
Vivian Health,SF Bay Area,Healthcare,13.0,2024-04-03,Internal memo,60.0,Acquired,2024-04-10 21:44:44,United States,,https://docs.google.com/spreadsheets/d/1H9FKlAxhkw_Dk1vh-RsknJz8rXTaLDz8-O4YSjXyg9s/edit#gid=765377218,2.6390573296152584
Byju's,Bengaluru,Education,500.0,2024-04-02,https://www.business-standard.com/companies/news/byju-s-lays-off-500-employees-terminates-employment-over-phone-calls-124040201104_1.html,5500.0,Private Equity,2024-04-02 16:45:44,India,0.03,Unknown,6.2166061010848646
Osso VR,SF Bay Area,Healthcare,67.0,2024-04-01,https://www.medtechdive.com/news/osso-vr-lay-off-67-people-san-francisco/711814/,109.0,Series C,2024-04-02 16:50:56,United States,,Unknown,4.219507705176107
Identiq,Tel Aviv,Security,20.0,2024-04-01,https://www.calcalistech.com/ctechnews/article/bjfyzloya,52.0,Series A,2024-04-02 16:48:50,Israel,0.44,Unknown,3.044522437723423
ChowNow,Los Angeles,Food,60.0,2024-03-28,https://techcrunch.com/2024/03/28/chownow-acquires-yc-backed-point-of-sale-platform-cuboh-and-is-laying-off-staff/,64.0,Series C,2024-03-28 18:19:09,United States,0.2,Unknown,4.110873864173311
Synctera,SF Bay Area,Finance,17.0,2024-03-26,https://techcrunch.com/2024/03/26/baas-startup-synctera-layoffs-fintech/,79.0,Series A,2024-03-26 19:26:31,United States,0.15,Unknown,2.8903717578961645
Dell,Austin,Hardware,6000.0,2024-03-25,https://siliconangle.com/2024/03/25/dell-reduces-global-workforce-around-6000-jobs/,426.0,Post-IPO,2024-03-27 15:44:20,United States,0.05,Unknown,8.699681400989514
ShopBack,Singapore,Retail,195.0,2024-03-19,https://www.bloomberg.com/news/articles/2024-03-19/temasek-backed-shopback-cuts-24-of-jobs-in-pay-later-defeat?embedded-checkout=true,355.0,Series F,2024-03-20 01:04:13,Singapore,0.24,Unknown,5.278114659230517
Orbotech,Yavne,Manufacturing,100.0,2024-03-19,https://www.calcalistech.com/ctechnews/article/hy20lqwrt,80.0,Acquired,2024-03-20 01:00:51,Israel,,Unknown,4.61512051684126
Flock Freight,San Diego,Logistics,54.0,2024-03-16,https://www.freightwaves.com/news/flock-reports-layoffs-path-to-profitability,399.0,Series D,2024-03-17 16:39:16,United States,,Unknown,4.007333185232471
Chipper Cash,SF Bay Area,Finance,20.0,2024-03-15,https://www.theinformation.com/briefings/payments-startup-chipper-cuts-jobs-in-seventh-round-of-layoffs,302.0,Series C,2024-03-17 16:38:41,United States,,Unknown,3.044522437723423
Ancestry,Lehi,Consumer,81.0,2024-03-14,https://endpts.com/ancestry-cut-6-of-workforce-as-genealogy-giant-struggles-with-subscription-revenue/,33.0,Post-IPO,2024-04-18 04:54:13,United States,0.06,Unknown,4.406719247264253
Textio,Seattle,Recruiting,14.0,2024-03-14,https://www.geekwire.com/2024/augmented-writing-startup-textio-lays-off-14-employees-or-16-of-staff/,42.0,Unknown,2024-03-15 23:30:56,United States,0.16,Unknown,2.70805020110221
Stash,New York City,Finance,80.0,2024-03-13,https://www.axios.com/pro/fintech-deals/2024/03/13/stash-lays-off-25-percent,480.0,Unknown,2024-03-13 19:24:40,United States,0.25,Unknown,4.394449154672439
Phantom Auto,SF Bay Area,Transportation,100.0,2024-03-12,https://techcrunch.com/2024/03/12/remote-driving-startup-phantom-auto-is-shutting-down/,86.0,Unknown,2024-03-12 23:10:17,United States,1.0,Unknown,4.61512051684126
Deadspin,New York City,Media,11.0,2024-03-11,https://variety.com/2024/digital/news/deadspin-staff-laid-off-site-sold-1235938325/,80.0,Acquired,2024-03-11 23:27:04,United States,1.0,Unknown,2.4849066497880004
Niche,Pittsburgh,Education,24.0,2024-03-08,https://technical.ly/professional-development/niche-layoffs-pittsburgh-edtech/,44.0,Series C,2024-03-11 23:26:09,United States,0.07,Unknown,3.2188758248682006
Turnitin,SF Bay Area,Education,15.0,2024-03-07,https://techcrunch.com/2024/03/07/turnitin-laid-off-staff-earlier-this-year-after-ceo-forecast-ai-would-allow-it-to-cut-headcount/,80.0,Acquired,2024-03-07 21:03:25,United States,0.02,Unknown,2.772588722239781
Sorare,New York City,Crypto,22.0,2024-03-06,https://techcrunch.com/2024/03/06/nft-fantasy-sports-startup-sorare-layoffs-web3-gaming/,739.0,Series B,2024-03-06 19:18:43,United States,0.13,Unknown,3.1354942159291497
MessageBird,Amsterdam,Other,90.0,2024-03-05,https://www.amsterdamai.com/en/nieuws/529e0e27-44d0-0505-2af2-f473d807ab03/Bird-ontslaat-werknemers-wegens-AI-effici%C3%ABntie,1100.0,Series C,2024-03-08 15:44:04,Netherlands,0.2,Unknown,4.51085950651685
Edgio,Phoenix,Infrastructure,80.0,2024-03-04,https://investors.edg.io/node/13996/html,462.0,Post-IPO,2024-03-07 19:16:14,United States,0.1,Unknown,4.394449154672439
Melio,New York City,Finance,40.0,2024-03-04,https://www.calcalistech.com/ctechnews/article/r1sremqtt,504.0,Series D,2024-03-05 02:10:15,United States,0.07,Unknown,3.713572066704308
Our Next Energy,Detroit,Transportation,40.0,2024-03-04,https://www.bloomberg.com/news/articles/2024-03-04/michigan-battery-startup-one-cuts-jobs-as-ceo-seeks-fresh-funds?embedded-checkout=true,390.0,Series B,2024-03-05 02:11:25,United States,0.13,Unknown,3.713572066704308
Project Ronin,SF Bay Area,Healthcare,150.0,2024-03-01,https://www.bloomberg.com/news/articles/2024-03-01/larry-ellison-s-cancer-software-startup-project-ronin-is-closing,172.5,Unknown,2024-03-05 02:12:18,United States,1.0,Unknown,5.017279836814924
Pristyn Care,Gurugram,Healthcare,120.0,2024-03-01,https://entrackr.com/2024/03/pristyn-care-lays-off-around-120-employees-as-it-targets-profitability-and-ipo/,177.0,Series E,2024-03-01 17:09:48,India,0.07,Unknown,4.795790545596741
Gro Intelligence,New York City,Food,90.0,2024-03-01,https://www.wsj.com/business/climate-data-startup-with-all-star-investors-and-roots-in-africa-nearly-collapses-3f675357?mod=e2li,118.0,Series B,2024-03-03 16:15:38,United States,0.6,Unknown,4.51085950651685
Electronic Arts,SF Bay Area,Consumer,670.0,2024-02-28,https://www.cnbc.com/2024/02/28/ea-layoffs-company-to-cut-5percent-of-workforce-or-about-670-employees.html,2.0,Post-IPO,2024-02-29 00:45:00,United States,0.05,Unknown,6.508769136971682
Vacasa,Portland,Travel,320.0,2024-02-28,https://www.oregonlive.com/business/2024/02/portland-based-vacasa-will-lay-off-another-320-new-year-is-off-to-a-difficult-start.html,834.0,Post-IPO,2024-02-29 17:22:37,United States,0.05,Unknown,5.771441123130016
OrCam,Jerusalem,Healthcare,50.0,2024-02-28,https://www.calcalistech.com/ctechnews/article/skd15oj4a,86.0,Unknown,2024-06-04 03:48:43,Israel,0.19,Unknown,3.9318256327243257
Treasury Prime,SF Bay Area,Finance,40.0,2024-02-28,https://www.bankingdive.com/news/treasury-prime-lay-off-40-50-employees-marketing-liaison-direct-fintech-partner-chris-dean/708770/,71.0,Series C,2024-02-29 00:48:03,United States,0.4,Unknown,3.713572066704308
Sony Interactive,SF Bay Area,Consumer,900.0,2024-02-27,https://www.theverge.com/2024/2/27/24084494/sony-playstation-layoffs-2024,1500.0,late_stage,2024-02-27 18:49:42,United States,0.08,Unknown,6.803505257608338
Bumble,Austin,Consumer,350.0,2024-02-27,https://www.cnbc.com/2024/02/27/bumble-layoffs-350-employees-or-about-37percent-of-workforce.html,313.0,Post-IPO,2024-02-27 23:56:12,United States,0.3,Unknown,5.860786223465865
PropertyGuru,Singapore,Real Estate,79.0,2024-02-27,https://www.theedgesingapore.com/news/company-news/propertyguru-cuts-79-jobs-amid-organisational-changes,676.0,Post-IPO,2024-02-27 21:04:06,Singapore,,Unknown,4.382026634673881
Expedia,Seattle,Travel,1500.0,2024-02-26,https://www.geekwire.com/2024/expedia-group-cutbacks-will-impact-1500-roles-this-year-more-than-8-of-workforce/,3300.0,Post-IPO,2024-02-27 05:49:18,United States,0.08,Unknown,7.313886831633462
WayCool,Chennai,Food,70.0,2024-02-26,https://inc42.com/buzz/exclusive-waycool-fires-70-employees-in-second-restructuring-exercise-within-a-year/,363.0,Unknown,2024-02-27 18:55:51,India,,Unknown,4.2626798770413155
Redesign Health,New York City,Healthcare,77.0,2024-02-23,https://www.crainsnewyork.com/health-pulse/union-square-based-redesign-health-cuts-staff-slows-startup-creation,315.0,Series C,2024-02-24 01:34:17,United States,,Unknown,4.356708826689592
Carbon Health,SF Bay Area,Healthcare,56.0,2024-02-23,https://www.sfchronicle.com/bayarea/article/bay-area-layoffs-carbon-health-18684600.php,522.0,Series D,2024-02-24 01:33:51,United States,,Unknown,4.04305126783455
Affirm,Pittsburgh,Finance,60.0,2024-02-21,https://bnnbreaking.com/finance-nav/affirms-pittsburgh-layoffs-a-tale-of-corporate-strategy-and-employee-impact,1500.0,Post-IPO,2024-02-22 05:51:24,United States,,Unknown,4.110873864173311
Finder,Sydney,Retail,60.0,2024-02-21,https://www.startupdaily.net/topic/business/finder-cuts-staffing-for-the-3rd-time-in-a-year-shedding-60-jobs/,30.0,Unknown,2024-02-22 05:50:06,Australia,0.17,Unknown,4.110873864173311
Aptiv,Krakow,Transportation,250.0,2024-02-20,"https://wyborcza.biz/biznes/7,159911,30719165,w-pol-godziny-zwolnili-250-osob-dostal-godzine-na-spakowanie.html?disableRedirects=true",8.0,Post-IPO,2024-02-21 04:22:36,Poland,,Unknown,5.5254529391317835
Tails.com,London,Retail,55.0,2024-02-20,https://www.businessinsider.com/tails-com-is-laying-off-25-percent-of-staffers-2024-2,5.0,Series A,2024-02-21 04:25:14,United Kingdom,0.25,Unknown,4.02535169073515
Farfetch,London,Retail,2000.0,2024-02-16,https://www.drapersonline.com/news/farfetch-to-cut-up-to-30-jobs,1700.0,Acquired,2024-02-16 18:39:00,United Kingdom,0.25,Unknown,7.601402334583733
Voi,Stockholm,Transportation,120.0,2024-02-16,https://sifted.eu/articles/voi-layoffs-news,515.0,Series D,2024-02-20 02:39:51,United States,0.12,Unknown,4.795790545596741
Toast,Boston,Food,550.0,2024-02-15,https://www.bloomberg.com/news/articles/2024-02-15/toast-layoffs-to-impact-hundreds-at-restaurant-tech-company?embedded-checkout=true,962.0,Post-IPO,2024-02-15 16:48:04,United States,0.1,https://docs.google.com/spreadsheets/d/1CLR2OGQw22tw8ZxQtfsOEBJgBHfyWJjCAiSIQ2lFy8s/edit#gid=238756284,6.311734809152915
Sonder,SF Bay Area,Travel,106.0,2024-02-15,https://www.sec.gov/ixviewer/ix.html?doc=/Archives/edgar/data/1819395/000181939524000007/son-20240215.htm,839.0,Post-IPO,2024-02-21 05:22:49,United States,0.17,Unknown,4.672828834461906
Storytel,Stockholm,Consumer,80.0,2024-02-15,https://investors.storytel.com/en/wp-content/uploads/sites/2/2024/02/presentation-q4-report-2023.pdf,312.0,Post-IPO,2024-02-16 18:37:24,Sweden,0.13,Unknown,4.394449154672439
Gro Intelligence,New York City,Food,20.0,2024-02-15,https://agfundernews.com/ai-powered-ag-insights-platform-gro-intelligence-lays-off-10-of-its-staff,118.0,Series B,2024-02-16 18:35:19,United States,0.1,Unknown,3.044522437723423
Cisco,SF Bay Area,Infrastructure,4250.0,2024-02-14,https://www.cnbc.com/2024/02/14/cisco-cutting-5percent-of-global-workforce-in-restructuring-move.html,2.0,Post-IPO,2024-02-14 22:20:55,United States,0.05,Unknown,8.35490952835879
Wint Wealth,Nashik,Finance,19.0,2024-02-14,https://inc42.com/buzz/exclusive-wint-wealth-fires-20-of-its-workforce-in-a-restructuring-exercise/,16.0,Series A,2024-02-15 16:45:26,India,0.2,Unknown,2.995732273553991
Instacart,SF Bay Area,Food,250.0,2024-02-13,https://www.cnbc.com/2024/02/13/instacart-layoffs-company-to-cut-250-employees-or-about-7percent.html,2900.0,Post-IPO,2024-02-13 21:17:45,United States,0.07,Unknown,5.5254529391317835
Redesign Health,New York City,Healthcare,77.0,2024-02-13,https://www.fiercehealthcare.com/health-tech/redesign-health-reduces-workforce-it-slows-down-pace-new-company-launches-2024,315.0,Unknown,2024-02-14 16:12:55,United States,,Unknown,4.356708826689592
Mozilla,SF Bay Area,Consumer,60.0,2024-02-13,https://www.bloomberg.com/news/articles/2024-02-13/firefox-maker-mozilla-is-cutting-60-jobs-after-naming-new-ceo,2.3,Unknown,2024-02-13 21:19:22,United States,0.05,https://docs.google.com/spreadsheets/d/14KNRPeFfQy5sWUictqvG9_ScP8Oaep-qdAVBJWJEL0A/edit#gid=0,4.110873864173311
Impinj,Seattle,Other,50.0,2024-02-13,https://www.bizjournals.com/seattle/news/2024/02/12/impinj-layoffs-seattle-internet-of-things.html,137.0,Post-IPO,2024-03-14 15:44:27,United States,0.1,Unknown,3.9318256327243257
Riskified,New York City,Retail,40.0,2024-02-13,https://en.globes.co.il/en/article-israeli-fintech-co-riskified-lays-off-6-of-workforce-1001471055,229.0,Post-IPO,2024-02-14 16:06:51,United States,0.06,Unknown,3.713572066704308
SiriusXM,New York City,Media,160.0,2024-02-12,https://variety.com/2024/digital/news/siriusxm-layoffs-160-employees-1235908020/,525.0,Post-IPO,2024-03-17 16:28:08,United States,0.03,Unknown,5.081404364984463
Licious,Bengaluru,Food,80.0,2024-02-09,https://www.livemint.com/companies/licious-lays-off-80-employees-with-eye-on-growth-11707473279919.html,490.0,Series F,2024-02-09 16:45:34,India,0.03,Unknown,4.394449154672439
BlissClub,Bengaluru,Retail,21.0,2024-02-09,https://inc42.com/buzz/exclusive-d2c-startup-blissclub-fires-about-18-workforce-to-cut-costs/,20.0,Series A,2024-02-10 00:37:27,India,0.18,Unknown,3.091042453358316
Pure Storage,SF Bay Area,Data,275.0,2024-02-08,https://blocksandfiles.com/2024/02/08/pure-storage-lays-off-staff-again/,529.0,Post-IPO,2024-02-08 22:11:27,United States,,Unknown,5.62040086571715
Otovo,Oslo,Energy,65.0,2024-02-08,https://www.mynewsdesk.com/otovo/pressreleases/otovo-q4-2023-cost-cuts-and-efficiency-program-executed-ready-for-2024-3302572,247.0,Post-IPO,2024-02-20 02:34:33,Norway,0.15,Unknown,4.189654742026425
Grammarly,SF Bay Area,Consumer,230.0,2024-02-07,https://elbuz.com/en/grammarly-skorochue-230-chleniv-komandi-37-z-yakikh-v-ukraini,400.0,Unknown,2024-02-07 17:14:35,United States,,Unknown,5.442417710521793
Fireblocks,New York City,Crypto,20.0,2024-02-07,https://www.calcalistech.com/ctechnews/article/rjkvszzit,1000.0,Series E,2024-02-07 23:54:30,United States,0.03,Unknown,3.044522437723423
DocuSign,SF Bay Area,Sales,440.0,2024-02-06,https://www.cnbc.com/2024/02/06/docusign-to-lay-off-6percent-of-workforce-or-about-440-jobs.html,536.0,Post-IPO,2024-02-06 17:02:13,United States,0.06,Unknown,6.089044875446846
Amazon,Seattle,Retail,400.0,2024-02-06,https://www.businessinsider.com/amazon-one-medical-pharmacy-layoffs-broader-cost-cutting-campaign-2024-2,108.0,Post-IPO,2024-02-07 16:57:52,United States,,Unknown,5.993961427306569
Snap,Los Angeles,Consumer,500.0,2024-02-05,https://www.cnbc.com/2024/02/05/snap-to-lay-off-10percent-of-global-workforce-around-500-employees.html,4900.0,Post-IPO,2024-02-05 15:04:51,United States,0.1,Unknown,6.2166061010848646
Drizly,Boston,Retail,168.0,2024-02-05,https://www.boston.com/news/business/2024/02/05/uber-drizly-to-lay-off-168-boston-workers/,119.0,Acquired,2024-02-06 04:36:32,United States,1.0,Unknown,5.1298987149230735
BillGO,Fort Collins,Finance,80.0,2024-02-05,https://www.coloradoan.com/story/money/business/2024/02/05/billgo-announces-80-layoffs-at-fort-collins-office/72484159007/,119.0,Series B,2024-02-06 04:22:45,United States,,Unknown,4.394449154672439
Impact.com,Los Angeles,Sales,40.0,2024-02-05,https://www.adnews.com.au/news/impact-com-cuts-staff-in-global-cost-cutting,361.0,Private Equity,2024-02-06 17:03:56,United States,0.03,Unknown,3.713572066704308
Cue Health,San Diego,Healthcare,245.0,2024-02-02,https://www.sandiegouniontribune.com/business/story/2024-02-02/cue-health-lays-off-more-than-30-percent-of-its-global-workforce,899.0,Post-IPO,2024-02-05 05:01:23,United States,0.3,Unknown,5.5053315359323625
Top Hat,Toronto,Education,35.0,2024-02-02,https://betakit.com/toronto-software-companies-top-hat-loopio-wattpad-make-layoffs/,234.0,Series E,2024-02-02 16:32:39,Canada,0.07,Unknown,3.58351893845611
Okta,SF Bay Area,Security,400.0,2024-02-01,https://www.cnbc.com/2024/02/01/okta-to-lay-off-7percent-of-staff-about-400-employees.html,1200.0,Post-IPO,2024-02-01 17:03:13,United States,0.07,https://airtable.com/appilBn4aOZswmTN1/shrCxmCQiiReYuP8G,5.993961427306569
Zoom,SF Bay Area,Other,150.0,2024-02-01,https://www.cnbc.com/2024/02/01/zoom-layoffs-company-cuts-150-employees-2percent-of-workforce.html,276.0,Post-IPO,2024-02-01 18:25:36,United States,0.02,Unknown,5.017279836814924
Illumina,San Diego,Healthcare,111.0,2024-02-01,https://www.sandiegouniontribune.com/business/story/2024-02-01/illumina-lays-off-11,28.0,Post-IPO,2024-02-03 01:51:41,United States,,Unknown,4.718498871295094
Polygon,Cayman Islands,Crypto,60.0,2024-02-01,https://forum.polygon.technology/t/an-update-on-polygon-labs-polygon-ventures-and-polygon-id/13507,451.0,Unknown,2024-02-01 17:14:49,Cayman Islands,0.19,Unknown,4.110873864173311
Proofpoint,SF Bay Area,Security,280.0,2024-01-31,https://www.calcalistech.com/ctechnews/article/hjaniiwc6,885.0,Acquired,2024-01-31 17:02:14,United States,0.06,Unknown,5.638354669333745
Trove Recommerce,SF Bay Area,Retail,130.0,2024-01-31,https://www.bizjournals.com/sanfrancisco/news/2024/01/31/trove-apparel-resale-tech-layoff-brisbane.html,152.0,Series E,2024-02-02 00:09:50,United States,,Unknown,4.875197323201151
CircleCI,SF Bay Area,Product,100.0,2024-01-31,Internal memo,315.0,Series F,2024-02-01 17:19:02,United States,,Unknown,4.61512051684126
Thinx,New York City,Retail,95.0,2024-01-31,https://www.modernretail.co/operations/thinx-to-layoff-95-workers-per-new-york-state-labor-filing/,26.0,Acquired,2024-01-31 17:03:43,United States,,Unknown,4.564348191467836
Innoviz,Tel Aviv,Transportation,60.0,2024-01-31,https://www.calcalistech.com/ctechnews/article/hjs6xbucp,547.0,Post-IPO,2024-02-01 17:11:16,Israel,0.13,Unknown,4.110873864173311
PayPal,SF Bay Area,Finance,2500.0,2024-01-30,https://www.bloomberg.com/news/articles/2024-01-30/paypal-to-cut-around-2-500-jobs-as-rivals-snag-market-share,216.0,Post-IPO,2024-01-30 19:28:43,United States,0.09,Unknown,7.824445930877619
Block,SF Bay Area,Finance,1000.0,2024-01-30,https://www.businessinsider.com/block-layoffs-jack-dorsey-tech-industry-cuts-2024-1,150.0,Post-IPO,2024-01-30 19:09:30,United States,0.1,https://docs.google.com/spreadsheets/d/1z87eN8hKqfINawqSEswcOTkrPTBVHvYaSUlwmR9uCoc/edit#gid=705603816,6.90875477931522
Kiwi.com,Brno,Travel,216.0,2024-01-30,https://cc.cz/vyhledavac-letenek-kiwi-com-hromadne-propousti-nejtezsi-rozhodnuti-v-zivote-rika-dlouhy/,107.0,Unknown,2024-01-30 16:43:30,Czech Republic,0.18,Unknown,5.37989735354046
Aurora Solar,SF Bay Area,Energy,111.0,2024-01-30,https://techcrunch.com/2024/01/30/aurora-solar-layoffs/,523.0,Series D,2024-01-30 17:59:22,United States,0.2,Unknown,4.718498871295094
Wattpad,Toronto,Media,20.0,2024-01-30,https://techcrunch.com/2024/01/30/wattpad-a-storytelling-platform-conducts-another-layoff-round/,117.0,Acquired,2024-01-31 19:19:04,Canada,0.1,Unknown,3.044522437723423
TechCrunch,SF Bay Area,Media,7.0,2024-01-30,https://www.adweek.com/media/techcrunch-shutters-subscription-layoffs/,80.0,Acquired,2024-01-31 03:46:59,United States,,Unknown,2.0794415416798357
iRobot,Boston,Consumer,350.0,2024-01-29,https://www.cnbc.com/2024/01/29/amazon-terminates-irobot-deal-vacuum-maker-to-lay-off-31percent-of-staff.html,30.0,Post-IPO,2024-01-29 16:47:29,United States,0.31,Unknown,5.860786223465865
DispatchHealth,Denver,Healthcare,88.0,2024-01-29,https://homehealthcarenews.com/2024/01/layoffs-hit-at-home-care-innovator-dispatchhealth/,733.0,Series E,2024-01-30 05:10:20,United States,,Unknown,4.48863636973214
Salesforce,SF Bay Area,Sales,700.0,2024-01-26,https://www.wsj.com/economy/jobs/salesforce-laying-off-700-workers-in-latest-tech-industry-downsizing-6a082fa3,65.0,Post-IPO,2024-01-26 14:26:09,United States,0.01,Unknown,6.55250788703459
Microsoft,Seattle,Other,1900.0,2024-01-25,https://www.theverge.com/2024/1/25/24049050/microsoft-activision-blizzard-layoffs,1.0,Post-IPO,2024-01-25 14:42:40,United States,,Unknown,7.550135342488429
Swiggy,Bengaluru,Food,400.0,2024-01-25,https://techcrunch.com/2024/01/25/swiggy-to-cut-another-400-jobs-ahead-of-ipo-later-this-year/,3600.0,Unknown,2024-01-25 14:45:14,India,0.07,Unknown,5.993961427306569
Veho,Boulder,Logistics,65.0,2024-01-25,https://techcrunch.com/2024/01/25/delivery-startup-veho-makes-corporate-job-cuts/,299.0,Series B,2024-01-26 19:50:26,United States,0.19,Unknown,4.189654742026425
Amperity,Seattle,Marketing,20.0,2024-01-25,https://www.bizjournals.com/seattle/news/2024/01/25/amperity-layoffs-restructuring-seattle.html,187.0,Series D,2024-01-27 14:08:57,United States,,Unknown,3.044522437723423
MVPindex,Austin,Marketing,12.0,2024-01-25,https://www.sportsbusinessjournal.com/Articles/2024/01/25/mvpindex-cuts,27.0,Series B,2024-02-16 18:36:08,United States,0.3,Unknown,2.5649493574615367
Cult.fit,Bengaluru,Fitness,100.0,2024-01-24,https://economictimes.indiatimes.com/tech/startups/zomato-backed-fitness-startup-cult-fit-lays-off-over-100-employees/articleshow/107089694.cms?from=mdr,635.0,Series F,2024-04-12 02:09:31,India,,Unknown,4.61512051684126
Personio,Munich,HR,100.0,2024-01-24,Internal memo,724.0,Series E,2024-01-25 18:46:19,Germany,,Unknown,4.61512051684126
Storytel,Stockholm,Media,80.0,2024-01-24,https://investors.storytel.com/en/storytel-sharpens-focus-on-profitability-on-the-back-of-strong-q4-2023-earnings-and-upgrades-mid-term-financial-targets-announces-efficiency-initiative-and-write-downs/,275.0,Post-IPO,2024-01-24 16:31:34,Sweden,0.13,Unknown,4.394449154672439
SAP,Walldorf,Other,8000.0,2024-01-23,https://www.cnbc.com/2024/01/23/sap-plans-job-changes-or-buyouts-for-8000-employees-in-restructuring-plan.html,1300.0,Post-IPO,2024-01-24 16:25:15,Germany,0.07,Unknown,8.987321812850125
eBay,SF Bay Area,Retail,1000.0,2024-01-23,https://www.cnbc.com/2024/01/23/ebay-to-slash-about-1000-roles-or-approximately-9percent-of-full-time-employees.html,1200.0,Post-IPO,2024-01-24 00:28:19,United States,0.09,Unknown,6.90875477931522
Vroom,New York City,Transportation,800.0,2024-01-23,https://www.calcalistech.com/ctechnews/article/bktdjgakt,1300.0,Post-IPO,2024-01-23 16:13:40,United States,0.9,Unknown,6.68586094706836
Brex,SF Bay Area,Finance,282.0,2024-01-23,https://techcrunch.com/2024/01/23/brex-layoffs-fintech/,1500.0,Series D,2024-01-23 18:26:06,United States,0.2,https://docs.google.com/spreadsheets/d/1Cug7e_qEx3MvyPReSzHeXpBu1_Aae6kCT_pYfdzIC0k/edit?usp=sharing,5.645446897643238
Cure.fit,Bengaluru,Fitness,120.0,2024-01-23,https://www.moneycontrol.com/europe/?url=https://www.moneycontrol.com/news/technology/zomato-backed-cult-fit-fires-150-employees-to-lower-cash-burn-12110751.html,625.0,Series F,2024-01-23 19:46:53,India,,Unknown,4.795790545596741
GoStudent,Vienna,Education,100.0,2024-01-23,https://www.businessinsider.com/gostudent-softbank-backed-edtech-unicorn-carries-out-more-layoffs-2024-1,686.0,Series D,2024-01-24 19:30:43,Austria,,Unknown,4.61512051684126
GoTo,Boston,Other,29.0,2024-01-23,https://www.bizjournals.com/boston/news/2024/01/23/goto-cuts-29-roles-in-massachusetts.html,2.0,Acquired,2024-01-26 14:16:37,United States,,Unknown,3.4011973816621555
Seedr,London,Finance,15.0,2024-01-23,https://sifted.eu/articles/seedrs-lays-off-15-of-its-european-workforce-news,28.0,Acquired,2024-01-23 23:37:26,United Kingdom,,Unknown,2.772588722239781
Riot Games,Los Angeles,Consumer,530.0,2024-01-22,https://www.bloomberg.com/news/articles/2024-01-22/tencent-s-riot-games-to-lay-off-530-people-about-11-of-staff,21.0,Acquired,2024-01-22 23:43:34,United States,0.11,Unknown,6.274762021241939
Xendit,Jakarta,Finance,200.0,2024-01-22,https://www.techinasia.com/indonesian-unicorn-slashes-200-jobs,534.0,Series D,2024-02-02 16:24:06,Indonesia,,Unknown,5.303304908059076
TikTok,Los Angeles,Consumer,60.0,2024-01-22,https://www.npr.org/2024/01/22/1226127366/tiktok-cuts-jobs-tech-layoffs-china,80.0,Acquired,2024-01-23 16:15:59,United States,,Unknown,4.110873864173311
SolarEdge,Tel Aviv,Energy,900.0,2024-01-21,https://www.calcalistech.com/ctechnews/article/rk4xlfcya,155.0,Post-IPO,2024-01-22 04:25:12,Israel,0.16,Unknown,6.803505257608338
Wayfair,Boston,Retail,1650.0,2024-01-19,https://www.cnbc.com/2024/01/19/wayfair-layoffs-home-goods-retailer-to-cut-1650-employees.html,1700.0,Post-IPO,2024-01-19 17:28:51,United States,0.13,Unknown,7.409136443920128
Amazon,Seattle,Retail,30.0,2024-01-18,https://www.cnbc.com/2024/01/18/-amazon-layoffs-hit-its-buy-with-prime-unit.html,108.0,Post-IPO,2024-01-19 21:13:55,United States,,Unknown,3.4339872044851463
YouTube,SF Bay Area,Media,100.0,2024-01-17,https://techcrunch.com/2024/01/17/youtube-to-eliminate-100-employees-as-layoffs-at-google-continue/,11.0,Acquired,2024-01-17 20:46:03,United States,,Unknown,4.61512051684126
Sirplus,Berlin,Food,60.0,2024-01-17,https://tech.eu/2024/01/19/food-waste-startup-sirplus-files-for-insolvency-due-to/,4.0,Seed,2024-01-18 01:17:40,Germany,,Unknown,4.110873864173311
SonderMind,Denver,Healthcare,49.0,2024-01-16,https://endpts.com/mental-health-tech-unicorn-sondermind-lays-off-17-of-its-employees/,183.0,Series C,2024-01-18 01:35:58,United States,0.17,Unknown,3.912023005428146
First Mode,Seattle,Transportation,48.0,2024-01-16,https://www.geekwire.com/2024/first-mode-reduces-workforce-revises-hybrid-trucks/,9.0,Acquired,2024-01-18 01:27:06,United States,0.2,Unknown,3.8918202981106265
Veeam,Columbus,Data,300.0,2024-01-12,https://blocksandfiles.com/2024/01/12/veeam-layoffs/,500.0,Acquired,2024-01-13 16:03:40,United States,,Unknown,5.707110264748875
GrabCAD,Tallinn,Other,13.0,2024-01-12,https://digipro.geenius.ee/rubriik/uudis/eesti-juurtega-grabcad-paneb-tallinnas-pillid-kotti-siinsed-palgad-kasvavad-liiga-kiiresti/,28.0,Acquired,2024-01-12 15:42:30,Estonia,,Unknown,2.6390573296152584
New Work SE,Hamburg,Consumer,400.0,2024-01-11,https://www.new-work.se/de/newsroom/pressemitteilungen/2024-ad-hoc-2024-11-01,426.0,Post-IPO,2024-01-12 04:34:53,Germany,,Unknown,5.993961427306569
Playtika,Tel Aviv,Consumer,300.0,2024-01-11,https://www.calcalistech.com/ctechnews/article/skb6elt006,426.0,Post-IPO,2024-01-12 04:36:57,Israel,0.1,Unknown,5.707110264748875
Discord,SF Bay Area,Consumer,170.0,2024-01-11,https://www.theverge.com/2024/1/11/24034705/discord-layoffs-17-percent-employees,995.0,late_stage,2024-01-11 19:12:13,United States,0.17,Unknown,5.14166355650266
Inmobi,Bengaluru,Marketing,125.0,2024-01-11,https://economictimes.indiatimes.com/tech/technology/inmobi-to-lay-off-125-employees-in-operations-rejig/articleshow/106706950.cms,320.0,Unknown,2024-01-12 04:40:15,India,0.05,Unknown,4.836281906951478
Audible,New York City,Media,100.0,2024-01-11,https://variety.com/2024/digital/news/audible-layoffs-amazon-1235869320/,14.0,Acquired,2024-01-12 04:30:23,United States,0.05,Unknown,4.61512051684126
7Shifts,Saskatoon,Food,68.0,2024-01-11,https://betakit.com/7shifts-cuts-19-percent-of-staff-in-new-layoffs-to-start-2024/,131.0,Series C,2024-01-18 01:28:17,Canada,0.19,https://docs.google.com/spreadsheets/d/1Fc41RiVNaveHpTSCHo4x7kwq2Qtaxsrrns2QVfS_854/edit#gid=0,4.23410650459726
Sisense,New York City,Data,60.0,2024-01-11,https://www.calcalistech.com/ctechnews/article/ryujxxtoa,274.0,Series F,2024-01-12 04:37:58,United States,0.13,Unknown,4.110873864173311
Cloudflare,SF Bay Area,Security,40.0,2024-01-11,https://twitter.com/eastdakota/status/1745697840180191501,332.0,Post-IPO,2024-02-02 16:27:15,United States,,Unknown,3.713572066704308
Citrix,Miami,Infrastructure,1000.0,2024-01-10,https://www.crn.com/news/cloud/2024/citrix-parent-cloud-software-group-cuts-12-percent-of-workforce,20.0,Acquired,2024-01-11 00:52:14,United States,0.12,Unknown,6.90875477931522
Google,SF Bay Area,Consumer,1000.0,2024-01-10,https://www.theverge.com/2024/1/11/24034124/google-layoffs-engineering-assistant-hardware,26.0,Post-IPO,2024-01-11 14:42:18,United States,,Unknown,6.90875477931522
IAC,New York City,Consumer,330.0,2024-01-10,https://www.bloomberg.com/news/articles/2024-01-10/iac-divests-mosaic-apps-to-bending-spoons-in-deal-valued-at-100-million-plus?embedded-checkout=true,426.0,Post-IPO,2024-01-13 16:02:16,United States,,Unknown,5.802118375377063
FreshDirect,New York City,Food,100.0,2024-01-10,https://www.grocerydive.com/news/freshdirect-restructures-corporate-division-cuts-jobs/704251/,280.0,Acquired,2024-01-30 05:04:08,United States,0.03,Unknown,4.61512051684126
Beam Benefits,Columbus,Healthcare,74.0,2024-01-10,https://coverager.com/layoffs-at-beam-benefits/,168.0,Series E,2024-01-10 21:52:01,United States,,https://docs.google.com/spreadsheets/d/1XwqDLKRr_P59Q4btmw5lBsyJrjQ6-WsUnClQqm9VqbU/edit#gid=83383103,4.31748811353631
Instagram,SF Bay Area,Consumer,60.0,2024-01-10,https://www.businessinsider.com/instagram-cuts-technical-program-managers-reinterview-for-pm-roles-2024-1,57.0,Acquired,2024-01-12 01:56:23,United States,,Unknown,4.110873864173311
Twitch,SF Bay Area,Consumer,500.0,2024-01-09,https://www.bloomberg.com/news/articles/2024-01-09/amazon-s-twitch-to-cut-500-employees-about-35-of-staff,35.0,Acquired,2024-01-09 23:31:25,United States,0.35,Unknown,6.2166061010848646
Branch,Columbus,Finance,85.0,2024-01-09,https://coverager.com/insurtech-branch-conducts-another-round-of-layoffs/,229.0,Series C,2024-01-10 21:48:11,United States,,Unknown,4.454347296253507
Nevro,SF Bay Area,Healthcare,63.0,2024-01-09,https://www.marketwatch.com/story/nevro-laying-off-63-employees-revenue-to-beat-analyst-estimates-107a85d7,556.0,Post-IPO,2024-01-10 21:44:24,United States,0.05,Unknown,4.1588830833596715
FullStory,Atlanta,Marketing,50.0,2024-01-09,https://docs.google.com/spreadsheets/d/e/2PACX-1vQImogyZzjfY7JuSDHLwScTdPsG2S_y6S6qKnfbroU-tglTZUO81W7R4B5U_-qghCLeZ9v3LpaaTxbU/pubhtml,197.0,Unknown,2024-01-24 16:36:20,United States,0.1,https://docs.google.com/spreadsheets/d/e/2PACX-1vQImogyZzjfY7JuSDHLwScTdPsG2S_y6S6qKnfbroU-tglTZUO81W7R4B5U_-qghCLeZ9v3LpaaTxbU/pubhtml,3.9318256327243257
Uber Freight,SF Bay Area,Logistics,40.0,2024-01-09,https://www.freightwaves.com/news/digital-brokerage-uber-freight-slashes-jobs,2700.0,late_stage,2024-01-11 19:13:52,United States,,Unknown,3.713572066704308
Rent the Runway,New York City,Retail,37.0,2024-01-09,https://www.wsj.com/business/retail/rent-the-runway-to-cut-about-10-of-corporate-jobs-lose-operating-chief-f7bc74b3,526.0,Post-IPO,2024-01-09 16:56:52,United States,0.1,Unknown,3.6375861597263857
Treasure Financial,SF Bay Area,Finance,14.0,2024-01-09,https://techcrunch.com/2024/01/09/treasure-financial-lays-off-staff-just-months-after-reporting-explosive-growth/,14.0,Series A,2024-01-30 04:57:00,United States,0.6,Unknown,2.70805020110221
Humane,SF Bay Area,Hardware,10.0,2024-01-09,https://www.theverge.com/2024/1/9/24032274/humane-layoffs-ai-pin,230.0,Series C,2024-01-10 21:53:30,United States,0.04,Unknown,2.3978952727983707
Unity,SF Bay Area,Other,1800.0,2024-01-08,https://www.reuters.com/technology/unity-software-cutting-25-staff-company-reset-continuation-2024-01-08/,1300.0,Post-IPO,2024-01-08 23:23:07,United States,0.25,Unknown,7.496097345175956
Flipkart,Bengaluru,Retail,1100.0,2024-01-08,https://www.republicworld.com/business/industry/flipkart-reportedly-to-lay-off-over-1000-employees/,12900.0,Acquired,2024-01-13 16:13:29,India,0.05,Unknown,7.00397413672268
NuScale Power,Corvallis,Energy,154.0,2024-01-08,https://www.oregonlive.com/business/2024/01/oregon-nuclear-power-company-nuscale-acknowledges-layoffs-says-154-workers-lost-their-jobs.html,470.0,Post-IPO,2024-01-07 04:53:10,United States,0.28,Unknown,5.043425116919247
Flexe,Seattle,Logistics,99.0,2024-01-08,https://www.geekwire.com/2024/warehousing-and-logistics-startup-flexe-cuts-38-of-workforce-in-latest-layoffs/,263.0,Series D,2024-01-08 23:25:38,United States,0.38,Unknown,4.605170185988092
Pitch,Berlin,Other,80.0,2024-01-08,https://techcrunch.com/2024/01/08/pitch-christian-reber-venture-funding/,138.0,Series B,2024-01-08 17:29:50,Germany,0.67,https://docs.google.com/spreadsheets/d/1saSJJFSHqC4Oy1WGk1CGbE1orciuw2_n21SjM1791fU/edit#gid=1721082052,4.394449154672439
BenchSci,Toronto,Healthcare,70.0,2024-01-08,https://betakit.com/benchsci-trims-headcount-citing-generative-ai-economic-conditions/,164.0,Series D,2024-01-08 23:26:19,Canada,0.17,Unknown,4.2626798770413155
NanoString Technologies,Seattle,Healthcare,50.0,2024-01-06,https://www.geekwire.com/2024/nanostring-technologies-to-cut-9-of-workforce-gets-delisting-warning-from-nasdaq/,826.0,Post-IPO,2024-01-09 23:43:16,United States,0.09,Unknown,3.9318256327243257
Cue Health,San Diego,Healthcare,94.0,2024-01-05,https://www.360dx.com/business-news/cue-health-lays-94-people-fda-declines-grant-covidflu-test-eua,899.0,Post-IPO,2024-01-07 04:52:09,United States,0.13,Unknown,4.553876891600541
Trigo,Tel Aviv,Retail,30.0,2024-01-04,https://www.calcalistech.com/ctechnews/article/b1pfj7nu6,199.0,Series C,2024-01-05 00:29:13,Israel,0.15,Unknown,3.4339872044851463
Xerox,Norwalk,Hardware,3000.0,2024-01-03,https://www.cnbc.com/2024/01/03/xerox-layoffs-company-to-cut-15percent-of-workforce.html,27200.0,Post-IPO,2024-02-29 23:49:48,United States,0.15,Unknown,8.006700845440367
Lazada Group ,Singapore,Retail,100.0,2024-01-03,https://www.channelnewsasia.com/singapore/lazada-layoffs-retrenchment-job-cuts-employees-4024746,7200.0,Acquired,2024-01-05 01:21:19,Singapore,0.3,https://docs.google.com/spreadsheets/d/1qFkx3AL4IpRjokfRhjXPmjreygZGvd_1_2A7HVH0ctE/htmlview#gid=0,4.61512051684126
Orca Security,Tel Aviv,Security,60.0,2024-01-03,https://www.calcalistech.com/ctechnews/article/skm23oz00t,632.0,Series C,2024-01-03 23:04:50,Israel,0.15,Unknown,4.110873864173311
Frontdesk,Milwaukee,Travel,200.0,2024-01-02,https://techcrunch.com/2024/01/02/short-term-rental-provider-frontdesk-lays-off-entire-staff-on-the-verge-of-shutting-down/,26.0,Unknown,2024-01-03 02:38:00,United States,1.0,Unknown,5.303304908059076
The Messenger,New York City,Media,24.0,2024-01-02,https://www.nytimes.com/2024/01/02/business/media/the-messenger-news-layoffs.html,172.5,Unknown,2024-01-03 02:39:14,United States,,Unknown,3.2188758248682006
Paytm,Noida,Finance,1000.0,2023-12-25,https://timesofindia.indiatimes.com/business/india-business/paytm-announces-layoffs-aims-to-streamline-operations-and-reduce-costs/articleshow/106260763.cms?from=mdr,172.5,Unknown,2023-12-26 00:12:53,India,,Unknown,6.90875477931522
Intel,Sacramento,Hardware,311.0,2023-12-21,https://www.theregister.com/2023/12/21/intel_gifts_311_cali_workers/,12.0,Post-IPO,2023-12-19 17:16:36,United States,,Unknown,5.7430031878094825
ShareChat,Bengaluru,Consumer,200.0,2023-12-20,https://entrackr.com/2023/12/sharechat-lays-off-15-of-its-workforce/,1700.0,late_stage,2023-12-20 21:30:23,India,0.15,Unknown,5.303304908059076
InSightec,Haifa,Healthcare,100.0,2023-12-19,https://www.calcalistech.com/ctechnews/article/bkmqvekv6,733.0,Unknown,2023-12-20 21:39:04,United States,0.2,Unknown,4.61512051684126
Enphase Energy,SF Bay Area,Energy,350.0,2023-12-18,https://enphase.com/blog/employees/dec-2023-message-from-our-ceo,116.0,Post-IPO,2023-12-19 17:24:27,United States,0.1,Unknown,5.860786223465865
Udaan,Bengaluru,Retail,100.0,2023-12-18,https://startupstorymedia.com/insights-udaan-despite-340-million-funding-implements-layoffs-cuts-10-of-workforce/,1500.0,Unknown,2023-12-19 17:14:47,India,0.1,Unknown,4.61512051684126
Checkout.com,London,Finance,80.0,2023-12-18,https://enphase.com/blog/employees/dec-2023-message-from-our-ceo,1800.0,Series D,2023-12-19 17:20:51,United Kingdom,,Unknown,4.394449154672439
Arm Holdings,Shanghai,Hardware,70.0,2023-12-18,https://www.bloomberg.com/news/articles/2023-12-18/arm-lays-off-over-70-engineers-in-china-relocating-roles,426.0,Post-IPO,2023-12-19 17:18:35,China,,Unknown,4.2626798770413155
eBay,Tel Aviv,Retail,20.0,2023-12-17,https://www.calcalistech.com/ctechnews/article/h1d3zchia,1200.0,Post-IPO,2023-12-18 18:44:27,United States,,Unknown,3.044522437723423
Glowforge,Seattle,Manufacturing,30.0,2023-12-15,https://www.geekwire.com/2023/glowforge-lays-off-30-employees-as-maker-of-3d-laser-engravers-gets-ready-for-whats-next/,133.0,Series E,2024-02-28 18:45:36,United States,,Unknown,3.4339872044851463
Cruise,SF Bay Area,Transportation,900.0,2023-12-14,https://techcrunch.com/2023/12/14/cruise-slashes-24-of-self-driving-car-workforce-in-sweeping-layoffs/,15000.0,Acquired,2023-12-14 16:08:46,United States,0.24,https://docs.google.com/spreadsheets/d/1dO112P-Hpogpg6j6dFyDj18-nS2URRaoymEK0YUgu8s/edit#gid=1000625199,6.803505257608338
Solarisbank,Berlin,Finance,20.0,2023-12-14,https://finanz-szene.de/fintech/solarisbank-entlaesst-mehr-als-20-beschaeftigte-auch-drei-manager-gehen/,385.0,Unknown,2023-12-19 17:15:53,Germany,,Unknown,3.044522437723423
Invitae,SF Bay Area,Healthcare,235.0,2023-12-13,https://sfstandard.com/2023/12/19/tech-layoffs-san-francisco-invitae/,2500.0,Post-IPO,2023-12-15 01:39:59,United States,0.15,Unknown,5.4638318050256105
Etsy,New York City,Retail,225.0,2023-12-13,https://www.cnbc.com/2023/12/13/etsy-laying-off-11percent-of-staff-citing-competitive-environment.html,97.0,Post-IPO,2023-12-13 17:36:58,United States,0.11,Unknown,5.420534999272286
Analog Devices,SF Bay Area,Manufacturing,111.0,2023-12-13,https://www.bizjournals.com/sanjose/news/2023/12/13/layoffs-come-to-analog-devices-as-111.html,426.0,Post-IPO,2023-12-22 00:55:06,United States,,Unknown,4.718498871295094
ForgeRock,SF Bay Area,Other,109.0,2023-12-13,https://www.sfchronicle.com/bayarea/article/bay-area-tech-layoffs-pac-12-forgerock-analog-18552853.php,234.0,Acquired,2023-12-22 00:53:11,United States,,Unknown,4.700480365792417
Flex,SF Bay Area,Manufacturing,31.0,2023-12-13,https://www.siliconvalley.com/2023/12/13/tech-job-cut-layoff-san-jose-economy-sports-google-facebook-nextdoor/,172.5,Unknown,2023-12-22 00:56:53,United States,,Unknown,3.4657359027997265
TomTom,Lodz,Transportation,45.0,2023-12-12,https://businessinsider.com.pl/wiadomosci/tomtom-oglosil-zwolnienia-grupowe-wszystko-przez-sztuczna-inteligencje/czlqpyz,426.0,Post-IPO,2023-12-19 17:22:11,Poland,,Unknown,3.828641396489095
Chipper Cash,SF Bay Area,Finance,15.0,2023-12-11,https://techcabal.com/2023/12/11/chipper-cash-cuts-15-jobs/,302.0,Series C,2023-12-11 18:37:34,United States,0.33,Unknown,2.772588722239781
Zulily,Seattle,Retail,839.0,2023-12-08,https://www.geekwire.com/2023/zulilys-closure-of-ohio-fulfillment-center-will-impact-274-workers/,194.0,Acquired,2023-12-08 18:06:12,United States,1.0,Unknown,6.733401891837359
Simplilearn,Bengaluru,Education,200.0,2023-12-07,https://startupstorymedia.com/insights-simplilearn-backed-by-blackstone-terminates-200-employees-citing-performance-issues/,76.0,Acquired,2023-12-08 19:19:51,India,,Unknown,5.303304908059076
Rivian,Detroit,Transportation,20.0,2023-12-07,https://www.theinformation.com/articles/exclusive-from-the-electric-rivian-becomes-the-latest-to-lay-off-battery-workers,10700.0,Post-IPO,2023-12-22 01:02:29,United States,,Unknown,3.044522437723423
Navan,SF Bay Area,Travel,145.0,2023-12-06,https://skift.com/2023/12/06/navan-lays-off-145-people-to-reach-profitability/,2200.0,Unknown,2024-01-03 23:01:37,United States,,Unknown,4.983606621708336
Tidal,New York City,Consumer,40.0,2023-12-06,https://www.bloomberg.com/news/articles/2023-12-06/dorsey-s-ax-hits-tidal-music-service-over-10-of-staff-let-go,80.0,Acquired,2023-12-07 19:22:55,United States,0.1,Unknown,3.713572066704308
ZestMoney,Bengaluru,Finance,150.0,2023-12-05,https://techcrunch.com/2023/12/05/goldman-sachs-backed-zestmoney-once-valued-at-450m-to-shut-down/,120.0,Series C,2023-12-06 00:10:02,India,1.0,Unknown,5.017279836814924
Navan,SF Bay Area,Finance,145.0,2023-12-05,https://www.theinformation.com/briefings/ipo-candidate-navan-lays-off-145-in-profitability-push,2200.0,Unknown,2023-12-06 00:11:01,United States,0.05,Unknown,4.983606621708336
Incredibuild,Tel Aviv,Product,40.0,2023-12-05,https://www.calcalistech.com/ctechnews/article/b14g5i3rt,35.0,Series B,2023-12-07 19:19:27,Israel,0.2,Unknown,3.713572066704308
Spotify,Stockholm,Media,1500.0,2023-12-04,https://www.cnbc.com/2023/12/04/spotify-to-lay-off-17percent-of-employees-ceo-daniel-ek-says.html,2100.0,Post-IPO,2023-12-04 15:55:19,Sweden,0.17,https://docs.google.com/spreadsheets/d/1KPL87R3veJ6HaQeHdkG1BPbKY-K-G4Gr7y0m7oMRCqU/htmlview,7.313886831633462
TuSimple,San Diego,Transportation,150.0,2023-12-04,https://www.morningstar.com/news/marketwatch/20231204801/autonomous-truck-company-tusimple-to-wind-down-us-operations-slash-jobs,648.0,Post-IPO,2023-12-05 15:48:18,United States,,Unknown,5.017279836814924
Meow Wolf,Santa Fe,Media,8.0,2023-12-04,https://finance.yahoo.com/news/meow-wolf-lays-off-eight-003400761.html,185.0,Unknown,2023-12-07 19:20:57,United States,,Unknown,2.1972245773362196
Loco,Mumbai,Consumer,40.0,2023-11-30,https://inc42.com/buzz/krafton-backed-loco-joins-layoff-spree-trims-36-headcount/,52.0,Acquired,2023-12-02 01:15:58,India,0.36,Unknown,3.713572066704308
Zepz,London,Finance,30.0,2023-11-30,https://www.cnbc.com/2023/11/30/zepz-a-5-billion-fintech-unicorn-is-laying-off-more-staff.html,700.0,Series E,2023-12-02 01:17:42,United Kingdom,0.02,Unknown,3.4339872044851463
Unity,SF Bay Area,Other,265.0,2023-11-28,https://www.reuters.com/technology/unity-software-cut-38-staff-company-reset-2023-11-28/,1300.0,Post-IPO,2023-11-29 15:51:58,United States,0.04,Unknown,5.583496308781699
Dataminr,New York City,AI,150.0,2023-11-28,https://techcrunch.com/2023/11/28/dataminr-the-4b-big-data-startup-is-laying-off-20-of-staff-today-or-150-people-as-it-preps-to-double-down-on-ai/,1100.0,Series F,2023-11-28 18:25:23,United States,0.2,Unknown,5.017279836814924
VMware,SF Bay Area,Infrastructure,2837.0,2023-11-27,https://arstechnica.com/information-technology/2023/12/broadcom-cuts-at-least-2800-vmware-jobs-following-69-billion-acquisition/,393.0,Acquired,2023-11-29 15:54:04,United States,,Unknown,7.950854857719988
Bytedance,Shanghai,Consumer,1000.0,2023-11-27,https://asia.nikkei.com/Business/China-tech/TikTok-parent-ByteDance-to-cut-1-000-gaming-jobs-in-strategic-shift,9400.0,Unknown,2023-11-27 16:56:12,China,,Unknown,6.90875477931522
Our Next Energy,Detroit,Transportation,128.0,2023-11-27,https://www.reuters.com/business/autos-transportation/ev-battery-startup-one-cuts-workforce-by-25-2023-11-27/,390.0,Series B,2023-11-28 02:05:47,United States,0.25,Unknown,4.859812404361672
Alerzo,Ibadan,Retail,100.0,2023-11-21,https://techpoint.africa/2023/11/21/alerzo-has-laid-off-100-employees-due-to-warehouse-automation/,16.0,Series B,2023-11-22 16:12:38,Nigeria,,Unknown,4.61512051684126
McMakler,Berlin,Real Estate,60.0,2023-11-21,https://www.businessinsider.de/gruenderszene/business/naechste-entlassungswelle-bei-mcmakler-58-personen-verlieren-ihren-job/,214.0,Unknown,2023-11-21 15:52:34,Germany,,Unknown,4.110873864173311
Tulip Retail,Toronto,Retail,25.0,2023-11-21,https://www.linkedin.com/posts/aliasaria_yesterday-was-a-difficult-day-at-tulip-we-activity-7133191110356566016-8eiX/,79.0,Series C,2023-11-23 03:00:21,Canada,,Unknown,3.258096538021482
Jodo,Bengaluru,Finance,100.0,2023-11-20,https://inc42.com/buzz/exclusive-tiger-global-backed-jodo-sacks-100-employees-as-business-outlook-falters/,19.0,Series A,2023-11-20 20:37:16,India,,Unknown,4.61512051684126
Physics Wallah,Noida,Education,120.0,2023-11-19,https://entrackr.com/2023/11/exclusive-physicswallah-lays-off-over-100-employees/,100.0,Series A,2023-11-20 20:35:33,India,0.01,Unknown,4.795790545596741
NextGen Healthcare,St. Louis,Healthcare,84.0,2023-11-17,https://www.bizjournals.com/stlouis/news/2023/11/17/health-care-tech-firm-lay-off-84-st-louis-workers.html,80.0,Acquired,2023-11-18 00:04:34,United States,,Unknown,4.442651256490317
Sierra Space,Boulder,Aerospace,115.0,2023-11-16,https://www.cnbc.com/2023/11/16/sierra-space-layoffs.html,1700.0,Series B,2023-11-17 21:17:28,United States,,Unknown,4.7535901911063645
Paystack,Lagos,Finance,33.0,2023-11-16,https://techcrunch.com/2023/11/16/paystack-reduces-operations-outside-of-africa-affecting-33-employees-in-europe-and-dubai/,10.0,Acquired,2023-11-17 21:16:41,Nigeria,,Unknown,3.5263605246161616
Chewy,Miami,Retail,200.0,2023-11-14,https://techcrunch.com/2023/11/14/online-pet-goods-retailer-chewy-lays-off-200-employees/,451.0,Post-IPO,2023-11-15 02:11:14,United States,,Unknown,5.303304908059076
Sarcos,Pittsburgh,Aerospace,150.0,2023-11-14,https://www.bizjournals.com/pittsburgh/inno/stories/profiles/2023/11/14/sarcos-robotics-to-close-pittsburgh-office.html,316.0,Post-IPO,2024-01-02 03:51:22,United States,,Unknown,5.017279836814924
Cake Group,Singapore,Crypto,50.0,2023-11-14,https://www.linkedin.com/posts/julianhosp_cake-group-ceos-message-to-employees-activity-7130117237218156545-oPjI/,172.5,Unknown,2023-11-15 16:39:27,Singapore,0.3,Unknown,3.9318256327243257
Amazon,Seattle,Retail,180.0,2023-11-13,https://www.cnbc.com/2023/11/13/amazon-cuts-more-than-180-jobs-in-gaming-division.html,108.0,Post-IPO,2023-11-13 20:03:26,United States,,Unknown,5.198497031265826
TripAdvisor,Boston,Travel,125.0,2023-11-12,https://skift.com/2023/11/12/tripadvisor-laid-off-4-of-its-workforce-and-more-cuts-are-on-the-way/,3.0,Post-IPO,2023-12-22 23:12:17,United States,0.04,Unknown,4.836281906951478
Snap,Los Angeles,Consumer,20.0,2023-11-08,https://www.theinformation.com/articles/snap-lays-off-product-managers-as-spiegel-revamps-workforce,4900.0,Post-IPO,2023-11-09 04:18:36,United States,,Unknown,3.044522437723423
Oportun,SF Bay Area,Finance,185.0,2023-11-07,https://finance.yahoo.com/news/oportun-lay-off-18-corporate-021807823.html,766.0,Post-IPO,2024-03-09 00:59:21,United States,0.07,Unknown,5.225746673713202
Zillow,Seattle,Real Estate,23.0,2023-11-07,https://www.realestatenews.com/2023/11/07/zillow-confirms-layoffs-affecting-a-small-number-of-roles,97.0,Post-IPO,2023-11-08 21:31:08,United States,,Unknown,3.1780538303479458
F5,Seattle,Security,120.0,2023-11-03,https://www.geekwire.com/2023/seattle-cloud-giant-f5-lays-off-120-employees/,426.0,Post-IPO,2023-11-06 16:08:56,United States,0.02,Unknown,4.795790545596741
Viasat,San Diego,Other,800.0,2023-11-02,https://news.bloomberglaw.com/bankruptcy-law/viasat-to-cut-global-workforce-by-approximately-10,366.0,Post-IPO,2023-11-02 18:13:06,United States,0.1,Unknown,6.68586094706836
Beyond Meat,Los Angeles,Food,65.0,2023-11-02,https://investors.beyondmeat.com/news-releases/news-release-details/beyond-meatr-provides-select-third-quarter-financial-results,122.0,Post-IPO,2023-11-07 04:16:49,United States,0.08,Unknown,4.189654742026425
Informatica,SF Bay Area,Data,545.0,2023-11-01,https://www.barrons.com/articles/informatica-buyback-earnings-6cc15b80,426.0,Post-IPO,2023-11-02 03:18:45,United States,0.1,Unknown,6.302618975744905
Splunk,SF Bay Area,Data,500.0,2023-11-01,https://www.cnbc.com/2023/11/01/splunk-layoffs-7percent-of-workforce-to-be-cut-ahead-of-cisco-acquisition.html,2400.0,Post-IPO,2023-11-01 15:56:34,United States,0.07,Unknown,6.2166061010848646
Faire,SF Bay Area,Retail,250.0,2023-11-01,https://www.businessinsider.com/wholesale-startup-faire-lays-off-another-250-employees-2023-11,1700.0,late_stage,2023-11-02 18:10:53,United States,0.2,Unknown,5.5254529391317835
Sana Benefits,Austin,HR,73.0,2023-11-01,https://www.sanabenefits.com/blog/changes-at-sana/,106.0,Series B,2023-11-02 03:16:40,United States,0.5,https://docs.google.com/spreadsheets/d/1Ikq_JMODuAWr0UjLqMqhGM7jZrcCJSyLa8Qza5eMw9Y/edit#gid=1860992057,4.30406509320417
StepStone,Berlin,Recruiting,215.0,2023-10-30,https://aimgroup.com/2023/10/30/recruitment-giant-stepstone-lays-off-more-than-200-people/,80.0,Acquired,2023-10-31 23:42:44,Germany,0.05,Unknown,5.375278407684165
Hubilo,SF Bay Area,Other,50.0,2023-10-30,https://meetings.skift.com/hubilo-lays-off-at-least-50-staffers-hints-at-desperate-times-for-virtual-platforms/?utm_content=270020146&utm_medium=social&utm_source=linkedin&hss_channel=lcp-6921677,153.0,Series B,2023-11-02 03:18:02,United States,,Unknown,3.9318256327243257
Hippo Insurance,SF Bay Area,Finance,120.0,2023-10-26,https://www.theinsurer.com/news/hippo-undertakes-another-round-of-job-cuts-impacting-70-roles/,1300.0,Post-IPO,2023-10-27 16:02:12,United States,0.2,Unknown,4.795790545596741
Graphy,Bengaluru,Education,50.0,2023-10-26,https://inc42.com/buzz/exclusive-unacademys-graphy-cuts-20-30-jobs-to-focus-on-offline-ops/,1500.0,late_stage,2023-10-26 17:50:45,India,0.2,Unknown,3.9318256327243257
Salsify,Boston,Retail,110.0,2023-10-25,https://www.bizjournals.com/boston/inno/stories/news/2023/10/25/salsify-cuts-over-100-jobs-moves-roles-abroad.html,453.0,Unknown,2023-10-25 22:25:09,United States,,Unknown,4.709530201312334
 F-Secure ,Helsinki,Security,70.0,2023-10-25,https://yle.fi/a/74-20056883,426.0,Post-IPO,2023-10-26 17:51:19,Finland,,Unknown,4.2626798770413155
Virgio,Bengaluru,Retail,20.0,2023-10-25,https://inc42.com/buzz/after-pivoting-accel-backed-virgio-lays-off-33-workforce/,20.0,Series A,2023-10-09 03:53:08,India,0.33,Unknown,3.044522437723423
SiFive,SF Bay Area,Hardware,130.0,2023-10-24,https://www.theinformation.com/articles/semiconductor-firm-sifive-on-sidelines-of-ai-chip-boom-lays-off-130-workers,365.0,Series F,2023-10-25 04:08:40,United States,0.2,Unknown,4.875197323201151
Parity Technologies,London,Crypto,100.0,2023-10-23,https://www.bloomberg.com/news/articles/2023-10-23/polkadot-blockchain-developer-parity-to-eliminate-about-30-of-staff?embedded-checkout=true,172.5,Unknown,2023-10-12 15:24:19,United Kingdom,0.3,Unknown,4.61512051684126
Roblox China,Shenzen,Consumer,15.0,2023-10-23,https://techcrunch.com/2023/10/23/roblox-china-tencent-layoff/,1500.0,late_stage,2023-10-25 04:12:42,China,,Unknown,2.772588722239781
Nomad Health,New York City,Healthcare,119.0,2023-10-20,https://www.forbes.com/sites/katiejennings/2023/02/09/staffing-marketplace-nomad-health-lays-off-20-of-workforce-employees-say/?sh=71b4037a1557,218.0,Unknown,2023-02-10 21:21:07,United States,0.17,Unknown,4.787491742782046
Tropic,New York City,Finance,26.0,2023-10-20,https://www.linkedin.com/posts/davidtropic_today-weve-made-the-sad-decision-to-let-activity-7121182074861957120-UzOF/,67.0,Series B,2023-10-20 23:47:04,United States,,Unknown,3.295836866004329
Convoy,Seattle,Logistics,500.0,2023-10-19,https://www.geekwire.com/2023/convoy-collapse-read-ceos-memo-detailing-sudden-shutdown-of-seattle-trucking-startup/,1100.0,Series E,2023-10-19 00:45:08,United States,1.0,https://docs.google.com/spreadsheets/d/1mFF3W72oJIjUNUDQMsOwBmVc3twe9mfS1JQ-WA1nNw4/edit#gid=0,6.2166061010848646
Bullhorn,Boston,Sales,140.0,2023-10-19,https://www.bizjournals.com/boston/news/2023/10/20/bullhorn-cuts-downturn.html,32.0,Acquired,2023-10-20 00:46:56,United States,0.09,Unknown,4.948759890378168
LegalZoom,Austin,Legal,100.0,2023-10-19,https://www.bizjournals.com/austin/news/2023/10/19/legal-zoom-layoffs-williamson-county-warn-notice.html,951.0,Post-IPO,2023-10-20 00:47:51,United States,,Unknown,4.61512051684126
StellarAlgo,Calgary,Data,21.0,2023-10-19,https://betakit.com/cooler-financing-environment-leads-stellaralgo-to-restructure-and-make-layoffs/,16.0,Series A,2023-10-20 00:44:31,Canada,0.28,Unknown,3.091042453358316
ManoMano,Paris,Retail,230.0,2023-10-18,https://www.lesechos.fr/industrie-services/conso-distribution/face-a-la-deprime-du-bricolage-manomano-reduit-ses-effectifs-dun-quart-1987873,705.0,Series F,2023-10-18 17:21:13,France,0.25,Unknown,5.442417710521793
Google,SF Bay Area,Consumer,40.0,2023-10-18,https://www.cnbc.com/2023/10/18/google-cuts-dozens-of-jobs-in-news-division-.html,26.0,Post-IPO,2023-10-19 00:46:45,United States,,Unknown,3.713572066704308
WeTransfer,Amsterdam,Other,35.0,2023-10-18,https://fd.nl/tech-en-innovatie/1493394/wetransfer-schrapt-10-van-de-banen,64.0,Series A,2023-10-26 17:52:35,Netherlands,0.1,Unknown,3.58351893845611
Plume,Denver,Healthcare,24.0,2023-10-18,https://techcrunch.com/2023/10/18/trans-healthcare-startup-plume-lays-off-dozens-of-workers/,38.0,Series B,2023-10-19 00:43:31,United States,,Unknown,3.2188758248682006
Expedia,Seattle,Travel,100.0,2023-10-17,https://skift.com/2023/10/17/expedia-laid-off-around-100-employees-in-second-round-of-job-cuts/,3300.0,Post-IPO,2023-10-17 23:07:19,United States,,Unknown,4.61512051684126
LinkedIn,SF Bay Area,Recruiting,660.0,2023-10-16,https://techcrunch.com/2023/10/16/linkedin-layoffs-2/,154.0,Acquired,2023-10-16 15:36:26,United States,0.03,Unknown,6.493753839851686
CityMall,Gurugram,Retail,90.0,2023-10-16,https://inc42.com/buzz/exclusive-norwest-backed-social-commerce-startup-citymall-fires-90-employees/,112.0,Series C,2023-10-17 14:13:23,India,,Unknown,4.51085950651685
C2FO,Kansas City,Finance,80.0,2023-10-16,https://www.bizjournals.com/kansascity/news/2022/12/09/c2fo-layoff-recession-efficiency-profitability.html,537.0,late_stage,2023-10-20 23:42:20,United States,0.03,Unknown,4.394449154672439
Kayak / OpenTable,Stamford,Travel,80.0,2023-10-16,https://skift.com/blog/kayak-and-opentable-laid-off-80-employees/,229.0,Acquired,2023-10-17 23:06:37,United States,,Unknown,4.394449154672439
Bandcamp,SF Bay Area,Other,58.0,2023-10-16,https://www.sfgate.com/tech/article/bandcamp-layoffs-oakland-songtradr-epic-18429463.php,80.0,Acquired,2023-10-17 01:43:02,United States,0.5,Unknown,4.07753744390572
Adda247,Gurugram,Education,300.0,2023-10-14,https://entrackr.com/2023/10/exclusive-edtech-startup-adda247-fires-300-employees/,61.0,Series B,2023-10-15 20:11:17,India,,Unknown,5.707110264748875
Qualcomm,San Diego,Hardware,1258.0,2023-10-12,https://www.cnbc.com/2023/10/12/qualcomm-to-cut-roughly-1258-jobs-in-california.html,426.0,Post-IPO,2023-10-13 16:22:24,United States,0.02,Unknown,7.138073034044347
Lending Club,SF Bay Area,Finance,172.0,2023-10-12,https://www.bloomberg.com/news/articles/2023-10-12/lendingclub-plans-to-cut-172-jobs-reports-preliminary-results?embedded-checkout=true,392.0,Post-IPO,2023-10-13 16:23:13,United States,0.14,Unknown,5.153291594497779
MariaDB,SF Bay Area,Data,84.0,2023-10-12,https://www.sec.gov/ix?doc=/Archives/edgar/data/0001929589/000155837023016381/mrdb-20231012x8k.htm,272.0,Post-IPO,2023-10-12 15:24:48,United States,0.28,Unknown,4.442651256490317
Deepgram,SF Bay Area,AI,20.0,2023-10-11,https://www.theinformation.com/articles/ai-startup-lays-off-workers-again-in-fresh-sign-of-sector-belt-tightening,86.0,Series B,2023-10-12 15:20:13,United States,0.2,Unknown,3.044522437723423
Neon,Sao Paulo,Finance,180.0,2023-10-10,https://valorinveste.globo.com/mercados/renda-variavel/empresas/noticia/2023/10/10/banco-neon-promove-demissao-em-massa-e-corta-cerca-de-200-funcionarios.ghtml,727.0,Series D,2024-02-16 18:41:49,Brazil,,https://docs.google.com/spreadsheets/d/1MeiZJeJgPeqzIIrNAWClN-WoMcrIF0YaOq8lXXOFFrs/edit#gid=642610308,5.198497031265826
Stitch Fix,Dallas,Retail,558.0,2023-10-09,https://www.retaildive.com/news/stitch-fix-layoffs-dallas-distribution-center-closures/695985/,79.0,Post-IPO,2023-10-15 20:13:11,United States,,Unknown,6.326149473155099
Carbon Health,SF Bay Area,Healthcare,114.0,2023-10-09,https://www.beckershospitalreview.com/digital-health/carbon-health-lays-off-114-employees.html,522.0,Series D,2023-10-25 04:08:01,United States,0.05,Unknown,4.74493212836325
Blue Origin,Seattle,Aerospace,40.0,2023-10-09,https://www.theinformation.com/briefings/blue-origin-lays-off-around-40-people,167.0,Unknown,2023-10-09 15:27:58,United States,,Unknown,3.713572066704308
VTrips,Jacksonville,Travel,75.0,2023-10-07,https://skift.com/2023/10/07/a-trimmed-down-vtrips-laid-off-9-of-its-employees/,241.5,Private Equity,2023-12-22 23:10:19,United States,0.09,Unknown,4.330733340286331
Juniper Networks,SF Bay Area,Hardware,440.0,2023-10-06,https://www.lightreading.com/finance/juniper-networks-to-layoff-440-employees-at-a-cost-of-59m,39.0,Post-IPO,2024-01-09 23:42:12,United States,0.04,Unknown,6.089044875446846
InvestCloud,Los Angeles,Finance,80.0,2023-10-06,https://citywire.com/ria/news/investcloud-lays-off-5-of-staff/a2427557,54.0,Private Equity,2023-10-06 23:08:12,United States,0.05,Unknown,4.394449154672439
Enovix,SF Bay Area,Energy,185.0,2023-10-05,https://www.theinformation.com/articles/the-electric-enovix-lays-off-185-engineers-and-shifts-most-of-its-operations-to-malaysia,516.0,Post-IPO,2023-10-06 15:31:39,United States,,Unknown,5.225746673713202
Bizongo,Mumbai,Retail,50.0,2023-10-05,https://inc42.com/buzz/a-day-after-50-mn-fundraise-bizongo-lays-off-50-employees/,315.0,Series E,2023-10-06 15:33:07,India,,Unknown,3.9318256327243257
SchoolMint,SF Bay Area,Education,29.0,2023-10-05,https://www.businessinsider.com/schoolmint-layoffs-edtech-school-choice-slowdown-2023-10,8.0,Acquired,2023-10-06 15:35:20,United States,0.14,Unknown,3.4011973816621555
SeekOut,Seattle,Recruiting,16.0,2023-10-05,https://www.claytoncountyregister.com/news2/seekout-lays-off-7-of-staff-in-restructuring-but-plans-to-grow-headcount-this-year/539529/,140.0,Series C,2023-10-06 15:32:08,United States,0.07,Unknown,2.833213344056216
Qualtrics,Salt Lake City,Other,780.0,2023-10-04,https://www.geekwire.com/2023/qualtrics-cuts-780-jobs-about-14-of-workforce-citing-complexity-from-rapid-hiring/,400.0,Acquired,2023-10-04 17:38:59,United States,0.14,Unknown,6.660575149839686
Hopper,Montreal,Travel,250.0,2023-10-04,https://skift.com/2023/10/04/hopper-cuts-30-of-staff-in-bid-to-get-profitable/,730.0,Unknown,2023-10-04 17:37:40,Canada,0.3,Unknown,5.5254529391317835
Chainalysis,New York City,Crypto,150.0,2023-10-02,https://www.forbes.com/sites/stevenehrlich/2023/10/02/chainalysis-idling-150-employees-as-chill-of-crypto-winter-persists/?sh=5e9464256bc8,536.0,Series F,2023-10-04 01:36:27,United States,0.15,Unknown,5.017279836814924
Synapse,SF Bay Area,Finance,86.0,2023-10-02,https://techcrunch.com/2023/10/06/a16z-backed-fintech-synapse-lays-off-40-of-its-staff/,50.0,Series B,2023-10-06 23:06:16,United States,0.4,Unknown,4.465908118654584
Chia Network,SF Bay Area,Crypto,26.0,2023-10-02,https://www.coindesk.com/policy/2023/10/02/chia-network-lays-off-third-of-its-staff-as-loss-of-banker-delayed-going-public/,70.0,Series D,2023-10-04 01:37:08,United States,0.37,Unknown,3.295836866004329
Cowbell,SF Bay Area,Finance,28.0,2023-09-29,https://cowbell.insure/blog/letter-from-the-ceo/,123.0,Series B,2023-10-02 16:10:59,United States,0.12,https://docs.google.com/spreadsheets/d/1JiDELZteGcDscPvXNSQG4TN5A67PpPalYi6NKqT9yrI/edit#gid=1518009821,3.367295829986474
N26,Berlin,Finance,14.0,2023-09-29,https://financefwd.com/de/n26-sparkurs/,1700.0,Series E,2023-09-29 21:14:12,Germany,,Unknown,2.70805020110221
Andgo,Saskatoon,HR,9.0,2023-09-29,https://betakit.com/saskatoon-software-startups-vendasta-7shifts-andgo-systems-make-layoffs/,5.0,Series A,2023-09-29 21:23:49,Canada,,Unknown,2.302585092994046
Epic Games,Raleigh,Consumer,870.0,2023-09-28,https://techcrunch.com/2023/09/28/fortnite-maker-epic-games-is-laying-off-16-of-its-workforce/,6400.0,Unknown,2023-09-28 18:31:30,United States,0.16,Unknown,6.769641976852503
Lululemon Studio,New York City,Fitness,120.0,2023-09-28,https://www.businessinsider.com/lululemon-lays-off-workers-discontinues-mirror-amid-peloton-deal-2023-9,75.0,Acquired,2023-09-29 02:43:32,United States,,Unknown,4.795790545596741
Snap,Los Angeles,Consumer,170.0,2023-09-27,https://newsroom.snap.com/ar-enterprise-strategic-review,4900.0,Post-IPO,2023-09-28 00:03:40,United States,,Unknown,5.14166355650266
Fi.Money,Bengaluru,Finance,30.0,2023-09-27,https://entrackr.com/2023/09/neobank-fi-lays-off-10-of-workforce/,137.0,Series C,2023-09-28 00:01:25,India,0.1,Unknown,3.4339872044851463
Dunzo,Bengaluru,Food,150.0,2023-09-26,https://www.entrepreneur.com/en-in/news-and-trends/dunzo-announces-fresh-round-of-layoffs/459709,458.0,Unknown,2023-09-27 02:38:11,India,0.3,Unknown,5.017279836814924
Flexe,Seattle,Logistics,131.0,2023-09-26,https://www.geekwire.com/2023/seattle-warehousing-startup-flexe-lays-off-33-of-workforce-amid-freight-industry-slowdown/,263.0,Series D,2023-09-27 02:37:30,United States,0.33,Unknown,4.882801922586371
Lucid Software,Salt Lake City,Other,75.0,2023-09-25,https://lucid.co/blog/a-message-to-lucid-employees,170.0,Series E,2023-09-25 22:30:32,United States,0.07,Unknown,4.330733340286331
Eat Just,SF Bay Area,Food,40.0,2023-09-22,https://news.bloomberglaw.com/daily-labor-report/vegan-egg-maker-eat-just-cuts-jobs-after-raising-money-1,465.0,Unknown,2023-10-02 15:49:38,United States,,Unknown,3.713572066704308
Appsmith,SF Bay Area,Unknown,35.0,2023-09-22,https://inc42.com/buzz/exclusive-insight-partners-backed-appsmith-lays-off-25-of-its-workforce/,51.0,Series B,2023-09-24 17:50:08,United States,0.25,Unknown,3.58351893845611
Roblox,New York City,Consumer,30.0,2023-09-22,https://techcrunch.com/2023/09/21/roblox-cuts-30-on-talent-acquisition-team-as-hiring-slows/,857.0,Post-IPO,2023-09-22 00:09:34,United States,,Unknown,3.4339872044851463
DealShare,Bengaluru,Retail,130.0,2023-09-21,https://yourstory.com/2023/09/dealshare-shuts-b2b-business-lays-off-employees,390.0,Series E,2023-09-24 17:29:32,India,,Unknown,4.875197323201151
Merative,Dublin,Healthcare,100.0,2023-09-21,https://www.irishexaminer.com/business/companies/arid-41230633.html,80.0,Acquired,2023-09-24 17:48:34,United States,,Unknown,4.61512051684126
Cisco,SF Bay Area,Infrastructure,350.0,2023-09-17,https://www.marketwatch.com/story/cisco-to-cut-350-jobs-in-latest-round-of-layoffs-f9084451,2.0,Post-IPO,2023-09-20 21:11:53,United States,,Unknown,5.860786223465865
Sage Therapeutics copy,Boston,Healthcare,290.0,2023-09-15,https://www.bizjournals.com/boston/news/2023/09/15/sage-therapeutics-cambridge-layoffs.html,438.0,Post-IPO,2023-09-21 07:06:44,United States,,Unknown,5.673323267171493
7shifts,Saskatoon,Food,30.0,2023-09-15,https://www.linkedin.com/feed/update/urn:li:activity:7108084382132801536/,131.0,Series C,2023-09-21 07:21:33,Canada,0.07,https://docs.google.com/spreadsheets/d/11HATYc3RYO4V1IvfhTmrDGiaBvwFfY84Y6mz5ApJ10A/edit#gid=462503447,3.4339872044851463
Airtable,SF Bay Area,Product,237.0,2023-09-14,https://www.forbes.com/sites/stevenbertoni/2023/09/14/unicorn-startup-airtable-lays-off-27-of-firm-shifts-focus-to-big-clients/?sh=171151534589,1400.0,Series F,2023-09-14 15:48:51,United States,0.27,Unknown,5.472270673671475
Project44,Chicago,Logistics,116.0,2023-09-14,https://www.freightwaves.com/news/freighttech-industry-isnt-what-it-was-a-year-ago,817.0,Unknown,2023-09-20 21:16:01,United States,,Unknown,4.762173934797756
VideoAmp,Los Angeles,Marketing,40.0,2023-09-14,https://www.axios.com/2023/09/14/videoamp-layoffs,456.0,Series F,2023-09-20 21:15:06,United States,0.1,Unknown,3.713572066704308
Google,SF Bay Area,Consumer,75.0,2023-09-13,https://www.eastbaytimes.com/2023/10/31/google-tech-job-cut-layoff-bay-area-economy-office-lease-alphabet/,26.0,Post-IPO,2023-09-13 19:47:38,United States,,Unknown,4.330733340286331
Evolve,Denver,Travel,175.0,2023-09-12,https://skift.com/2023/09/13/property-manager-evolve-lays-off-20-of-its-workforce/amp/,224.0,Series F,2023-09-14 13:55:27,United States,0.2,Unknown,5.170483995038151
Binance.US,SF Bay Area,Crypto,100.0,2023-09-12,https://www.bloomberg.com/news/articles/2023-09-12/binance-us-cuts-100-positions-as-crackdown-erodes-crypto-business#xj4y7vzkg,1500.0,late_stage,2023-09-13 02:11:53,United States,0.33,Unknown,4.61512051684126
Paper,Montreal,Education,87.0,2023-09-12,https://paper.co/inside-paper/a-message-from-paper-founders-0,389.0,Series D,2023-09-14 13:57:39,Canada,0.03,Unknown,4.477336814478207
Homeday,Berlin,Real Estate,40.0,2023-09-12,https://www.businessinsider.de/gruenderszene/business/mcmakler-rivale-homeday-verkauft-gruender-und-viele-mitarbeiter-weg/,71.0,Unknown,2023-09-13 01:07:07,Germany,0.2,Unknown,3.713572066704308
At-Bay,SF Bay Area,Security,27.0,2023-09-12,https://www.calcalistech.com/ctechnews/article/sypw6110a3,296.0,Unknown,2023-09-06 01:52:51,United States,0.09,Unknown,3.332204510175204
Eurora,Tallinn,Other,111.0,2023-09-11,https://www.aripaev.ee/uudised/2023/09/11/maksuvolga-jaanud-idufirma-eurora-koondab-ule-100-tootaja,42.0,Series A,2023-09-11 15:30:43,Estonia,,Unknown,4.718498871295094
Chargebee,SF Bay Area,Finance,100.0,2023-09-11,https://inc42.com/buzz/tiger-global-backed-chargebee-fires-10-workforce-in-2nd-round-of-layoffs/,468.0,late_stage,2023-09-11 15:33:14,United States,0.1,Unknown,4.61512051684126
Divvy Homes,SF Bay Area,Real Estate,94.0,2023-09-11,https://techcrunch.com/2023/09/11/divvy-homes-goes-from-2b-valuation-to-third-layoff-in-a-year/,180.0,Series B,2023-09-09 14:37:39,United States,,Unknown,4.553876891600541
Grabango,SF Bay Area,Food,34.0,2023-09-11,https://docs.google.com/spreadsheets/d/1WvO3p93hUJjOCJHn4Ig3tu-nbPfGpJfiEURsY5zBRWI/edit#gid=827597978,94.0,Unknown,2023-09-13 02:21:34,United States,0.4,https://docs.google.com/spreadsheets/d/1WvO3p93hUJjOCJHn4Ig3tu-nbPfGpJfiEURsY5zBRWI/edit#gid=827597978,3.5553480614894135
Drift,Boston,Marketing,100.0,2023-09-07,https://www.bizjournals.com/boston/news/2023/09/07/drift-second-round-layoffs.html,107.0,Acquired,2023-09-09 14:40:14,United States,0.25,Unknown,4.61512051684126
Roku,SF Bay Area,Media,360.0,2023-09-06,https://www.cnbc.com/2023/09/06/roku-to-lay-off-10percent-of-workforce-stock-jumps.html,208.0,Post-IPO,2023-09-06 23:37:23,United States,0.1,Unknown,5.8888779583328805
ForeScout,Tel Aviv,Security,40.0,2023-09-06,https://www.calcalistech.com/ctechnews/article/sjdyqira3,125.0,Acquired,2023-09-09 14:29:05,United States,,Unknown,3.713572066704308
MaxMilhas,Belo Horizonte,Travel,82.0,2023-09-05,https://g1.globo.com/mg/minas-gerais/noticia/2023/09/05/maxmilhas-do-grupo-da-123-milhas-anuncia-corte-de-18percent-dos-funcionarios.ghtml,172.5,Unknown,2023-09-06 01:55:33,Brazil,0.18,Unknown,4.418840607796598
Absci,Portland,Healthcare,30.0,2023-09-05,https://www.geekwire.com/2023/biotech-company-absci-lays-off-30-employees-about-15-of-staff/,238.0,Post-IPO,2023-09-07 15:26:54,United States,0.15,Unknown,3.4339872044851463
Hodinkee,New York City,Retail,24.0,2023-09-05,"https://ww.fashionnetwork.com/news/Lvmh-backed-luxury-watch-site-hodinkee-cuts-a-fifth-of-jobs,1552691.html",40.0,Seed,2023-09-06 01:54:32,United States,0.2,Unknown,3.2188758248682006
mPharma,Accra,Healthcare,150.0,2023-09-04,https://techcabal.com/2023/09/04/exclusive-mpharma-lays-off-150-employees-due-to-tightening-macroenomic-conditions/,90.0,Series D,2023-09-07 15:29:34,Ghana,,Unknown,5.017279836814924
Xolo,Tallinn,Finance,24.0,2023-09-04,https://arileht.delfi.ee/artikkel/120229031/vabakutseliste-platvorm-xolo-koondab-tootajaid-eesmark-on-jouda-kasumisse,11.0,Series A,2023-09-04 23:15:00,Estonia,,Unknown,3.2188758248682006
Nexar,New York City,Transportation,17.0,2023-09-04,https://www.calcalistech.com/ctechnews/article/rktq3gqc3,149.0,Series D,2023-09-04 23:16:03,United States,0.14,Unknown,2.8903717578961645
Khatabook,Bengaluru,Finance,42.0,2023-09-01,https://entrackr.com/2023/09/peak-xv-backed-khatabook-lays-off-over-40-employees/,187.0,Series C,2023-09-04 23:08:53,India,,Unknown,3.7612001156935624
Pegasystems,Boston,HR,240.0,2023-08-31,https://www.bizjournals.com/boston/news/2023/08/31/pegasystems-layoffs-second-round.html,426.0,Post-IPO,2023-09-01 02:31:34,United States,0.04,Unknown,5.484796933490655
Biofourmis,Boston,Healthcare,120.0,2023-08-31,https://www.peoplematters.in/news/leadership/biofourmis-ceo-resigns-abruptly-after-layoffs-firm-begins-new-ceo-search-38874,464.0,Series D,2023-09-01 02:41:26,United States,,Unknown,4.795790545596741
Malwarebytes,SF Bay Area,Security,100.0,2023-08-31,https://techcrunch.com/2023/08/31/malwarebytes-layoffs-business-split/,80.0,Series B,2023-08-31 18:17:49,United States,,Unknown,4.61512051684126
SkyKick,Seattle,Other,140.0,2023-08-30,https://www.geekwire.com/2023/cloud-automation-startup-skykick-lays-off-181-employees-in-washington-state/,198.0,Unknown,2023-08-30 23:48:56,United States,,Unknown,4.948759890378168
Omuni,Bengaluru,Retail,60.0,2023-08-30,https://inc42.com/buzz/exclusive-shiprocket-owned-omuni-fires-nearly-35-workforce-ceo-cto-to-exit/,10.0,Acquired,2023-08-30 15:21:22,India,0.35,Unknown,4.110873864173311
Kenko Health,Mumbai,Healthcare,50.0,2023-08-30,https://www.businessinsider.in/business/startups/news/healthcare-startup-kenko-health-lays-off-20-of-workforce-across-functions/articleshow/103201380.cms,14.0,Series A,2023-09-01 02:35:51,India,0.2,Unknown,3.9318256327243257
Huma,London,Healthcare,45.0,2023-08-30,https://sifted.eu/articles/uk-healthtech-huma-layoffs,217.0,Unknown,2023-08-30 23:46:42,United Kingdom,0.1,Unknown,3.828641396489095
Zeplin,SF Bay Area,Product,37.0,2023-08-30,https://sfstandard.com/2023/08/30/san-francisco-software-startup-lays-off-one-third-of-workforce/,1.0,Seed,2023-08-30 23:45:48,United States,0.35,Unknown,3.6375861597263857
Kenko Health,Mumbai,Healthcare,50.0,2023-08-29,https://entrackr.com/2023/08/exclusive-kenko-health-lays-off-20-of-workforce/,14.0,Unknown,2023-08-29 15:18:58,India,0.2,Unknown,3.9318256327243257
Zebra Technologies,Chicago,Manufacturing,700.0,2023-08-28,https://www.chicagobusiness.com/technology/zebra-technologies-cuts-700-jobs-or-7-percent-bar-code-maker-workforce,2000.0,Post-IPO,2023-08-28 20:14:19,United States,0.07,Unknown,6.55250788703459
CoinSwitch,Bengaluru,Crypto,44.0,2023-08-28,https://entrackr.com/2023/08/crypto-firm-coinswitch-kuber-lays-off-44-employees/,301.0,Series C,2023-08-28 20:17:49,India,,Unknown,3.8066624897703196
HackerRank,SF Bay Area,Recruiting,53.0,2023-08-27,https://telecom.economictimes.indiatimes.com/news/internet/hackerrank-lays-off-53-employees-amid-economic-uncertainty/103102308,103.0,Series D,2023-08-28 20:30:04,United States,,Unknown,3.9889840465642745
Cuemath,Bengaluru,Education,100.0,2023-08-26,https://inc42.com/buzz/edtech-startup-cuemath-fires-another-100-employees-to-cut-costs/,121.0,Unknown,2023-08-27 02:37:50,India,,Unknown,4.61512051684126
Captiv8,SF Bay Area,Marketing,8.0,2023-08-24,https://www.prweek.com/article/1835107/influencer-marketing-platform-captiv8-lays-off-eight-employees-3-staff,4.0,Unknown,2023-08-25 20:23:49,United States,0.03,Unknown,2.1972245773362196
Atlas,Chicago,HR,150.0,2023-08-23,https://www.forbes.com/sites/angelicamarideoliveira/2023/08/24/hrtech-atlas-announces-layoffs-six-months-post-brazil-launch/?sh=31ea27cb6b7d,220.0,Series B,2023-08-24 22:12:01,United States,0.3,Unknown,5.017279836814924
Veriff,Tallinn,Security,101.0,2023-08-23,https://digipro.geenius.ee/rubriik/uudis/veriff-koondab-taas-sel-korral-peab-lahkuma-viiendik-tootajaist/,192.0,Series C,2023-08-23 23:23:14,Estonia,0.21,Unknown,4.624972813284271
BlackLine,Los Angeles,Finance,95.0,2023-08-23,https://beststocks.com/blackline-announces-workforce-reduction-to-st/,220.0,Post-IPO,2023-08-24 22:09:50,United States,0.05,Unknown,4.564348191467836
Rivos,SF Bay Area,Hardware,24.0,2023-08-23,https://www.theinformation.com/articles/chip-startup-sued-by-apple-has-struggled-to-raise-capital,172.5,Unknown,2023-11-10 00:05:37,United States,0.06,Unknown,3.2188758248682006
Getir,London,Food,2500.0,2023-08-22,https://www.reuters.com/world/middle-east/turkeys-getir-cut-11-workers-global-restructuring-2023-08-22/,1800.0,Series E,2023-08-22 15:44:03,United Kingdom,0.11,Unknown,7.824445930877619
Twiga,Nairobi,Food,283.0,2023-08-20,https://techcabal.com/2023/08/20/twiga-foods-lays-off-283-employees/,157.0,Series C,2023-08-22 23:59:53,Kenya,0.33,Unknown,5.648974238161206
Spartan Poker,Kolkata,Consumer,125.0,2023-08-19,https://inc42.com/buzz/after-mpl-hike-spartan-poker-follows-suit-lays-off-40-of-workforce/,172.5,Unknown,2023-08-19 15:42:16,India,0.4,Unknown,4.836281906951478
Times Internet ,Gurugram,Media,100.0,2023-08-18,Times Internet ,1500.0,late_stage,2023-08-19 15:40:33,India,0.05,Unknown,4.61512051684126
Detectify,Stockholm,Security,30.0,2023-08-18,https://www.breakit.se/artikel/37377/sakrade-kapital-nu-far-annu-fler-ga-fran-detectify,42.0,Unknown,2023-10-23 02:26:52,Sweden,,Unknown,3.4339872044851463
Illumina,San Diego,Healthcare,151.0,2023-08-17,https://www.sandiegouniontribune.com/business/story/2023-08-17/illumina-lays-off-151-san-diego-workers,28.0,Post-IPO,2023-08-19 15:33:35,United States,,Unknown,5.0238805208462765
AppFolio,Santa Barbara,Real Estate,149.0,2023-08-17,https://www.pacbiztimes.com/2023/08/17/appfolio-lays-off-9-of-workforce-in-second-round-of-2023-cuts/,30.0,Post-IPO,2023-08-18 15:11:37,United States,0.09,Unknown,5.0106352940962555
Intel,SF Bay Area,Hardware,140.0,2023-08-17,https://www.tomshardware.com/news/intel-to-make-further-workforce-cuts-in-us-report,12.0,Post-IPO,2023-08-19 15:36:35,United States,,Unknown,4.948759890378168
StreamElements,Tel Aviv,Media,60.0,2023-08-17,https://www.calcalistech.com/ctechnews/article/s1xjtrs22,111.0,Series B,2023-08-18 15:14:26,Israel,0.35,Unknown,4.110873864173311
FlexCar,Boston,Transportation,20.0,2023-08-16,https://www.bizjournals.com/boston/news/2023/08/16/flexcar-layoffs-2023.html,297.0,Unknown,2023-08-18 15:09:23,United States,,Unknown,3.044522437723423
SecureWorks,Atlanta,Security,300.0,2023-08-14,https://techcrunch.com/2023/08/14/secureworks-second-round-layoffs-this-year/,83.0,Post-IPO,2023-08-14 21:19:12,United States,0.15,Unknown,5.707110264748875
Easee,Sandnes,Energy,200.0,2023-08-14,https://www.dn.no/teknologi/easee/jonas-helmikstol/kjetil-nasje/easee-med-masseoppsigelser-grunder-og-toppsjef-jonas-helmikstol-gar-av/2-1-1500472,172.5,Unknown,2023-08-19 15:38:28,Norway,0.57,Unknown,5.303304908059076
Shutterfly,Minneapolis,Manufacturing,246.0,2023-08-10,https://www.cbsnews.com/minnesota/news/shutterfly-closing-shakopee-plant/,50.0,Post-IPO,2023-08-11 15:21:17,United States,,Unknown,5.5093883366279774
SHINE Technologies,Milwaukee,Other,59.0,2023-08-10,https://www.nbc15.com/2023/08/10/janesville-based-shine-announces-layoffs-days-after-announcing-nuclear-fusion-breakthrough/,672.0,Series C,2023-08-11 15:19:34,United States,,Unknown,4.0943445622221
Hike,New Delhi,Consumer,55.0,2023-08-10,https://economictimes.indiatimes.com/tech/startups/hike-lays-off-around-55-people-after-gst-hike-on-online-gaming/articleshow/102608819.cms?from=mdr,261.0,Unknown,2023-08-11 15:06:32,India,,Unknown,4.02535169073515
Blend,SF Bay Area,Finance,150.0,2023-08-09,http://archive.fast-edgar.com/20230809/A7L2K22CZ22282Z2222G22ZZMTBIQQB2A252/,665.0,Post-IPO,2023-08-11 15:00:48,United States,0.19,Unknown,5.017279836814924
Niantic,Los Angeles,Other,100.0,2023-08-09,https://www.bizjournals.com/losangeles/news/2023/08/09/niantic-100-layoffs-los-angeles.html,770.0,Series D,2023-08-11 15:04:05,United States,,Unknown,4.61512051684126
Babylon Health,London,Healthcare,94.0,2023-08-09,https://www.fiercehealthcare.com/digital-health/babylon-closes-us-business-lays-employees-after-mindmaze-take-private-deal-collapses,1200.0,Post-IPO,2023-08-11 15:13:59,United Kingdom,,Unknown,4.553876891600541
Dealtale,Tel Aviv,Sales,70.0,2023-08-09,https://www.calcalistech.com/ctechnews/article/rkn8dlz32,2.0,Acquired,2023-08-11 15:04:56,United States,1.0,Unknown,4.2626798770413155
Thoughtworks,Chicago,Other,579.0,2023-08-08,https://www.chicagobusiness.com/employment/thoughtworks-cut-hundreds-jobs,748.0,Post-IPO,2023-10-17 01:46:05,United States,0.05,Unknown,6.363028103540465
Rapid7,Boston,Security,470.0,2023-08-08,https://www.bizjournals.com/boston/news/2023/08/08/rapid7-layoffs-q2-earnings.html,89.0,Post-IPO,2023-08-08 23:59:37,United States,0.18,Unknown,6.154858094016418
MPL,Bengaluru,Consumer,350.0,2023-08-08,https://www.moneycontrol.com/europe/?url=https://www.moneycontrol.com/news/business/mpl-to-lay-off-350-employees-after-gst-councils-new-28-tax-proposal-11126951.html,375.0,Unknown,2023-08-08 22:52:22,India,,Unknown,5.860786223465865
Doximity,SF Bay Area,Healthcare,100.0,2023-08-08,https://www.fiercehealthcare.com/health-tech/doximity-lays-10-workforce-stock-sinks-company-downgrades-revenue-guidance,82.0,Post-IPO,2023-08-09 00:00:34,United States,0.1,Unknown,4.61512051684126
23andMe,SF Bay Area,Healthcare,71.0,2023-08-08,https://www.streetinsider.com/Corporate+News/23andMe+Holding+%28ME%29+Announces+11%25+Workforce+Cut/22014370.html,1100.0,Post-IPO,2023-08-08 22:57:09,United States,0.11,Unknown,4.276666119016055
Caliva,SF Bay Area,Retail,54.0,2023-08-08,https://www.bizjournals.com/sanfrancisco/news/2023/08/08/gold-flora-tpco-caliva-jay-z-cannabis-layoff-sj.html,75.0,Series B,2023-08-09 17:54:55,United States,,Unknown,4.007333185232471
Qomplx,Washington D.C.,AI,60.0,2023-08-04,https://www.bizjournals.com/washington/news/2023/08/04/tysons-qomplx-layoffs-spac.html,107.0,Series A,2023-08-05 00:51:43,United States,,Unknown,4.110873864173311
CodeClan,Edinburgh,Education,57.0,2023-08-04,https://www.edinburghnews.scotsman.com/news/people/codeclan-crowdfunder-launched-to-help-students-after-tech-training-academy-goes-into-administration-4245811,4.0,Seed,2023-08-08 02:58:34,United Kingdom,1.0,Unknown,4.060443010546419
Top Hat,Toronto,Education,42.0,2023-08-04,https://betakit.com/canadian-startup-struggles-continue-as-silofit-closes-up-shop-top-hat-and-fable-cut-staff/,234.0,Series E,2023-08-05 04:00:35,Canada,0.07,Unknown,3.7612001156935624
Discord,SF Bay Area,Consumer,37.0,2023-08-03,https://www.theinformation.com/briefings/discord-lays-off-4-of-workforce,995.0,late_stage,2023-08-04 04:06:29,United States,0.04,Unknown,3.6375861597263857
Bardee,Melbourne,Food,30.0,2023-08-03,https://www.businessnewsaustralia.com/articles/bardee-lets-go-staff-to-make-its-food-waste-revolution-profitable.html,5.0,Seed,2023-08-03 03:32:02,Australia,,Unknown,3.4339872044851463
Spinny,Gurugram,Transportation,300.0,2023-08-02,https://www.moneycontrol.com/europe/?url=https://www.moneycontrol.com/news/business/tiger-global-backed-spinny-fires-300-employees-ahead-of-business-rejig-11085751.html,513.0,Series E,2023-08-04 04:07:32,India,0.05,Unknown,5.707110264748875
Tekion,Bengaluru,Other,300.0,2023-08-02,https://inc42.com/buzz/exclusive-tekion-lays-off-around-200-indian-employees/,435.0,Series D,2023-08-03 03:39:59,India,0.1,Unknown,5.707110264748875
BetterUp,SF Bay Area,HR,100.0,2023-08-02,https://www.thedailybeast.com/prince-harrys-silicon-valley-gig-betterup-chops-16-of-staff-amid-tumult,567.0,Series E,2023-08-04 15:24:04,United States,0.16,Unknown,4.61512051684126
Augury,New York City,Manufacturing,70.0,2023-08-02,https://www.calcalistech.com/ctechnews/article/ryoxde00j3,274.0,Series E,2023-08-03 03:32:52,United States,0.18,Unknown,4.2626798770413155
Gem,SF Bay Area,Recruiting,70.0,2023-08-02,https://www.linkedin.com/feed/update/urn:li:activity:7092626063834443776/,148.0,Series C,2023-08-03 03:30:52,United States,,Unknown,4.2626798770413155
Gupy,Sao Paulo,HR,58.0,2023-08-02,https://startups.com.br/noticias/gupy-reorganiza-a-casa-e-faz-demissoes-humanizadas/,105.0,Series B,2023-08-03 04:33:14,Brazil,0.08,Unknown,4.07753744390572
Salesforce,Dublin,Sales,50.0,2023-08-02,https://www.bloomberg.com/news/articles/2023-08-02/salesforce-cuts-more-jobs-after-10-reduction-earlier-this-year?in_source=embedded-checkout-banner#xj4y7vzkg,65.0,Post-IPO,2023-08-04 04:10:19,Ireland,,Unknown,3.9318256327243257
FamPay,Bengaluru,Finance,18.0,2023-08-02,https://www.moneycontrol.com/europe/?url=https://www.moneycontrol.com/news/business/announcements/peak-xv-backed-fampay-undertakes-layoffs-cuts-18-jobs-11083941.html,42.0,Series A,2023-08-03 03:41:10,India,,Unknown,2.9444389791664403
Vesttoo,Tel Aviv,Finance,150.0,2023-08-01,https://www.calcalistech.com/ctechnews/article/ryuwahiih,110.0,Series C,2023-08-03 03:43:19,Israel,0.75,Unknown,5.017279836814924
Planet,SF Bay Area,Aerospace,117.0,2023-08-01,https://www.cnbc.com/2023/08/01/planet-pl-lays-off-about-10percent-company-restructures.html,574.0,Post-IPO,2023-08-01 16:46:16,United States,0.1,Unknown,4.770684624465665
Paper,Montreal,Education,106.0,2023-08-01,https://paper.co/inside-paper/a-message-from-paper-founders,389.0,Series D,2023-08-01 21:00:22,Canada,0.04,Unknown,4.672828834461906
Archipelago,SF Bay Area,Real Estate,40.0,2023-08-01,https://www.theinsurer.com/news/ai-driven-property-risk-insurtech-archipelago-analytics-cuts-30-of-workforce/,57.0,Series B,2023-08-01 20:57:54,United States,0.3,Unknown,3.713572066704308
Qoala,Jakarta,Finance,80.0,2023-07-31,https://www.techinasia.com/id-insurtech-qoala-confirms-laying-80-employee,89.0,Series B,2023-08-05 04:02:50,Indonesia,,Unknown,4.394449154672439
Fable,Toronto,Other,13.0,2023-07-31,https://betakit.com/canadian-startup-struggles-continue-as-silofit-closes-up-shop-top-hat-and-fable-cut-staff/,12.0,Series A,2023-08-05 03:59:47,Canada,0.09,Unknown,2.6390573296152584
Nexar,New York City,Transportation,12.0,2023-07-31,https://www.calcalistech.com/ctechnews/article/rktq3gqc3,149.0,Series D,2023-09-04 23:17:22,United States,,Unknown,2.5649493574615367
Kape Technologies,London,Security,200.0,2023-07-30,https://techreport.com/news/cybersecurity-firm-kape-technologies-lay-off-around-200-employees/,188.0,Post-IPO,2023-07-30 23:11:05,United Kingdom,0.3,Unknown,5.303304908059076
Eroad,Auckland,Transportation,200.0,2023-07-28,https://businessdesk.co.nz/article/markets/eroad-investors-grill-management-on-buyout-offer,46.0,Unknown,2023-08-01 15:30:35,New Zealand,0.31,Unknown,5.303304908059076
Kape,London,Security,180.0,2023-07-28,https://www.pcmag.com/news/tough-times-for-vpns-expressvpn-parent-company-lays-off-30-of-staff,188.0,Post-IPO,2023-08-05 17:23:46,United Kingdom,,Unknown,5.198497031265826
Milkbasket,Gurugram,Food,400.0,2023-07-27,https://entrackr.com/2023/07/reliance-pulls-plug-on-milkbasket-brand-mass-layoffs-to-follow/,39.0,Acquired,2023-07-29 03:27:27,India,0.67,Unknown,5.993961427306569
Wish,SF Bay Area,Retail,255.0,2023-07-27,https://ir.wish.com/node/10081/html,1600.0,Post-IPO,2023-08-01 20:56:56,United States,0.34,https://docs.google.com/spreadsheets/d/1oq01pAxUiqglVjCqv90BZeKc-UW22Hnkai4XjtEhiaI/edit#gid=0,5.545177444479562
Point,SF Bay Area,Real Estate,61.0,2023-07-27,https://www.bizjournals.com/sanfrancisco/inno/stories/news/2023/09/05/finance-startup-slashes-28-percent-of-us-staff.html,149.0,Series C,2023-09-07 15:30:32,United States,0.28,Unknown,4.127134385045092
Akseleran,Jakarta,Finance,60.0,2023-07-27,https://www.techinasia.com/indonesias-akseleran-lays-60-employees-delaying-ipo,9.0,Series A,2023-07-29 03:31:43,Indonesia,,Unknown,4.110873864173311
Verbit,New York City,Data,60.0,2023-07-27,https://www.calcalistech.com/ctechnews/article/b1butaacn,569.0,Series E,2023-07-27 23:53:55,United States,0.06,Unknown,4.110873864173311
Copia,Nairobi,Retail,350.0,2023-07-26,https://techcabal.com/2023/07/26/copia-lays-off-350-employees/,103.0,Series C,2023-07-26 23:10:21,Kenya,0.25,Unknown,5.860786223465865
Figure,SF Bay Area,Crypto,90.0,2023-07-26,https://www.bloomberg.com/news/articles/2023-07-28/mike-cagney-s-figure-lays-off-20-of-staff-amid-ipo-plans#xj4y7vzkg,1500.0,Unknown,2023-07-29 03:24:37,United States,0.2,Unknown,4.51085950651685
Calendly,Atlanta,Other,60.0,2023-07-26,https://www.theinformation.com/briefings/calendly-cuts-roughly-10-of-staff,351.0,Series B,2023-07-27 20:08:57,United States,0.1,Unknown,4.110873864173311
Myntra,Bengaluru,Retail,50.0,2023-07-26,https://economictimes.indiatimes.com/tech/technology/myntra-plans-makeover-in-private-label-strategy-layoffs-likely-to-hit-50-employees/articleshow/102114887.cms,516.0,Acquired,2023-07-26 23:12:03,India,,Unknown,3.9318256327243257
Deep Instict,New York City,Security,46.0,2023-07-25,https://www.calcalistech.com/ctechnews/article/sj5p0va9n,322.0,Unknown,2023-07-26 23:14:00,United States,0.15,Unknown,3.8501476017100584
PathAI,Boston,Healthcare,87.0,2023-07-21,https://www.bizjournals.com/boston/inno/stories/news/2023/07/21/pathai-layoffs-healthtech-company.html,255.0,Series C,2023-07-11 01:51:56,United States,,Unknown,4.477336814478207
Viaplay,Stockholm,Media,450.0,2023-07-20,https://deadline.com/2023/07/viaplay-layoffs-strategic-review-pulls-out-of-uk-mulls-a-sale-1235442717/,172.5,Unknown,2023-07-11 01:51:13,Sweden,0.25,Unknown,6.111467339502679
Stoa,Phoenix,Real Estate,80.0,2023-07-20,https://www.calcalistech.com/ctechnews/article/sjl3blvcn,172.5,Unknown,2023-07-22 01:06:38,United States,0.8,Unknown,4.394449154672439
AgentSync,Denver,Finance,67.0,2023-07-19,Internal memo,111.0,Series B,2023-07-26 01:04:04,United States,0.24,Unknown,4.219507705176107
Inspirato,Denver,Travel,50.0,2023-07-19,https://skift.com/2023/07/20/inspirato-lays-off-6-of-workforce-second-round-of-cuts-this-year/,179.0,Post-IPO,2023-07-20 22:37:16,United States,0.06,Unknown,3.9318256327243257
Tilia,SF Bay Area,Finance,28.0,2023-07-19,Internal memo,32.0,Unknown,2023-08-14 21:20:00,United States,0.32,https://docs.google.com/spreadsheets/d/1rn9fWh4yid4ZfqNArks1XybfId4L_EyCoi6pfYirjp8/edit#gid=918457195,3.367295829986474
Microsoft,Seattle,Other,1000.0,2023-07-18,https://www.businessinsider.com/microsoft-layoffs-more-than-1000-jobs-sales-customer-service-2023-7?IR=T,1.0,Post-IPO,2023-07-10 20:23:21,United States,,Unknown,6.90875477931522
Cameo,Chicago,Consumer,80.0,2023-07-18,https://www.theinformation.com/articles/cameo-cuts-staff-to-fewer-than-50-after-financial-stumble,165.0,Unknown,2023-07-18 19:29:56,United States,,Unknown,4.394449154672439
Sarcos,Salt Lake City,Aerospace,75.0,2023-07-17,https://www.therobotreport.com/sarcos-plans-to-layoff-around-75-workers-as-part-of-optimization-plan/,316.0,Post-IPO,2023-07-19 16:38:44,United States,0.25,Unknown,4.330733340286331
Binance,Cayman Islands,Crypto,1000.0,2023-07-14,https://www.wsj.com/articles/binance-lays-off-over-1-000-employees-d59ff6ad,172.5,Unknown,2023-07-14 18:27:29,Cayman Islands,,Unknown,6.90875477931522
PayScale,Seattle,HR,14.0,2023-07-14,https://www.bizjournals.com/seattle/news/2023/07/14/payscale-layoffs-seattle-office.html,33.0,Acquired,2023-07-15 03:40:15,United States,0.02,Unknown,2.70805020110221
Navi Technologies,Bengaluru,Finance,200.0,2023-07-13,https://economictimes.indiatimes.com/tech/startups/sachin-bansals-navi-technologies-lays-off-around-200-employees/articleshow/101713488.cms,659.0,Unknown,2023-07-13 03:42:21,India,,Unknown,5.303304908059076
Skill Lync,Chennai,Education,200.0,2023-07-13,https://entrackr.com/2023/07/edtech-company-skill-lync-fires-over-200-employees/,17.0,Series A,2023-07-13 18:29:00,India,,Unknown,5.303304908059076
Amazon,Seattle,Retail,80.0,2023-07-13,https://news.yahoo.com/amazon-lays-off-80-workers-230451163.html?guccounter=1,108.0,Post-IPO,2023-07-14 18:25:12,United States,,Unknown,4.394449154672439
AudioCodes,Tel Aviv,Other,80.0,2023-07-13,https://www.calcalistech.com/ctechnews/article/bkrcqqaf3,91.0,Post-IPO,2023-07-17 02:39:33,Israel,0.06,Unknown,4.394449154672439
Tempo Automation,SF Bay Area,Other,62.0,2023-07-13,https://investors.tempoautomation.com/static-files/f021231f-65a6-4ae2-8680-3bc48a51a028,154.0,Post-IPO,2023-07-17 23:02:10,United States,,Unknown,4.143134726391533
Uber Freight,SF Bay Area,Logistics,40.0,2023-07-13,https://www.freightwaves.com/news/uber-freight-lays-off-as-many-as-50-brokerage-employees,2700.0,late_stage,2023-07-14 18:19:46,United States,,Unknown,3.713572066704308
Deepwatch,Tampa Bay,Security,30.0,2023-07-13,https://www.deepwatch.com/blog/a-message-from-deepwatchs-ceo/,256.0,Series C,2023-07-14 03:26:00,United States,0.07,Unknown,3.4339872044851463
Centr,Sydney,Fitness,22.0,2023-07-13,https://www.news.com.au/finance/business/chris-hemsworths-fitness-app-centr-reportedly-sacks-australian-staff/news-story/8e6dacc01c9d4b4569401e997e303ca6,172.5,Unknown,2023-07-13 03:44:08,Australia,,Unknown,3.1354942159291497
Factorial,Barcelona,HR,20.0,2023-07-13,https://www.businessinsider.es/factorial-despide-veintena-trabajadores-1274860,220.0,Series C,2023-07-17 02:35:51,Spain,,Unknown,3.044522437723423
Peloton,New York City,Fitness,11.0,2023-07-13,https://dol.ny.gov/system/files/documents/2023/07/warn-peloton-interactive-nyc-2023-0006-7-14-2023.pdf,1900.0,Post-IPO,2023-07-17 23:04:12,United States,,Unknown,2.4849066497880004
Stitch Fix,Philadelphia,Retail,400.0,2023-07-12,https://www.inquirer.com/jobs/labor/stitch-fix-layoffs-closure-bethlehem-lehigh-valley-warehouse-20230712.html,79.0,Post-IPO,2023-07-14 18:20:39,United States,,Unknown,5.993961427306569
Dapper Labs,Vancouver,Crypto,51.0,2023-07-12,https://twitter.com/roham/status/1679301700669296640,172.5,Unknown,2023-07-13 03:46:15,Canada,,Unknown,3.9512437185814275
DeepVerge,Dublin,Healthcare,50.0,2023-07-12,https://www.standard.co.uk/business/life-science-ai-firm-deepverge-lays-off-staff-tech-collapse-jobs-redundancy-skin-water-technology-b1093932.html,20.0,Post-IPO,2023-07-13 18:27:43,Ireland,1.0,Unknown,3.9318256327243257
Freightos,Miami,Logistics,50.0,2023-07-12,https://sourcingjournal.com/topics/logistics/freightos-layoffs-13-percent-persistently-weak-freight-market-job-cuts-costs-445086/,118.0,Post-IPO,2023-07-13 03:39:47,United States,0.13,Unknown,3.9318256327243257
WayCool,Chennai,Food,300.0,2023-07-11,https://timesofindia.indiatimes.com/business/india-business/with-focus-on-profitability-agritech-waycool-to-lay-off-300/articleshow/101652858.cms,363.0,Unknown,2023-07-13 03:29:34,India,0.12,Unknown,5.707110264748875
Matterport,SF Bay Area,Data,170.0,2023-07-11,https://investors.matterport.com/static-files/9d9ec717-3e67-410b-92cb-8cb27218fbe4,409.0,Post-IPO,2023-07-11 16:26:43,United States,0.3,Unknown,5.14166355650266
Everquote,Evansville,Finance,100.0,2023-07-11,https://www.insurancejournal.com/news/national/2023/07/11/729444.htm,53.0,Post-IPO,2023-07-13 03:37:20,United States,,Unknown,4.61512051684126
Sisense,New York City,Data,100.0,2023-07-11,https://www.calcalistech.com/ctechnews/article/hyqikock2,274.0,Series F,2023-07-11 16:27:28,United States,0.15,Unknown,4.61512051684126
Medsaf,Lagos,Healthcare,30.0,2023-07-07,https://techcabal.com/2023/07/07/medsaf-laid-off-full-time-employees/,172.5,Unknown,2023-07-15 03:41:15,Nigeria,1.0,Unknown,3.4339872044851463
Amdocs,St. Louis,Support,2000.0,2023-07-06,https://www.calcalistech.com/ctechnews/article/sjfzud4f3,426.0,Post-IPO,2023-01-06 01:42:10,United States,0.06,Unknown,7.601402334583733
FNZ,London,Finance,1000.0,2023-07-06,https://citywire.com/new-model-adviser/news/exclusive-fnz-to-make-1000-redundancies-globally/a2421080,1400.0,Private Equity,2023-07-07 02:38:14,United Kingdom,0.15,Unknown,6.90875477931522
Perfect Day,SF Bay Area,Food,134.0,2023-07-06,https://www.nosh.com/news/2023/perfect-day-lays-off-15-of-workforce-shutters-consumer-biz-coolhaus/,711.0,Series D,2023-07-13 18:30:21,United States,0.15,Unknown,4.90527477843843
Solidigm,Sacramento,Hardware,98.0,2023-07-06,https://www.bizjournals.com/sacramento/inno/stories/news/2023/07/06/solidigm-layoffs-rancho-cordova-headquarters.html,172.5,Unknown,2023-07-13 18:32:45,United States,,Unknown,4.59511985013459
TytoCare,New York City,Healthcare,20.0,2023-07-06,https://www.calcalistech.com/ctechnews/article/byu1xnefn,156.0,Series D,2023-07-07 02:39:48,United States,0.1,Unknown,3.044522437723423
Athennian,Calgary,Legal,30.0,2023-07-05,https://betakit.com/legaltech-scaleup-athennian-navigates-growing-pains-with-layoffs-leadership-changes/,47.0,Series B,2023-08-17 00:27:09,Canada,,Unknown,3.4339872044851463
Highsnobiety,Berlin,Media,24.0,2023-07-03,https://www.businessoffashion.com/articles/news-analysis/highsnobiety-lays-off-10-percent-of-its-staff/,8.0,Acquired,2023-07-05 00:17:58,Germany,0.1,Unknown,3.2188758248682006
Zip,Sydney,Finance,300.0,2023-07-02,https://www.theaustralian.com.au/business/dataroom/zip-co-sacks-staff-as-buy-now-pay-later-sector-struggles/news-story/6ab956577a322e3f12e4146444e1cb64?amp&nk=842499914bf8dcecd67ffaacf7550303-1688513490,896.0,Post-IPO,2023-07-05 00:20:55,Australia,0.2,Unknown,5.707110264748875
Niantic,SF Bay Area,Other,230.0,2023-06-29,https://www.cnbc.com/2023/06/29/pokemon-go-maker-niantic-lays-off-230-employees-cancels-games-.html,770.0,Series D,2023-06-29 19:14:00,United States,,Unknown,5.442417710521793
Headspace,Los Angeles,Healthcare,181.0,2023-06-29,https://www.latimes.com/business/story/2023-06-29/headspace-meditation-app-lays-off-15-of-employees,216.0,Unknown,2023-06-30 15:05:37,United States,0.15,Unknown,5.204006687076795
Artsy,New York City,Retail,35.0,2023-06-29,https://www.artnews.com/art-news/news/artsy-lays-off-35-employees-across-divisions-1234672920/,100.0,Series D,2023-06-30 14:55:57,United States,0.15,Unknown,3.58351893845611
Candy Digital,New York City,Crypto,30.0,2023-06-29,https://decrypt.co/146734/candy-digital-confirms-layoffs-reveals-merger-palm-nft-studio,138.0,Series A,2023-06-30 14:57:01,United States,,Unknown,3.4339872044851463
Xiaomi India,Bengaluru,Other,30.0,2023-06-29,https://economictimes.indiatimes.com/industry/cons-products/electronics/xiaomi-india-to-rejig-operations-bring-headcount-to-below-1000/articleshow/101347837.cms?from=mdr,1500.0,late_stage,2023-06-30 15:00:28,India,,Unknown,3.4339872044851463
Torii,Ra'anana,Other,28.0,2023-06-29,https://www.calcalistech.com/ctechnews/article/hjqdc1i00h,65.0,Series B,2023-07-01 00:57:04,Israel,0.3,Unknown,3.367295829986474
Insider Intelligence,New York City,Media,20.0,2023-06-29,https://www.theinformation.com/briefings/insider-intelligence-to-lay-off-20-outsource-to-philippines,1500.0,late_stage,2023-06-30 16:22:06,United States,,Unknown,3.044522437723423
ClickUp,San Diego,Other,90.0,2023-06-28,https://techcrunch.com/2023/07/04/clickup-layoffs/,537.0,Series C,2023-07-04 23:29:24,United States,0.1,Unknown,4.51085950651685
Ludia,Montreal,Consumer,55.0,2023-06-28,https://mobilegamer.biz/up-to-55-staff-laid-off-at-jurassic-world-alive-maker-ludia/,1.0,Acquired,2023-06-30 14:57:57,United States,,Unknown,4.02535169073515
Karat,Seattle,HR,47.0,2023-06-28,https://www.geekwire.com/2023/technical-recruiting-startup-karat-lays-off-47-employees-for-the-second-time-this-year/,169.0,Unknown,2023-06-30 14:59:42,United States,,Unknown,3.871201010907891
Plex,SF Bay Area,Media,37.0,2023-06-28,https://www.theverge.com/2023/6/28/23777418/plex-layoffs-20-percent-staff,81.0,Unknown,2023-06-28 22:36:59,United States,0.2,Unknown,3.6375861597263857
Selina,London,Travel,350.0,2023-06-27,https://www.calcalistech.com/ctechnews/article/hjprald00n,612.0,Post-IPO,2023-07-07 03:00:57,United Kingdom,,Unknown,5.860786223465865
New Relic,SF Bay Area,Infrastructure,255.0,2023-06-27,https://www.oregonlive.com/silicon-forest/2023/06/new-relic-will-lay-off-another-255-in-latest-restructuring.html,214.0,Post-IPO,2023-06-27 18:12:56,United States,0.1,Unknown,5.545177444479562
Tibber,Førde,Energy,50.0,2023-06-27,https://www.shifter.no/nyheter/inntil-50-ma-ga-i-tibber/281838,181.0,Series C,2023-06-27 15:56:51,Norway,,Unknown,3.9318256327243257
Payoneer,New York City,Finance,200.0,2023-06-26,https://www.calcalistech.com/ctechnews/article/sjctoolon,426.0,Post-IPO,2023-06-27 15:53:17,United States,0.1,Unknown,5.303304908059076
Robinhood,SF Bay Area,Finance,150.0,2023-06-26,https://www.wsj.com/articles/robinhood-lays-off-about-7-of-its-full-time-employees-2111cb48,5600.0,Post-IPO,2023-06-26 23:36:58,United States,0.07,Unknown,5.017279836814924
Convoy,Seattle,Logistics,30.0,2023-06-26,https://www.geekwire.com/2023/trucking-marketplace-convoy-makes-more-layoffs-citing-customer-service-efficiency-gains/,1100.0,Series E,2023-06-27 15:54:27,United States,0.05,Unknown,3.4339872044851463
Anaplan,SF Bay Area,Other,300.0,2023-06-21,https://nypost.com/2023/06/23/software-giant-anaplan-begins-layoffs-after-thoma-bravos-10-4b-buyout-deal/,300.0,Acquired,2023-06-24 03:48:00,United States,,Unknown,5.707110264748875
Uber,SF Bay Area,Transportation,200.0,2023-06-21,https://www.nasdaq.com/articles/uber-to-lay-off-200-employees-in-recruitment-division,25200.0,Post-IPO,2023-06-22 00:19:03,United States,,Unknown,5.303304908059076
Tackle.io,Boise,Infrastructure,75.0,2023-06-21,https://tackle.io/blog/tackle-company-update/,148.0,Series C,2023-06-23 15:38:59,United States,,x,4.330733340286331
Ritual,Toronto,Food,38.0,2023-06-21,https://www.theglobeandmail.com/business/article-food-ordering-service-ritual-lays-off-nearly-half-of-employees/,134.0,Series C,2023-06-24 20:53:29,Canada,0.4,Unknown,3.6635616461296463
Grab,Singapore,Transportation,1000.0,2023-06-20,https://www.reuters.com/technology/singapores-grab-informs-staff-1000-layoffs-2023-06-20/,16500.0,Post-IPO,2023-06-20 15:56:54,Singapore,0.11,Unknown,6.90875477931522
OLX Group,Amsterdam,Marketing,800.0,2023-06-20,https://techcrunch.com/2023/06/20/olx-group-layoffs/,80.0,Acquired,2023-06-20 16:18:45,Netherlands,,Unknown,6.68586094706836
AvantStay,Los Angeles,Travel,37.0,2023-06-20,https://skift.com/2023/06/20/property-manager-avantstay-lays-off-10-of-staff-third-round-of-job-cuts-in-a-year/,686.0,Private Equity,2023-12-22 23:08:55,United States,,Unknown,3.6375861597263857
Chingari,Bengaluru,Media,48.0,2023-06-19,https://inc42.com/buzz/exclusive-weeks-after-cofounders-exit-short-video-app-chingari-lays-off-20-workforce/,88.0,Unknown,2023-06-20 02:56:18,India,0.2,Unknown,3.8918202981106265
Mojocare,Bengaluru,Healthcare,170.0,2023-06-17,https://entrackr.com/2023/06/exclusive-mojocare-lays-off-around-170-employees-within-a-year-of-fundraise/,24.0,Series A,2023-06-17 23:41:14,India,0.8,Unknown,5.14166355650266
Nikola,Phoenix,Transportation,270.0,2023-06-16,https://www.reuters.com/business/autos-transportation/electric-truck-maker-nikola-laying-off-270-employees-2023-06-16/,3300.0,Post-IPO,2023-06-17 23:42:53,United States,,Unknown,5.602118820879701
Qualcomm,SF Bay Area,Hardware,84.0,2023-06-16,https://www.bizjournals.com/sanjose/news/2023/06/16/qualcomm-laying-off-dozens-in-santa-clara.html,426.0,Post-IPO,2023-07-19 16:45:53,United States,,Unknown,4.442651256490317
Pilot,SF Bay Area,Finance,45.0,2023-06-16,Internal memo,116.0,Unknown,2023-07-01 00:53:57,United States,0.13,Unknown,3.828641396489095
CareRev,Los Angeles,Healthcare,100.0,2023-06-15,https://www.theinformation.com/articles/carerev-plans-to-cut-roughly-a-third-of-staff,51.0,Series A,2023-06-16 05:05:42,United States,0.33,https://docs.google.com/spreadsheets/d/1Dhovfj6K2vONB56_mJ_ViX2BYxR9hBwoqBUUFAYAC1I/edit#gid=1643354458,4.61512051684126
TADA,Seoul,Transportation,45.0,2023-06-15,https://techcrunch.com/2023/06/15/socars-ride-hailing-platform-tada-adds-to-growing-list-of-tech-layoffs/,1500.0,late_stage,2023-06-17 00:39:13,South Korea,0.6,Unknown,3.828641396489095
Bitwise,SF Bay Area,Crypto,900.0,2023-06-14,https://www.bakersfield.com/news/bitwise-lays-off-entire-staff/article_57c2a40c-0b12-11ee-84ca-f7e6d77ee2e9.html,84.0,Series B,2023-06-16 22:30:50,United States,1.0,Unknown,6.803505257608338
Sonos,New York City,Consumer,130.0,2023-06-14,https://www.cnbc.com/2023/06/14/sonos-layoffs-company-cuts-7percent-or-about-130-employees.html,455.2,Post-IPO,2023-06-14 18:26:03,United States,0.07,Unknown,4.875197323201151
TrueCar,Los Angeles,Transportation,102.0,2023-06-14,https://techcrunch.com/2023/06/14/truecar-lays-off-102-employees-taps-new-ceo-amid-restructure/,340.0,Post-IPO,2023-06-15 03:50:01,United States,0.24,Unknown,4.634728988229636
Olo,New York City,Food,81.0,2023-06-14,https://www.restaurantbusinessonline.com/technology/olo-lays-81-people-part-reorganization,184.0,Post-IPO,2023-06-14 18:24:46,United States,0.11,Unknown,4.406719247264253
Mamaearth,Gurugram,Retail,80.0,2023-06-14,https://inc42.com/buzz/exclusive-ipo-bound-mamaearth-to-shut-momspressos-mymoney-brand-marketing-vertical/,111.0,Unknown,2023-06-14 18:29:59,India,,Unknown,4.394449154672439
Western Digital,SF Bay Area,Hardware,211.0,2023-06-13,https://www.bizjournals.com/sanjose/news/2023/06/13/western-digital-to-cut-more-silicon-valley-workers.html,900.0,Post-IPO,2023-10-20 23:44:32,United States,,Unknown,5.356586274672012
JupiterOne,Raleigh,Security,8.0,2023-06-13,https://www.bizjournals.com/triangle/news/2023/06/13/pendo-layoffs-raleigh-jupiterone-tech-job-cuts.html,119.0,Series C,2023-06-14 03:45:09,United States,,Unknown,2.1972245773362196
Grubhub,SF Bay Area,Food,400.0,2023-06-12,https://www.cnbc.com/2023/06/12/grubhub-layoffs-400-employees-or-15percent-of-corporate-workforce.html,284.0,Acquired,2023-06-12 16:11:29,United States,0.15,https://docs.google.com/spreadsheets/d/15qTMd0p07SMxwcnKHiv4n09NGDMqXq5EdnTRefF9DTI/edit#gid=0,5.993961427306569
GoCardless,London,Finance,150.0,2023-06-12,https://sifted.eu/articles/gocardless-lays-off-15-of-staff-news,529.0,late_stage,2023-06-12 16:15:02,United Kingdom,0.17,Unknown,5.017279836814924
Pendo,Raleigh,Product,100.0,2023-06-12,https://www.bizjournals.com/triangle/news/2023/06/13/pendo-layoffs-raleigh-jupiterone-tech-job-cuts.html,469.0,Series F,2023-06-12 16:12:49,United States,0.12,Unknown,4.61512051684126
Chegg,SF Bay Area,Education,80.0,2023-06-12,https://www.bloomberg.com/news/articles/2023-06-12/chegg-slashes-4-of-workforce-following-shift-to-embrace-ai#xj4y7vzkg,227.0,Post-IPO,2023-06-14 03:50:39,United States,0.04,Unknown,4.394449154672439
TaxBit,SF Bay Area,Crypto,80.0,2023-06-11,https://www.theinformation.com/briefings/crypto-tax-software-startup-cuts-nearly-40-of-staff,253.0,Unknown,2023-06-12 16:08:36,United States,0.4,Unknown,4.394449154672439
Trybe,Sao Paulo,Education,128.0,2023-06-09,https://www.estadao.com.br/link/inovacao/startup-trybe-demite-128-pessoas-em-nova-rodada-de-cortes-na-companhia/,40.0,Series B,2023-06-12 16:07:43,Brazil,0.35,Unknown,4.859812404361672
23andMe,SF Bay Area,Healthcare,75.0,2023-06-09,https://www.genomeweb.com/business-news/23andme-laying-9-percent-workforce-cut-operating-costs,1100.0,Post-IPO,2023-06-09 22:57:38,United States,0.09,Unknown,4.330733340286331
Expel,Washington D.C.,Security,60.0,2023-06-09,https://expel.com/blog/a-message-from-expels-co-founders/,288.0,Series E,2023-06-09 23:57:12,United States,0.1,Unknown,4.110873864173311
Branch,Columbus,Finance,186.0,2023-06-08,https://coverager.com/layoffs-at-branch/,229.0,Series C,2023-06-09 18:54:55,United States,,Unknown,5.231108616854587
Cityblock Health,New York City,Healthcare,155.0,2023-06-08,https://www.fiercehealthcare.com/providers/cityblock-restructures-operations-cuts-12-workforce-it-plots-plans-growth-profitability,891.0,Series D,2023-06-08 17:24:06,United States,0.12,Unknown,5.049856007249537
Highspot,Seattle,Sales,140.0,2023-06-08,https://www.geekwire.com/2023/sales-software-startup-highspot-lays-off-15-of-workforce-its-second-cut-this-year/,644.0,Series F,2023-06-09 16:06:58,United States,0.15,Unknown,4.948759890378168
Byju's,Bengaluru,Education,1000.0,2023-06-07,https://themorningcontext.com/internet/byjus-to-lay-off-1000-employees,5500.0,Private Equity,2023-06-09 18:57:11,India,,Unknown,6.90875477931522
Nubank,Sao Paulo,Finance,296.0,2023-06-07,https://brazilian.report/liveblog/politics-insider/2023/06/07/nubank-layoffs-restructuring/,4100.0,Post-IPO,2023-06-08 17:27:08,Brazil,,Unknown,5.6937321388027
Sumo Logic,SF Bay Area,Data,79.0,2023-06-07,https://www.sfchronicle.com/tech/article/sumo-logic-tech-layoffs-18150619.php,340.0,Acquired,2023-06-10 18:17:08,United States,,Unknown,4.382026634673881
Flatiron Health,New York City,Healthcare,39.0,2023-06-07,https://www.beckershospitalreview.com/oncology/cancer-care-startup-to-lay-off-employees.html,324.0,Acquired,2023-06-24 03:49:51,United States,,Unknown,3.6888794541139363
Coherent,SF Bay Area,Manufacturing,196.0,2023-06-06,https://www.mercurynews.com/2023/06/06/tech-layoff-fremont-job-coherent-flex-unity-google-facebook-twitter/,426.0,Post-IPO,2023-06-08 17:22:21,United States,,Unknown,5.2832037287379885
Edgio,Phoenix,Infrastructure,134.0,2023-06-06,https://investors.edg.io/static-files/829cb878-ba70-4965-bb63-3c4629781a41https://seekingalpha.com/news/3978762-edgio-to-cut-12-of-its-workforce-to-reduce-cost,462.0,Post-IPO,2023-06-09 18:49:33,United States,0.12,Unknown,4.90527477843843
Reddit,SF Bay Area,Consumer,90.0,2023-06-06,https://www.wsj.com/articles/reddit-is-cutting-about-5-of-its-workforce-and-slowing-hiring-amid-restructuring-63cfade9?mod=djemalertNEWS,1300.0,Series F,2023-06-06 20:34:50,United States,0.05,Unknown,4.51085950651685
Linktree,Melbourne,Consumer,60.0,2023-06-06,https://www.startupdaily.net/topic/business/link-in-bio-startup-linktree-slashes-local-jobs-again-shedding-27-of-anz-workforce/,165.0,Unknown,2023-06-06 01:41:18,Australia,0.27,Unknown,4.110873864173311
Dragos,Baltimore,Security,50.0,2023-06-06,https://www.dragos.com/blog/industry-news/dragos-ceos-email-to-employees-on-layoff/,364.0,Series D,2023-06-06 23:48:56,United States,0.09,Unknown,3.9318256327243257
Unity,SF Bay Area,Other,50.0,2023-06-06,https://www.mercurynews.com/2023/06/06/tech-layoff-fremont-job-coherent-flex-unity-google-facebook-twitter/,1300.0,Post-IPO,2023-06-08 17:22:50,United States,,Unknown,3.9318256327243257
Mara,Nairobi,Crypto,6.0,2023-06-06,https://techcabal.com/2023/06/06/web3-startup-mara-fires-its-marketing-department-as-it-shifts-focus-from-acquiring-new-users/,23.0,Seed,2023-06-08 17:29:27,Kenya,,Unknown,1.9459101490553132
Spotify,Stockholm,Media,200.0,2023-06-05,https://www.cnbc.com/2023/06/05/spotify-layoffs-200-employees-or-about-2percent-of-its-workforce-cut.html,2100.0,Post-IPO,2023-06-05 16:51:34,Sweden,0.02,Unknown,5.303304908059076
ZoomInfo,Vancouver,Sales,120.0,2023-06-02,https://www.bizjournals.com/portland/inno/stories/news/2023/06/02/zoominfo-layoffs.html,7.0,Post-IPO,2023-06-02 22:22:50,United States,0.03,Unknown,4.795790545596741
Staffbase,Chemnitz,Other,90.0,2023-06-02,https://www.businessinsider.de/gruenderszene/technologie/entlassungswelle-trifft-chemnitzer-software-unicorn-staffbase/?tpcc=offsite_gs_linkedin-facebook&fbclid=IwAR11HXLrgoy2GqefJu9xkrAtdqlHzdyBFXw1sYqgFmUJoacmBtcZSXNxmDw,307.0,Series E,2023-06-04 15:14:44,Germany,,Unknown,4.51085950651685
Haven Technologies,New York City,Finance,280.0,2023-06-01,https://coverager.com/haven-technologies-shrinks-workforce/,1500.0,late_stage,2023-06-02 15:42:32,United States,0.7,Unknown,5.638354669333745
Mural,SF Bay Area,Product,170.0,2023-06-01,Internal memo,192.0,Series C,2023-06-06 01:44:28,United States,,Unknown,5.14166355650266
Glamyo Health,New Delhi,Healthcare,160.0,2023-06-01,https://inc42.com/buzz/glamyo-health-stares-at-potential-shut-down-lays-off-160-employees/,9.0,Series B,2023-06-02 02:59:51,India,,Unknown,5.081404364984463
Outbrain,New York City,Marketing,90.0,2023-06-01,https://www.calcalistech.com/ctechnews/article/syxin3hl3,394.0,Post-IPO,2023-06-02 02:59:18,United States,0.1,Unknown,4.51085950651685
Zendesk,SF Bay Area,Support,320.0,2023-05-31,https://www.zendesk.com/newsroom/articles/zendesk-workforce-reduction/,85.0,Acquired,2023-06-01 04:41:59,United States,0.08,Unknown,5.771441123130016
ZipRecruiter,Los Angeles,Recruiting,270.0,2023-05-31,https://www.sec.gov/ix?doc=/Archives/edgar/data/1617553/000161755323000028/zip-20230531.htm,769.0,Post-IPO,2023-05-31 20:59:06,United States,0.2,Unknown,5.602118820879701
Vendr,Boston,Other,100.0,2023-05-31,https://www.theinformation.com/briefings/software-cost-management-startup-vendr-lays-off-25,216.0,Series B,2023-05-31 22:45:16,United States,0.25,Unknown,4.61512051684126
McMakler,Berlin,Real Estate,60.0,2023-05-31,https://www.businessinsider.de/gruenderszene/business/wieder-entlassungen-bei-immobilien-startup-mcmakler/,214.0,Unknown,2023-06-02 02:58:27,Germany,,Unknown,4.110873864173311
Mux,SF Bay Area,Infrastructure,40.0,2023-05-31,Internal memo,173.0,Series D,2023-06-02 12:46:13,United States,0.3,Unknown,3.713572066704308
Away,New York City,Retail,22.0,2023-05-31,https://pitchbook.com/news/articles/away-direct-to-consumer-layoffs-venture-capital,181.0,Series D,2023-08-15 00:12:35,United States,0.08,Unknown,3.1354942159291497
Taxfix,Berlin,Finance,120.0,2023-05-30,https://techcrunch.com/2023/05/30/taxfix-layoffs/,330.0,Series D,2023-05-31 01:39:43,Germany,0.2,Unknown,4.795790545596741
Mensa Brands,Bengaluru,Retail,30.0,2023-05-30,https://inc42.com/buzz/layoffs-continue-mensa-brands-fires-employees-from-recently-acquired-india-lifestyle-network/,254.0,Unknown,2023-05-31 01:29:40,India,,Unknown,3.4339872044851463
Evolve,Denver,Travel,164.0,2023-05-29,https://skift.com/blog/evolve-lays-off-14-percent-of-its-staff/,224.0,Series F,2023-09-14 13:56:55,United States,0.14,Unknown,5.10594547390058
Project44,Chicago,Logistics,130.0,2023-05-26,https://www.freightwaves.com/news/project44-cuts-workforce-warns-of-changing-freighttech-investor-sentiment,817.0,Unknown,2023-05-27 14:25:40,United States,0.1,Unknown,4.875197323201151
DHI Group,New York City,Recruiting,53.0,2023-05-26,https://aimgroup.com/2023/05/26/dhi-group-to-cut-workforce-by-10/,426.0,Post-IPO,2023-06-06 15:15:42,United States,0.1,Unknown,3.9889840465642745
BenevolentAI,London,Healthcare,180.0,2023-05-25,https://endpts.com/benevolentai-lays-off-around-180-staffers-cuts-pipeline-programs-in-reorg/,292.0,Private Equity,2023-05-26 04:32:17,United Kingdom,,Unknown,5.198497031265826
Airmeet,Bengaluru,Marketing,75.0,2023-05-25,https://inc42.com/buzz/exclusive-prosus-backed-airmeet-lays-off-30-of-its-workforce/,50.0,Series B,2023-05-26 04:26:32,India,0.3,Unknown,4.330733340286331
Circus Kitchens,Hamburg,Food,35.0,2023-05-25,https://www.businessinsider.de/gruenderszene/food/massenentlassung-beim-lieferdienst-startup-circus-kitchens/,12.0,Seed,2023-05-26 04:22:22,Germany,,Unknown,3.58351893845611
Jellysmack,Paris,Media,13.0,2023-05-25,https://www.businessinsider.com/creator-economy-startup-jellysmack-laid-off-us-france-staff-layoffs-2023-5,22.0,Series C,2024-01-20 01:59:36,France,,Unknown,2.6390573296152584
Guild,Denver,Education,172.0,2023-05-24,https://www.bizjournals.com/denver/news/2023/05/25/guild-layoffs.html,643.0,Series F,2023-05-26 04:29:11,United States,0.12,Unknown,5.153291594497779
WillowTree,Charlottesville,Marketing,120.0,2023-05-24,https://www.nbc29.com/2023/05/24/23-charlottesville-area-employees-laid-off-willowtree/,80.0,Acquired,2023-05-24 21:04:43,United States,0.11,Unknown,4.795790545596741
Flink,Berlin,Food,100.0,2023-05-24,https://www.businessinsider.de/gruenderszene/food/uebernahme-durch-getir-vom-tisch-flink-findet-neues-investorengeld-bewertung-sinkt-massiv/,1000.0,Series B,2023-05-24 21:01:46,Germany,0.16,Unknown,4.61512051684126
Western Digital,Kfar Saba,Hardware,60.0,2023-05-24,https://www.calcalistech.com/ctechnews/article/sk4mliohh,900.0,Post-IPO,2023-06-02 12:39:14,Israel,0.07,Unknown,4.110873864173311
Reliance JioMart,Mumbai,Food,1000.0,2023-05-23,https://economictimes.indiatimes.com/tech/technology/reliances-wholesale-format-fires-1000-a-bigger-layoff-round-likely/articleshow/100428603.cms,1500.0,late_stage,2023-05-23 14:59:48,India,,Unknown,6.90875477931522
Qualcomm,Haifa,Hardware,30.0,2023-05-23,https://www.calcalistech.com/ctechnews/article/hkfdle9s3,426.0,Post-IPO,2023-06-02 12:37:45,Israel,,Unknown,3.4339872044851463
AppFolio,Santa Barbara,Real Estate,62.0,2023-05-22,https://www.pacbiztimes.com/2023/05/22/appfolio-lays-off-62-people/,30.0,Post-IPO,2023-05-24 02:17:16,United States,,Unknown,4.143134726391533
Moss,Berlin,Finance,30.0,2023-05-19,https://financefwd.com/de/moss-mitarbeiter-entlassungen-2/,150.0,Series B,2023-05-24 15:43:50,Germany,,Unknown,3.4339872044851463
Pie Insurance,Washington D.C.,Finance,63.0,2023-05-18,https://media.pieinsurance.com/press-releases/a-message-from-pies-ceo/,621.0,Series D,2023-05-18 19:51:36,United States,0.14,Unknown,4.1588830833596715
Stash,New York City,Finance,40.0,2023-05-17,https://www.axios.com/pro/fintech-deals/2023/05/17/stash-lays-off-10-percent-reorganization,480.0,Unknown,2023-05-19 23:47:15,United States,0.1,Unknown,3.713572066704308
Cerner,Kansas City,Healthcare,3000.0,2023-05-16,https://www.businessinsider.com/oracle-halted-raises-layoffs-after-cerner-deal-2023-5,80.0,Acquired,2023-05-17 15:08:37,United States,0.11,Unknown,8.006700845440367
Zepz,London,Finance,420.0,2023-05-16,https://www.cnbc.com/2023/05/16/fintech-unicorn-zepz-owner-of-worldremit-lays-off-26percent-of-staff.html,700.0,Series E,2023-05-16 22:00:47,United Kingdom,0.26,Unknown,6.042632833682381
Lemonade,New York City,Finance,45.0,2023-05-16,https://www.calcalistech.com/ctechnews/article/s18wcz11r2,481.0,Post-IPO,2023-05-16 21:59:58,United States,0.03,Unknown,3.828641396489095
Nuro,SF Bay Area,Transportation,340.0,2023-05-12,https://techcrunch.com/2023/05/12/autonomous-delivery-startup-nuro-to-lay-off-30-of-workforce/,2100.0,Series D,2023-05-11 00:12:57,United States,0.3,Unknown,5.831882477283517
Telenav,Cluj-Napoca,Transportation,172.0,2023-05-12,https://www.romania-insider.com/telenav-closes-cluj-office-may-2023,30.0,Post-IPO,2023-05-12 14:48:51,Romania,,Unknown,5.153291594497779
Happay,Bengaluru,Finance,160.0,2023-05-12,https://inc42.com/buzz/exclusive-cred-owned-happay-trims-35-workforce/,21.0,Acquired,2023-05-15 16:00:37,India,0.35,Unknown,5.081404364984463
Slickdeals,Las Vegas,Retail,79.0,2023-05-12,Company exec,172.5,Unknown,2023-05-15 20:58:51,United States,0.33,Unknown,4.382026634673881
Toothsi,Mumbai,Healthcare,20.0,2023-05-12,https://www.moneycontrol.com/news/business/startup/dental-tech-startup-toothsi-lays-off-20-30-employees-amid-funding-crunch-10574111.html,87.0,Series C,2023-05-14 15:40:16,India,,Unknown,3.044522437723423
Cornershop,Santiago,Food,250.0,2023-05-11,https://www.bloomberg.com/news/articles/2023-05-11/uber-owned-online-grocer-cornershop-eliminates-11-of-staff#xj4y7vzkg?leadSource=uverify%20wall,31.0,Acquired,2023-05-12 14:46:24,Chile,0.11,Unknown,5.5254529391317835
Varo,SF Bay Area,Finance,97.0,2023-05-11,https://www.varomoney.com/press/05112023-message-from-colin/,992.0,Series E,2023-05-17 15:09:44,United States,,Unknown,4.584967478670572
Microsoft,Seattle,Other,158.0,2023-05-10,https://www.geekwire.com/2023/microsoft-cutting-more-jobs-in-seattle-region-beyond-global-layoffs-announced-in-january/,1.0,Post-IPO,2023-05-11 00:12:03,United States,,Unknown,5.0689042022202315
Redbubble,Melbourne,Retail,70.0,2023-05-10,https://www.afr.com/technology/redbubble-axes-75-roles-in-a-new-cost-cutting-round-20230510-p5d762,55.0,Post-IPO,2023-05-10 15:01:22,Australia,0.23,Unknown,4.2626798770413155
Similarweb,New York City,Other,60.0,2023-05-10,https://www.calcalistech.com/ctechnews/article/sya4wmt4h,235.0,Post-IPO,2023-05-11 15:37:44,United States,0.06,Unknown,4.110873864173311
Stack Overflow,New York City,Recruiting,58.0,2023-05-10,https://stackoverflow.blog/2023/05/10/a-message-from-prashanth-chandrasekar-ceo-stack-overflow/,153.0,Acquired,2023-05-11 00:06:41,United States,0.1,Unknown,4.07753744390572
Akamai,Boston,Security,290.0,2023-05-09,https://www.bizjournals.com/boston/news/2023/05/09/akamai-cuts-global-workforce-2023.html,35.0,Post-IPO,2023-05-10 14:45:09,United States,0.03,Unknown,5.673323267171493
Sonatype,Baltimore,Security,100.0,2023-05-09,https://www.theregister.com/2023/05/10/sonatype_job_cuts/,154.0,Acquired,2023-05-11 00:10:18,United States,0.14,Unknown,4.61512051684126
AudioCodes,Tel Aviv,Other,80.0,2023-05-09,https://www.calcalistech.com/ctechnews/article/hjnggpd43,91.0,Post-IPO,2023-05-09 21:03:11,Israel,0.06,Unknown,4.394449154672439
LinkedIn,SF Bay Area,Recruiting,716.0,2023-05-08,https://www.reuters.com/technology/linkedin-cut-716-jobs-phase-out-china-local-jobs-app-2023-05-09/,154.0,Acquired,2023-05-09 03:44:22,United States,0.04,Unknown,6.57507584059962
Cuemath,Bengaluru,Education,100.0,2023-05-08,https://entrackr.com/2023/05/cuemath-lays-off-around-100-employees/,121.0,Unknown,2023-05-08 15:16:37,India,,Unknown,4.61512051684126
Momentis Surgical,Tel Aviv,Healthcare,70.0,2023-05-08,https://www.calcalistech.com/ctechnews/article/bk11kl2i43,256.0,Series D,2023-05-13 20:43:11,Israel,0.6,Unknown,4.2626798770413155
Glean AI,New York City,Finance,5.0,2023-05-08,Company exec,11.0,Seed,2023-05-16 22:35:08,United States,,Unknown,1.791759469228055
Twist Bioscience,SF Bay Area,Healthcare,270.0,2023-05-05,https://www.biospace.com/article/releases/twist-bioscience-reports-fiscal-second-quarter-2023-financial-results/,503.0,Post-IPO,2023-05-05 20:41:53,United States,0.25,Unknown,5.602118820879701
Meesho,Bengaluru,Retail,251.0,2023-05-05,https://www.moneycontrol.com/news/business/meesho-to-fire-251-employees-says-it-made-judgement-errors-in-over-hiring-ahead-of-the-curve-10531531.html,1100.0,Series F,2023-05-05 12:24:47,India,0.15,Unknown,5.529429087511423
Teachmint,Bengaluru,Education,70.0,2023-05-05,https://inc42.com/buzz/exclusive-teachmint-lays-off-over-70-employees-in-2nd-round-of-layoffs/,118.0,Series B,2023-05-05 12:27:47,India,,Unknown,4.2626798770413155
Shopify,Ottawa,Retail,2300.0,2023-05-04,https://www.cbc.ca/news/business/shopify-layoffs-1.6831842,122.0,Post-IPO,2023-05-04 15:05:30,Canada,0.2,Unknown,7.741099090035366
Sabre,Dallas,Travel,1100.0,2023-05-04,https://skift.com/2023/05/04/sabre-is-cutting-15-percent-of-its-workforce-roughly-1100-jobs/,1700.0,Post-IPO,2023-05-05 12:26:14,United States,0.15,Unknown,7.00397413672268
Scribe Media,Austin,Marketing,90.0,2023-05-04,https://www.bizjournals.com/austin/inno/stories/news/2023/05/30/scribe-media-shuts-down-and-lays-off-90-employees.html,172.5,Unknown,2023-05-31 19:56:29,United States,1.0,Unknown,4.51085950651685
Autograph,Los Angeles,Crypto,30.0,2023-05-04,https://www.businessinsider.com/tom-bradys-nft-startup-autograph-layoffs-crypto-2023-5?IR=T,205.0,Series B,2023-05-05 20:39:28,United States,0.33,Unknown,3.4339872044851463
Earnix,Tel Aviv,Finance,30.0,2023-05-04,https://www.calcalistech.com/ctechnews/article/hymylgzvh,100.0,Unknown,2023-05-04 15:13:27,Israel,0.1,Unknown,3.4339872044851463
Karma,Tel Aviv,Retail,20.0,2023-05-04,https://www.calcalistech.com/ctechnews/article/bj11xzuw43,34.0,Series A,2023-05-05 23:40:13,Israel,0.28,Unknown,3.044522437723423
Unity,SF Bay Area,Other,600.0,2023-05-03,https://www.wsj.com/articles/unity-conducts-its-third-and-largest-round-of-layoffs-in-a-year-48fdafe1,1300.0,Post-IPO,2023-05-03 14:41:15,United States,0.08,Unknown,6.398594934535208
Upwork,SF Bay Area,Other,137.0,2023-05-03,https://www.upwork.com/press/releases/a-message-from-our-ceo,168.0,Post-IPO,2023-05-03 22:17:19,United States,0.15,Unknown,4.927253685157205
Cars24,Jakarta,Transportation,100.0,2023-05-03,https://inc42.com/buzz/cars24-shuts-shop-in-indonesia-saudi-arabia-to-focus-on-india-ops/?utm_source=ActiveCampaign&utm_medium=email&utm_content=Profit++Karo++On+Paytm+s+Mind%21+%7C+Two+Bengaluru+Unicorns+Cut+Jobs+%7C+Tim+Cook+s+%E2%9D%A4%EF%B8%8F+For+India&utm_campaign=Morning+Newsletter+-+New+Template+06+May&vgo_ee=vZ%2BZfbikRuPiTdEJPl5%2BEYyCJFrocn5no%2Bm25FjbMJUy9Zuq7w%3D%3D%3AAqF8bsXWMtjx1ZHWtxqmJxDrH43MqNRa,1300.0,late_stage,2023-05-07 00:39:21,Indonesia,,Unknown,4.61512051684126
Brightcove,Boston,Marketing,70.0,2023-05-03,https://www.bizjournals.com/boston/news/2023/05/03/brightcove-cuts-across-organization.html,145.0,Post-IPO,2023-05-04 15:12:17,United States,0.1,Unknown,4.2626798770413155
Healthy.io,Tel Aviv,Healthcare,70.0,2023-05-03,https://www.calcalistech.com/ctechnews/article/b11800cknh,185.0,Series D,2023-05-03 23:47:00,United States,0.33,Unknown,4.2626798770413155
Zymergen,SF Bay Area,Other,27.0,2023-05-03,https://www.biospace.com/article/biospace-layoff-tracker-2023-athenex-shutters-facility-cuts-staff/,974.0,Acquired,2023-05-05 20:40:15,United States,,Unknown,3.332204510175204
TheSkimm,New York City,Media,22.0,2023-05-03,https://www.businessinsider.com/newsletter-publisher-theskimm-laid-off-13-percent-second-round-2023-2023-5,28.0,Series C,2023-05-08 15:20:34,United States,0.13,Unknown,3.1354942159291497
Bishop Fox,Phoenix,Security,50.0,2023-05-02,https://techcrunch.com/2023/05/03/bishop-fox-lays-off-employees-days-after-throwing-conference-party/,146.0,Series B,2023-05-03 23:42:35,United States,0.13,Unknown,3.9318256327243257
Zoomo,Sydney,Transportation,27.0,2023-05-02,https://www.businessnewsaustralia.com/articles/sydney-e-bike-provider-zoomo-cuts-8-per-cent-of-its-workforce.html,105.0,Series B,2023-05-02 16:26:35,Australia,0.08,Unknown,3.332204510175204
SAS,Raleigh,Data,250.0,2023-05-01,https://wraltechwire.com/2023/05/01/sas-to-close-some-international-offices-making-selective-hires-in-prepping-for-stock-offering/,172.5,Unknown,2023-07-05 00:16:58,United States,,Unknown,5.5254529391317835
Lev,New York City,Real Estate,34.0,2023-05-01,https://therealdeal.com/new-york/2023/05/01/cre-finance-platform-lev-lays-off-more-staff/,114.0,Series B,2023-05-01 23:51:06,United States,,Unknown,3.5553480614894135
Vah Vah!,Bengaluru,Education,150.0,2023-04-30,https://inc42.com/features/how-former-zynga-india-head-silently-shut-his-startup-after-slashing-150-jobs/,2.0,Seed,2023-07-19 16:37:06,India,,Unknown,5.017279836814924
Cogito,New Delhi,Data,177.0,2023-04-29,https://inc42.com/buzz/protests-erupt-data-startup-cogito-fires-177-indian-employees/,172.5,Unknown,2023-05-01 14:36:18,India,,Unknown,5.181783550292085
Cue Health,San Diego,Healthcare,326.0,2023-04-28,https://www.sec.gov/Archives/edgar/data/1628945/000162894523000085/hlth-20230428.htm,899.0,Post-IPO,2023-05-01 23:57:54,United States,0.3,Unknown,5.7899601708972535
N26,Berlin,Finance,71.0,2023-04-28,https://www.businessinsider.de/gruenderszene/fintech/folgen-der-krise-n26-entlaesst-mitarbeiter/,1700.0,Series E,2023-04-28 04:43:46,United States,0.04,Unknown,4.276666119016055
Embark Vet,Boston,Healthcare,28.0,2023-04-28,https://docs.google.com/spreadsheets/d/12HLkzExDs4cXgF8FGl8M6D3Zilpr4iWMJHVGfGy4szk/edit#gid=113211201,94.0,Series B,2023-05-10 14:56:08,United States,,Unknown,3.367295829986474
Dropbox,SF Bay Area,Other,500.0,2023-04-27,https://blog.dropbox.com/topics/company/a-message-from-drew,1700.0,Post-IPO,2023-04-27 14:35:46,United States,0.16,Unknown,6.2166061010848646
Alteryx,Los Angeles,Data,320.0,2023-04-27,https://siliconangle.com/2023/04/27/alteryx-delivers-mixed-earnings-results-plans-cut-11-staff/,613.0,Post-IPO,2023-04-28 04:52:03,United States,0.11,Unknown,5.771441123130016
Vroom,New York City,Transportation,120.0,2023-04-27,https://www.hrkatha.com/news/layoff/vroom-to-let-go-11-workforce/,1300.0,Post-IPO,2023-04-28 04:47:16,United States,0.11,Unknown,4.795790545596741
Greenhouse,New York City,Recruiting,100.0,2023-04-27,https://www.greenhouse.com/blog/navigating-market-uncertainty,110.0,Private Equity,2023-04-27 16:17:33,United States,0.12,Unknown,4.61512051684126
Rebellion Defense,Washington D.C.,Data,90.0,2023-04-27,https://blog.rebelliondefense.com/a-difficult-decision-for-rebellion-5fe0fbc927e4,150.0,Series B,2023-04-29 03:13:47,United States,,Unknown,4.51085950651685
Poppulo,Denver,HR,85.0,2023-04-27,https://www.rte.ie/news/business/2023/0427/1379567-poppulo-to-lay-off-21-staff-in-ireland-to-cut-costs/,30.0,Acquired,2023-04-29 03:12:11,United States,,Unknown,4.454347296253507
Megaport,Brisbane,Infrastructure,50.0,2023-04-27,https://cdn-api.markitdigital.com/apiman-gateway/ASX/asx-research/1.0/file/2924-02659300-2A1446019?access_token=83ff96335c2d45a094df02a206a39ff4,98.0,Post-IPO,2023-04-29 03:10:01,Australia,0.16,Unknown,3.9318256327243257
Airtasker,Sydney,Retail,45.0,2023-04-27,https://www.businessnewsaustralia.com/articles/airtasker-makes-20pc-of-employees-redundant.html,26.0,Series C,2023-04-28 04:55:48,Australia,0.2,Unknown,3.828641396489095
Chief,New York City,Other,43.0,2023-04-27,https://techcrunch.com/2023/04/27/chief-a-professional-network-for-women-leaders-cuts-staff-amid-restructuring-effort/,140.0,Series B,2023-04-27 19:10:57,United States,0.14,Unknown,3.784189633918261
Tickertape,Bengaluru,Finance,29.0,2023-04-27,https://entrackr.com/2023/04/smallcase-backed-tickertape-layoff-30-workforce/,5.0,Seed,2023-04-28 04:45:34,India,0.29,Unknown,3.4011973816621555
Extramarks,Noida,Education,300.0,2023-04-26,https://inc42.com/buzz/exclusive-reliance-backed-edtech-startup-extramarks-fires-over-300-employees-to-shut-b2c-biz/,172.5,Unknown,2023-04-26 22:04:41,India,,Unknown,5.707110264748875
Teampay,New York City,Finance,30.0,2023-04-26,https://www.axios.com/pro/fintech-deals/2023/04/26/corporate-card-teampay-layoffs-30-percent,79.0,Series B,2023-04-28 04:39:43,United States,0.33,Unknown,3.4339872044851463
Skill Lync,Chennai,Education,400.0,2023-04-25,https://inc42.com/buzz/exclusive-iron-pillar-backed-edtech-startup-skill-lync-fires-over-400-employees/,17.0,Series A,2023-04-25 13:56:44,India,,Unknown,5.993961427306569
Rapid,SF Bay Area,Finance,115.0,2023-04-25,https://techcrunch.com/2023/04/25/rapidapi-valued-at-1-billion-last-year-cuts-staff-by-50/,272.0,Series D,2023-04-25 18:47:35,United States,0.5,Unknown,4.7535901911063645
Rapid,SF Bay Area,Finance,70.0,2023-04-25,https://techcrunch.com/2023/05/05/rapidapi-headcount-down-82-from-fresh-layoffs-less-than-two-weeks-after-cutting-50-of-staff/,272.0,Series D,2023-05-05 20:46:56,United States,0.3,Unknown,4.2626798770413155
Flink,Berlin,Food,8000.0,2023-04-24,https://www.manager-magazin.de/unternehmen/tech/flink-lieferdienst-hat-still-und-leise-8000-jobs-abgeschafft-a-caa29cb9-82b5-4d1e-83ca-a29efaccd25d,1000.0,Series B,2023-04-25 13:58:38,Germany,0.4,Unknown,8.987321812850125
Red Hat,Raleigh,Other,760.0,2023-04-24,https://abc11.com/jobs-red-hat-careers-layoffs-raleigh-nc/13180340/,80.0,Acquired,2023-04-24 15:39:24,United States,0.04,Unknown,6.634633357861686
BigPanda,SF Bay Area,Infrastructure,40.0,2023-04-24,https://www.calcalistech.com/ctechnews/article/hjmakgn73,337.0,Series E,2023-04-25 13:55:53,United States,0.13,Unknown,3.713572066704308
Lyft,SF Bay Area,Transportation,1072.0,2023-04-21,https://www.cnbc.com/2023/04/27/lyft-layoffs-company-to-cut-1072-employees-or-26percent-of-its-workforce.html,4900.0,Post-IPO,2023-04-21 16:30:44,United States,0.26,Unknown,6.9782137426306985
Benchling,SF Bay Area,Other,74.0,2023-04-21,https://www.reuters.com/technology/life-sciences-software-startup-benchling-lays-off-9-workforce-2023-04-21/,411.0,Series F,2023-04-22 03:37:53,United States,0.09,Unknown,4.31748811353631
BuzzFeed,New York City,Media,180.0,2023-04-20,https://variety.com/2023/digital/news/buzzfeed-news-shutting-down-layoffs-1235589751/,696.0,Post-IPO,2023-04-20 20:20:35,United States,0.15,Unknown,5.198497031265826
Koo,Bengaluru,Consumer,78.0,2023-04-20,https://economictimes.indiatimes.com/tech/startups/twitters-rival-koo-fires-30-staff-on-funding-crunch/articleshow/99632488.cms,50.0,Series B,2023-04-20 15:44:14,India,0.3,Unknown,4.3694478524670215
Open,Bengaluru,Finance,47.0,2023-04-20,https://entrackr.com/2023/04/exclusive-neobank-open-lays-off-around-50-employees/,190.0,Series D,2023-04-20 15:56:57,India,,Unknown,3.871201010907891
Gloat,New York City,HR,35.0,2023-04-20,https://www.calcalistech.com/ctechnews/article/ry8dgb1x3,192.0,Series D,2023-04-21 15:36:22,United States,0.12,Unknown,3.58351893845611
F5,Seattle,Security,623.0,2023-04-19,https://www.reuters.com/technology/software-firm-f5-layoff-9-staff-trims-fiscal-revenue-guidance-2023-04-19/,426.0,Post-IPO,2023-04-20 15:56:32,United States,0.09,Unknown,6.436150368369428
WalkMe,SF Bay Area,Other,112.0,2023-04-19,https://www.calcalistech.com/ctechnews/article/byc3z4pgn,307.0,Post-IPO,2023-04-19 15:39:22,United States,0.1,Unknown,4.727387818712341
Opendoor,SF Bay Area,Real Estate,560.0,2023-04-18,https://www.inman.com/2023/04/18/opendoor-lays-off-22-of-its-workforce-in-latest-round-of-cuts/,1900.0,Post-IPO,2023-04-18 17:55:14,United States,0.22,Unknown,6.329720905522696
Noon,Riyadh,Retail,340.0,2023-04-18,https://www.bloomberg.com/news/articles/2023-04-18/amazon-s-middle-east-rival-noon-cuts-10-of-jobs-to-pare-costs?leadSource=uverify%20wall,172.5,Unknown,2023-04-19 00:23:39,Saudi Arabia,0.1,Unknown,5.831882477283517
Culture Amp,Melbourne,HR,90.0,2023-04-18,https://www.startupdaily.net/topic/business/hr-unicorn-culture-amp-is-the-latest-tech-company-to-shed-jobs-cutting-90-roles/,257.0,Series F,2023-04-19 00:21:55,Australia,0.09,Unknown,4.51085950651685
TRM Labs,SF Bay Area,Crypto,16.0,2023-04-18,https://blockworks.co/news/crypto-hiring-custodian-copper,149.0,Series B,2023-05-05 03:06:30,United States,0.09,Unknown,2.833213344056216
Ten Square Games,Wrocław,Consumer,120.0,2023-04-17,https://economictimes.indiatimes.com/tech/technology/ten-square-games-to-lay-off-25-of-staff-suspend-two-major-projects/articleshow/99558794.cms,4.0,Seed,2023-04-18 04:44:03,Poland,0.25,Unknown,4.795790545596741
Clearcover,Chicago,Finance,81.0,2023-04-17,https://coverager.com/layoffs-at-clearcover/,304.0,Series D,2023-04-25 22:57:09,United States,0.15,Unknown,4.406719247264253
Paper,Montreal,Education,81.0,2023-04-17,https://paper.co/inside-paper/a-message-from-papers-ceo-and-founder-philip-cutler,389.0,Series D,2023-05-17 21:20:16,Canada,0.03,Unknown,4.406719247264253
Ynsect,Paris,Food,17.0,2023-04-17,https://pitchbook.com/news/articles/agtech-ynsect-funding-layoffs,579.0,Series D,2023-04-18 04:45:17,France,0.25,Unknown,2.8903717578961645
Drip Capital,SF Bay Area,Finance,75.0,2023-04-14,https://inc42.com/buzz/exclusive-trade-financing-startup-drip-capital-lays-off-20-employees/,85.0,Series C,2023-04-15 01:36:30,United States,0.2,Unknown,4.330733340286331
Community Gaming,New York City,Crypto,17.0,2023-04-14,https://decrypt.co/136786/web3-startup-community-gaming-confirms-layoffs-amid-esports-downturn,18.0,Series A,2023-04-17 00:38:52,United States,0.17,Unknown,2.8903717578961645
Snyk,Boston,Security,128.0,2023-04-13,https://snyk.io/blog/snyk-evolution-april-13/,849.0,Series F,2023-04-14 03:03:58,United States,,Unknown,4.859812404361672
Astronomer,Cincinnati,Data,100.0,2023-04-13,Internal memo,282.0,Series C,2023-04-15 01:38:02,United States,0.4,Unknown,4.61512051684126
Viasat,San Diego,Other,300.0,2023-04-12,https://www.sandiegouniontribune.com/business/story/2023-04-12/viasat-trims-global-workforce,366.0,Post-IPO,2023-04-25 13:57:35,United States,0.04,Unknown,5.707110264748875
Science 37,Los Angeles,Healthcare,140.0,2023-04-12,https://www.bizjournals.com/triangle/news/2023/04/12/science-37-cutting-140-jobs-us-europe-asia-growth.html,347.0,Post-IPO,2023-05-05 20:45:57,United States,,Unknown,4.948759890378168
Medtronic,SF Bay Area,Healthcare,59.0,2023-04-12,https://www.massdevice.com/medtronic-layoffs-california/,5900.0,Post-IPO,2023-04-14 03:06:16,United States,,Unknown,4.0943445622221
Milkrun,Sydney,Food,400.0,2023-04-11,https://www.forbes.com.au/news/investing/milkrun-collapses-as-400-staff-made-redundant/,86.0,Series A,2023-04-11 03:48:52,Australia,1.0,Unknown,5.993961427306569
Redfin,Seattle,Real Estate,201.0,2023-04-11,https://www.geekwire.com/2023/redfin-lays-off-201-employees-as-housing-market-continues-to-retrench/,320.0,Post-IPO,2023-04-14 02:59:09,United States,0.04,Unknown,5.308267697401205
Permutive,London,Marketing,80.0,2023-04-11,https://www.businessinsider.com/permutive-announces-second-round-of-layoffs-2023-4?IR=T,105.0,Series C,2023-04-14 03:02:59,United Kingdom,0.4,Unknown,4.394449154672439
Examedi,Santiago,Healthcare,45.0,2023-04-11,https://contxto.com/en/startups-es/this-week-in-startups-softbank-shakeups-krans-funding-round-and-layoffs-at-examedi/,19.0,Unknown,2023-04-17 00:37:15,Chile,0.25,Unknown,3.828641396489095
Flock Freight,San Diego,Logistics,45.0,2023-04-10,https://www.freightwaves.com/news/flock-freight-under-fire-insiders-recount-toxic-work-culture-leadership-failures,399.0,Series D,2023-05-18 19:53:43,United States,0.08,Unknown,3.828641396489095
Nori,Seattle,Energy,10.0,2023-04-10,https://www.geekwire.com/2023/carbon-removal-startup-nori-lays-off-10-employees-citing-market-concerns/,13.0,Unknown,2023-05-31 22:48:16,United States,0.37,Unknown,2.3978952727983707
Simpl,Bengaluru,Finance,150.0,2023-04-09,https://entrackr.com/2023/04/exclusive-bnpl-startup-simpl-layoffs-over-150-employees/,71.0,Series B,2023-04-19 15:40:01,India,0.25,Unknown,5.017279836814924
Practo,Bengaluru,Healthcare,41.0,2023-04-08,https://inc42.com/buzz/practo-fires-41-employees-over-performance-issues/?utm_source=ActiveCampaign&utm_medium=email&utm_content=Insurance-Dekho+s+LIC+Playbook+%7C+Layoffs+At+Practo%2C+ZestMoney+%7C+Online+Betting+Ads+Under+Govt+s+Radar&utm_campaign=Morning+Newsletter+-+New+Template+8+April&vgo_ee=PV2n3HwtkpF6%2FSWkTE%2BLbU2PnrHTL7zklbRFWZn49c8%2FivNE%2BQ%3D%3D%3AjFxYJjNMz0p5NucAgOKx1lsiGYMyZigG,222.0,Series D,2023-04-09 15:21:14,India,,Unknown,3.7376696182833684
Pear Therapeutics,Boston,Healthcare,170.0,2023-04-07,https://www.statnews.com/2023/04/07/pear-therapeutics-bankruptcy-stock-sale/,409.0,Post-IPO,2023-04-08 01:13:55,United States,0.92,Unknown,5.14166355650266
Workit Health,Ann Arbor,Healthcare,100.0,2023-04-07,https://bhbusiness.com/2023/04/07/virtual-sud-provider-workit-lays-off-100-employees-in-anticipation-of-dea-crackdown/,138.0,Series C,2023-04-09 15:25:13,United States,,Unknown,4.61512051684126
ZestMoney,Bengaluru,Finance,100.0,2023-04-07,https://www.moneycontrol.com/news/business/announcements/zestmoney-weighs-layoffs-as-deal-with-phonepe-falls-through-10342251.html,120.0,Series C,2023-04-01 01:56:46,India,0.2,Unknown,4.61512051684126
Absolute Software,Vancouver,Security,40.0,2023-04-06,https://www.absolute.com/company/press-releases/2023/absolute-software-announces-workforce-restructuring/,426.0,Post-IPO,2023-04-06 23:58:11,Canada,0.05,Unknown,3.713572066704308
Avocargo,Berlin,Transportation,16.0,2023-04-06,https://www.businessinsider.de/gruenderszene/automotive-mobility/lastenrad-startup-avocargo-stellt-betrieb-ein/,4.0,Seed,2023-04-08 01:11:39,Germany,1.0,Unknown,2.833213344056216
Dunzo,Bengaluru,Food,300.0,2023-04-05,https://economictimes.indiatimes.com/tech/newsletters/morning-dispatch/scoop-dunzo-secures-75m-via-convertible-notes-fires-30-staff-tim-cook-may-visit-india-as-apple-opens-first-company-owned-store/articleshow/99281436.cms,382.0,Unknown,2023-04-06 03:11:10,India,0.3,Unknown,5.707110264748875
Amplitude,SF Bay Area,Data,99.0,2023-04-05,https://amplitude.com/blog/team-update,311.0,Post-IPO,2023-04-05 18:14:10,United States,0.13,Unknown,4.605170185988092
Talent.com,Montreal,Recruiting,86.0,2023-04-05,https://aimgroup.com/2023/04/05/talent-com-cuts-25-of-staff-source-says/,150.0,Series B,2023-09-07 15:28:30,Canada,0.18,Unknown,4.465908118654584
1K Kirana,Gurugram,Retail,600.0,2023-04-04,https://www.moneycontrol.com/news/business/startup/info-edge-ventures-backed-1k-kirana-lays-off-40-workforce-to-restructure-business-10359421.html,67.0,Series B,2023-04-04 09:45:37,India,0.4,Unknown,6.398594934535208
Foundation Medicine,Boston,Healthcare,135.0,2023-04-04,https://www.foundationmedicine.com/blog/a-strong-foundation-for-the-future,96.0,Acquired,2023-04-09 15:19:57,United States,,Unknown,4.912654885736052
Finder,Sydney,Retail,40.0,2023-04-04,https://www.smh.com.au/technology/finder-cuts-staff-for-the-second-time-in-three-months-20230404-p5cxwr.html,30.0,Unknown,2023-04-11 20:57:50,Australia,,Unknown,3.713572066704308
Boost,New York City,Finance,15.0,2023-04-04,https://boostinsurance.com/blog/a-message-from-boost-ceo-alex-maffeo/,37.0,Series B,2023-04-05 00:23:08,United States,0.2,Unknown,2.772588722239781
Hyland Software,Cleveland,Other,1000.0,2023-04-03,https://www.cleveland.com/news/2023/04/westlake-based-hyland-software-will-layoff-1000-employees-20-of-workforce.html?outputType=amp,80.0,Acquired,2023-04-04 04:27:03,United States,0.2,Unknown,6.90875477931522
View,SF Bay Area,Other,170.0,2023-04-03,https://therealdeal.com/national/2023/04/03/view-cuts-23-of-staff-seeks-funds-to-survive-2023/,2300.0,Post-IPO,2023-04-05 00:24:25,United States,0.23,Unknown,5.14166355650266
Guideline,SF Bay Area,Finance,48.0,2023-04-03,https://layoffstracker.com/guideline-to-lay-off-48-employees-11-workforce/,339.0,Series E,2023-04-14 03:12:49,United States,0.11,Unknown,3.8918202981106265
Textio,Seattle,Recruiting,15.0,2023-04-03,https://www.geekwire.com/2020/textio-lays-off-30-amid-covid-19-seattle-startup-hopes-ai-writing-tech-will-aid-job-seekers/,42.0,Unknown,2023-04-04 09:39:11,United States,0.12,Unknown,2.772588722239781
Domestika,Madrid,Education,89.0,2023-03-31,https://www.lavanguardia.com/economia/20230331/8869692/domestika-prepara-ere-despedir-89-personas-espana.html,130.0,Series D,2023-04-01 02:01:16,Spain,0.45,Unknown,4.499809670330265
Hulu,Beijing,Media,200.0,2023-03-30,https://en.pingwest.com/w/11542,683.0,Acquired,2023-03-31 04:00:11,China,,Unknown,5.303304908059076
Roku,SF Bay Area,Media,200.0,2023-03-30,https://www.reuters.com/technology/streaming-device-maker-roku-cut-200-jobs-second-round-layoffs-2023-03-30/,208.0,Post-IPO,2023-03-30 22:58:53,United States,0.06,Unknown,5.303304908059076
LendingTree,Charlotte,Finance,150.0,2023-03-30,https://www.wsoctv.com/news/local/lendingtree-cutting-workforce-by-13-latest-layoff-round/264JH3PRKNE4TH3HUR5WA7T6XU/,426.0,Post-IPO,2023-04-01 01:58:21,United States,0.13,Unknown,5.017279836814924
FanClash,Gurugram,Consumer,100.0,2023-03-30,https://inc42.com/buzz/exclusive-sequoia-backed-fanclash-fires-75-workforce-within-a-year-of-raising-40-mn/,50.0,Series B,2023-03-31 03:54:09,India,0.75,Unknown,4.61512051684126
Loop,Austin,Finance,19.0,2023-03-30,https://coverager.com/loop-conducts-another-round-of-layoffs/,24.0,Series A,2023-04-03 03:41:53,United States,0.25,Unknown,2.995732273553991
Crossbeam,Philadelphia,Sales,17.0,2023-03-30,https://technical.ly/startups/crossbeam-layoffs-2023/ ,116.0,Series C,2023-06-01 04:47:53,United States,0.15,Unknown,2.8903717578961645
Spotify,Stockholm,Media,15.0,2023-03-30,https://www.bloomberg.com/news/newsletters/2023-03-30/tensions-flare-inside-npr-after-staff-layoffs-and-town-halls,2100.0,Post-IPO,2023-04-01 02:00:22,Sweden,,Unknown,2.772588722239781
CoverMyMeds,Columbus,Healthcare,800.0,2023-03-29,https://www.dispatch.com/story/business/information-technology/2023/03/29/covermymeds-latest-columbus-tech-firm-to-lay-off-hundreds/70059386007/,5.0,Acquired,2023-03-29 23:07:03,United States,,Unknown,6.68586094706836
Electronic Arts,SF Bay Area,Consumer,780.0,2023-03-29,https://www.wsj.com/articles/electronic-arts-says-it-is-laying-off-6-of-workforce-d9c2b7e1?mod=djemalertNEWS,2.0,Post-IPO,2023-03-29 21:00:58,United States,0.06,Unknown,6.660575149839686
Seagate,SF Bay Area,Hardware,480.0,2023-03-29,https://in.investing.com/news/seagate-unveils-further-round-of-layoffs-citing-economic-uncertainty-3578578,426.0,Post-IPO,2023-04-01 02:09:11,United States,,Unknown,6.175867270105761
Drizly,Boston,Retail,100.0,2023-03-29,https://www.brewbound.com/news/drizly-employees-affected-by-layoff-tidal-wave/,119.0,Acquired,2023-03-31 03:56:21,United States,,Unknown,4.61512051684126
iCAD,Nashua,Healthcare,23.0,2023-03-29,https://www.medtechdive.com/news/iCAD-AI-layoffs-new-ceo/646300/,59.0,Post-IPO,2023-04-08 01:12:21,United States,0.28,Unknown,3.1780538303479458
Lucid Motors,SF Bay Area,Transportation,1300.0,2023-03-28,https://techcrunch.com/2023/03/28/lucid-to-lay-off-1300-employees-in-restructuring/,8300.0,Post-IPO,2023-03-29 00:54:57,United States,0.18,Unknown,7.170888478512505
Blue Nile,Seattle,Retail,119.0,2023-03-28,https://www.retaildive.com/news/blue-nile-to-lay-off-119-workers-close-seattle-fulfillment-center/646172/,62.0,Acquired,2023-03-29 00:56:12,United States,,Unknown,4.787491742782046
AEye,SF Bay Area,Transportation,46.0,2023-03-28,https://investors.aeye.ai/node/8921/html,314.0,Post-IPO,2023-03-29 23:07:49,United States,0.33,Unknown,3.8501476017100584
Rackspace,San Antonio,Data,275.0,2023-03-27,https://www.bizjournals.com/sanantonio/news/2023/03/27/rackspace-reducing-workforce.html,17.0,Acquired,2023-03-28 00:14:49,United States,,Unknown,5.62040086571715
Aspiration,Los Angeles,Finance,170.0,2023-03-24,"https://ccwd.hecc.oregon.gov/Layoff/uploads/LOT8534/WARN%208534%20Aspirations,%20OR%20-%20Govt%20Official%20WARN%20letter.pdf",250.0,Unknown,2023-03-29 00:44:43,United States,,Unknown,5.14166355650266
Cimpress,Paris,Retail,500.0,2023-03-23,https://www.marketwatch.com/story/cimpress-plans-to-cut-about-500-jobs-768d3efc,300.0,Post-IPO,2023-04-11 21:00:23,France,,Unknown,6.2166061010848646
Veeam,Columbus,Data,200.0,2023-03-23,https://blocksandfiles.com/2023/03/23/200-people-get-laid-off-by-veeam/,500.0,Acquired,2023-03-24 18:36:13,United States,,Unknown,5.303304908059076
Glovo,Barcelona,Food,140.0,2023-03-23,https://www.eldiario.es/economia/glovo-acuerda-ere-oficinas-despedir-140-trabajadores_1_10061101.html,1200.0,Acquired,2024-02-05 05:06:11,Spain,,Unknown,4.948759890378168
TakeOff,Kyiv,Retail,50.0,2023-03-23,https://dou.ua/lenta/news/takeoff-layoff/?,146.0,Unknown,2023-03-26 21:25:22,Ukraine,,Unknown,3.9318256327243257
Slite,Paris,Other,10.0,2023-03-23,https://www.linkedin.com/posts/christophepasquier_we-always-pride-ourselves-to-grow-healthily-activity-7044698064845971456-s_EB/,15.0,Series A,2023-03-24 18:39:58,France,0.25,Unknown,2.3978952727983707
Indeed,Austin,HR,2200.0,2023-03-22,https://www.indeed.com/press/releases/a-message-from-our-ceo-chris-hyams,5.0,Acquired,2023-03-22 16:24:35,United States,0.15,Unknown,7.696667081526462
Logitech,Geneva,Hardware,300.0,2023-03-22,https://www.bloomberg.com/news/articles/2023-03-22/logitech-cuts-300-jobs-on-post-covid-slump-in-computer-gadgets?srnd=technology-vp#xj4y7vzkg,426.0,Post-IPO,2023-03-23 16:47:11,Switzerland,,Unknown,5.707110264748875
Glassdoor,SF Bay Area,HR,140.0,2023-03-22,https://www.glassdoor.com/about-us/a-message-from-glassdoor-ceo-christian-sutherland-wong/,204.0,Acquired,2023-03-22 21:04:27,United States,0.15,Unknown,4.948759890378168
Wejo,Chester,Transportation,40.0,2023-03-22,https://wejo.gcs-web.com/node/7461/html,376.0,Post-IPO,2023-03-24 18:27:57,United Kingdom,0.16,Unknown,3.713572066704308
Just Eat,London,Food,1700.0,2023-03-21,https://www.yahoo.com/entertainment/just-eat-lay-off-1-124953457.html,80.0,Acquired,2023-03-21 23:55:29,United Kingdom,,Unknown,7.438971592395862
Marvell,SF Bay Area,Hardware,320.0,2023-03-21,https://www.bloomberg.com/news/articles/2023-03-21/marvell-to-cut-4-of-workforce-in-response-to-chip-slowdown?leadSource=uverify%20wall,426.0,Post-IPO,2023-03-21 23:29:14,United States,0.04,Unknown,5.771441123130016
Workhuman,Dublin,HR,130.0,2023-03-21,https://www.independent.ie/business/technology/irish-tech-unicorn-workhuman-to-lay-off-10pc-of-staff-42397380.html,131.0,Unknown,2023-03-21 23:35:56,Ireland,0.1,Unknown,4.875197323201151
FreshBooks,Toronto,Finance,80.0,2023-03-21,https://betakit.com/freshbooks-lays-off-10-percent-of-staff/,331.0,Unknown,2023-03-21 23:32:09,Canada,0.1,Unknown,4.394449154672439
Xing,Hamburg,HR,68.0,2023-03-21,https://www.mopo.de/hamburg/wegen-neuer-ausrichtung-hamburgs-job-netzwerk-xing-entlaesst-68-mitarbeiter/,20.0,Series A,2023-03-21 23:35:14,Germany,,Unknown,4.23410650459726
Mr Yum,Melbourne,Food,40.0,2023-03-21,https://www.linkedin.com/feed/update/urn:li:activity:7043914147142520832/,101.0,Series A,2023-03-21 23:57:50,Australia,,Unknown,3.713572066704308
Smallcase,Bengaluru,Finance,15.0,2023-03-21,https://www.businesstoday.in/entrepreneurship/news/story/startup-layoffs-sequoia-backed-smallcase-lays-off-4-employees-374171-2023-03-20,62.0,Series C,2023-03-21 03:43:24,India,0.04,Unknown,2.772588722239781
Amazon,Seattle,Retail,9000.0,2023-03-20,https://www.cnbc.com/2023/03/20/amazon-layoffs-company-to-cut-off-9000-more-workers.html,108.0,Post-IPO,2023-03-20 15:07:51,United States,,Unknown,9.105090961257085
Livspace,Bengaluru,Retail,100.0,2023-03-17,https://inc42.com/buzz/exclusive-home-decor-unicorn-livspace-lays-off-100-employees/,431.0,Series F,2023-03-20 03:46:30,India,0.02,Unknown,4.61512051684126
Symend,Calgary,Other,50.0,2023-03-17,https://betakit.com/symend-reduces-team-by-25-percent-in-restructuring-four-months-after-54-million-round/,148.0,Series C,2023-03-23 16:41:33,Canada,0.25,Unknown,3.9318256327243257
Freshworks,SF Bay Area,Support,114.0,2023-03-16,https://www.moneycontrol.com/news/business/freshworks-undertakes-another-round-of-layoffs-10259901.html,484.0,Post-IPO,2023-03-16 15:15:43,United States,0.02,Unknown,4.74493212836325
Coherent,SF Bay Area,Manufacturing,108.0,2023-03-16,https://www.siliconvalley.com/2023/03/16/coherent-fremont-job-cut-tech-layoff-google-facebook-twitter-economy/,426.0,Post-IPO,2023-03-17 04:11:53,United States,,Unknown,4.6913478822291435
Runtastic,Linz,Fitness,70.0,2023-03-16,"https://www.nachrichten.at/wirtschaft/runtastic-streicht-70-von-250-stellen-in-oesterreich;art15,3804088a",80.0,Acquired,2023-03-16 15:14:35,Austria,0.28,Unknown,4.2626798770413155
Course Hero,SF Bay Area,Education,42.0,2023-03-16,https://techcrunch.com/2023/03/16/course-hero-edtech-unicorn-last-valued-at-3-6-billion-conducts-layoffs/,477.0,Series C,2023-03-16 21:24:48,United States,0.15,Unknown,3.7612001156935624
Leafly,Seattle,Retail,40.0,2023-03-16,https://www.geekwire.com/2023/leafly-reportedly-lays-off-employees-for-second-time-in-a-year/,71.0,Post-IPO,2023-03-17 00:24:16,United States,0.21,Unknown,3.713572066704308
Klaviyo,Boston,Marketing,140.0,2023-03-15,https://techcrunch.com/2023/03/15/klaviyo-conducts-company-wide-layoffs/,778.0,Unknown,2023-03-16 01:12:14,United States,,Unknown,4.948759890378168
Dukaan,Bengaluru,Retail,56.0,2023-03-15,https://inc42.com/buzz/exclusive-lightspeed-backed-dukaan-lays-off-30-workforce/,17.0,Series A,2023-03-16 15:16:09,India,0.3,Unknown,4.04305126783455
Boxed,New York City,Retail,32.0,2023-03-15,https://www.crainsnewyork.com/technology/e-commerce-firm-boxedcom-shed-25-staff-it-looks-buyer,365.0,Post-IPO,2023-03-17 15:54:23,United States,0.25,Unknown,3.4965075614664802
Nubank,Sao Paulo,Finance,30.0,2023-03-15,https://brazilian.report/liveblog/politics-insider/2023/06/07/nubank-layoffs-restructuring/,4100.0,Post-IPO,2023-06-08 17:28:19,Brazil,,Unknown,3.4339872044851463
TradeWindow,Auckland,Finance,25.0,2023-03-15,https://www.nbr.co.nz/investment/tradewindow-to-cut-a-third-of-workforce/,24.0,Series B,2023-03-15 15:26:52,New Zealand,0.3,Unknown,3.258096538021482
Meta,SF Bay Area,Consumer,10000.0,2023-03-14,https://about.fb.com/news/2023/03/mark-zuckerberg-meta-year-of-efficiency/,26000.0,Post-IPO,2023-03-14 15:19:25,United States,,Unknown,9.210440366976517
Fetch,Madison,Retail,100.0,2023-03-14,https://www.theinformation.com/articles/softbank-backed-fetch-rewards-cuts-staff-amid-shopping-slowdown?rc=yjxoek,581.0,Series E,2023-03-14 20:25:58,United States,0.1,Unknown,4.61512051684126
Anchorage Digital,SF Bay Area,Crypto,75.0,2023-03-14,https://www.theinformation.com/briefings/crypto-bank-anchorage-digital-lays-off-20-of-staff,487.0,Series D,2023-03-15 15:36:01,United States,0.2,Unknown,4.330733340286331
Avidbots,Kitchener,Hardware,50.0,2023-03-14,https://www.therecord.com/business/2023/03/14/very-difficult-decision-kitchener-robotics-firm-avidbots-confirms-layoffs.html,106.0,Series C,2023-03-17 00:25:07,Canada,0.14,Unknown,3.9318256327243257
Samsung,SF Bay Area,Hardware,30.0,2023-03-14,https://www.zeebiz.com/companies/news-samsung-layoffs-2023-south-korean-giant-cuts-3-jobs-at-us-chip-subsidiary-225788,426.0,Post-IPO,2023-03-15 15:42:11,United States,,Unknown,3.4339872044851463
Kaleidoscope,Minneapolis,Finance,15.0,2023-03-14,https://www.bizjournals.com/twincities/inno/stories/news/2023/03/14/minneapolis-fintech-startup-layoff-kaleidoscope.html,16.0,Series A,2023-03-17 00:22:41,United States,0.3,Unknown,2.772588722239781
GoTo Group,Jakarta,Transportation,600.0,2023-03-10,https://www.reuters.com/technology/indonesia-tech-firm-goto-announces-layoffs-impacts-around-600-roles-statement-2023-03-10/,1300.0,Post-IPO,2023-03-10 15:57:16,Indonesia,,Unknown,6.398594934535208
Cookpad,Tokyo,Consumer,80.0,2023-03-10,https://www.nikkei.com/article/DGXZQOUC109F70Q3A310C2000000/,172.5,Unknown,2023-03-15 15:37:11,Japan,,Unknown,4.394449154672439
Xero,Wellington,Finance,800.0,2023-03-09,https://www.stuff.co.nz/business/300826021/xero-plans-to-cut-up-to-800-jobs,681.0,Post-IPO,2023-03-09 06:03:28,New Zealand,0.15,Unknown,6.68586094706836
Shopee,Jakarta,Food,200.0,2023-03-09,https://www.techinasia.com/shopee-conducts-new-layoffs-in-indonesia,172.5,Unknown,2023-03-10 15:58:12,Indonesia,,Unknown,5.303304908059076
Gopuff,Philadelphia,Food,100.0,2023-03-09,https://www.bloomberg.com/news/articles/2023-03-09/gopuff-fires-2-of-workforce-in-latest-round-of-job-cuts#xj4y7vzkg,3400.0,late_stage,2023-03-10 05:21:44,United States,0.02,Unknown,4.61512051684126
Wave Financial,Toronto,Finance,50.0,2023-03-09,https://thelogic.co/briefing/fintech-wave-financial-lays-off-50-employees/,79.0,Acquired,2023-03-10 05:17:10,Canada,,Unknown,3.9318256327243257
Morning Brew,New York City,Media,40.0,2023-03-09,https://www.axios.com/2023/03/09/morning-brew-lays-off-40-people,80.0,Acquired,2023-03-09 19:38:25,United States,,Unknown,3.713572066704308
Wattpad,Toronto,Media,42.0,2023-03-08,https://betakit.com/wattpad-lays-off-15-percent-of-workforce/,117.0,Acquired,2023-03-09 06:05:51,Canada,0.15,Unknown,3.7612001156935624
Pristyn Care,Gurugram,Healthcare,300.0,2023-03-07,https://yourstory.com/2023/03/sequoia-backed-pristyn-care-lays-off-300-employees-shuts-medical-tourism-vertical,177.0,Series E,2023-03-07 15:44:34,India,0.15,Unknown,5.707110264748875
Zwift,Los Angeles,Fitness,80.0,2023-03-07,https://www.dcrainmaker.com/2023/03/zwift-layoffs-announces-reducing-workforce.html,619.0,Series C,2023-03-08 05:06:27,United States,0.15,Unknown,4.394449154672439
Atlassian,Sydney,Other,500.0,2023-03-06,https://www.cnbc.com/2023/03/06/atlassian-cuts-5percent-of-headcount-as-it-focuses-on-high-priority-areas.html,210.0,Post-IPO,2023-03-07 00:12:52,Australia,0.05,Unknown,6.2166061010848646
SiriusXM,New York City,Media,475.0,2023-03-06,https://variety.com/2023/digital/news/siriusxm-layoffs-465-employees-1235543907/,525.0,Post-IPO,2023-03-07 00:15:07,United States,0.08,Unknown,6.16541785423142
Alerzo,Ibadan,Retail,400.0,2023-03-06,https://techcabal.com/2023/03/06/alerzo-lays-off-900/,16.0,Series B,2023-03-07 01:30:17,Nigeria,,Unknown,5.993961427306569
UKG,Miami,HR,265.0,2023-03-06,https://www.bizjournals.com/boston/news/2023/03/09/ukg-cuts-over-260-positions-worldwide.html,172.5,Unknown,2023-03-08 15:39:50,United States,,Unknown,5.583496308781699
UpGrad,Mumbai,Education,120.0,2023-03-06,https://www.financialexpress.com/industry/upgrad-lays-off-30-workforce-at-subsidiary/3000299/lite/,631.0,Unknown,2023-03-07 01:26:02,India,,Unknown,4.795790545596741
HomeLane,Bengaluru,Retail,30.0,2023-03-06,https://www.thehindubusinessline.com/companies/homelane-lays-off-30-40-employees-in-product-tech-roles/article66587127.ece,116.0,Series E,2023-04-08 01:09:32,India,,Unknown,3.4339872044851463
No Fluff Jobs,Gydnia,HR,13.0,2023-03-04,https://www.wirtualnemedia.pl/artykul/zwolnienia-no-fluff-jobs-praca-oferty,80.0,Acquired,2023-04-03 03:43:17,Poland,,Unknown,2.6390573296152584
Loft,Sao Paulo,Real Estate,340.0,2023-03-03,https://startups.com.br/demissoes/loft/,788.0,Unknown,2023-03-03 23:01:02,Brazil,0.15,Unknown,5.831882477283517
Embark Trucks,SF Bay Area,Transportation,230.0,2023-03-03,https://techcrunch.com/2023/03/03/embark-trucks-lays-off-workers-explores-liquidation-of-self-driving-truck-assets/,317.0,Post-IPO,2023-03-03 22:57:34,United States,0.7,Unknown,5.442417710521793
Lendi,Sydney,Real Estate,100.0,2023-03-03,https://www.theaustralian.com.au/business/financial-services/cbabacked-lendi-cuts-jobs-amid-slowing-home-loan-market/news-story/2c3af53306e8f7142076c19a9b2914bb?amp&nk=0a6e5860a1d2cd2b0ebc810544084b9b-1677884919,59.0,Unknown,2023-03-03 23:09:04,Australia,,Unknown,4.61512051684126
UserTesting,SF Bay Area,Marketing,63.0,2023-03-03,https://www.bizjournals.com/sanfrancisco/news/2023/03/03/usertesting-userzoom-thoma-bravo-layoffs-sunstone.html,152.0,Acquired,2023-03-04 00:59:57,United States,,Unknown,4.1588830833596715
Airbnb,SF Bay Area,Travel,30.0,2023-03-03,https://www.bloomberg.com/news/articles/2023-03-03/airbnb-layoffs-hit-recruiting-staff-even-as-it-selectively-hires,6400.0,Post-IPO,2023-03-04 03:56:38,United States,,Unknown,3.4339872044851463
Zscaler,SF Bay Area,Security,177.0,2023-03-02,https://www.crn.com/news/security/zscaler-discloses-layoffs-for-3-percent-of-employees,148.0,Post-IPO,2023-03-03 22:59:11,United States,0.03,Unknown,5.181783550292085
MasterClass,SF Bay Area,Education,79.0,2023-03-02,https://www.bizjournals.com/sanfrancisco/news/2023/03/02/masterclass-yanka-layoffs-education-tech-celebs.html,461.0,Series E,2023-03-04 00:59:05,United States,,Unknown,4.382026634673881
Ambev Tech,Blumenau,Food,50.0,2023-03-02,https://omunicipioblumenau.com.br/economia-em-pauta-ambev-tech-de-blumenau-demite-50-funcionarios-e-interrompe-abertura-de-vagas/,80.0,Acquired,2023-03-04 00:50:59,Brazil,,Unknown,3.9318256327243257
Fittr,Pune,Fitness,30.0,2023-03-02,https://inc42.com/buzz/exclusive-fittr-lays-off-11-of-workforce-after-losses-pile-up/,13.0,Series A,2023-03-03 23:07:08,India,0.11,Unknown,3.4339872044851463
CNET,SF Bay Area,Media,12.0,2023-03-02,https://www.theverge.com/2023/3/2/23622231/cnet-layoffs-ai-articles-seo-red-ventures,20.0,Acquired,2023-03-04 03:57:42,United States,0.1,Unknown,2.5649493574615367
Thoughtworks,Chicago,Other,500.0,2023-03-01,https://techcrunch.com/2023/03/01/thoughtworks-layoffs-economic-slowdown/,748.0,Post-IPO,2023-03-02 04:06:16,United States,0.04,Unknown,6.2166061010848646
iFood,Sao Paulo,Food,355.0,2023-03-01,https://economia.uol.com.br/noticias/redacao/2023/03/01/ifood-demissao-funcionarios.htm,2100.0,late_stage,2023-03-02 04:13:25,Brazil,0.06,Unknown,5.87493073085203
Color Health,SF Bay Area,Healthcare,300.0,2023-03-01,https://www.beckershospitalreview.com/digital-health/color-health-lays-off-300-employees-amid-shift-away-from-covid-19-testing.html,482.0,Series E,2023-03-03 22:55:15,United States,,Unknown,5.707110264748875
Waymo,SF Bay Area,Transportation,209.0,2023-03-01,https://www.theinformation.com/articles/alphabets-robotaxi-unit-waymo-says-it-laid-off-8,5500.0,late_stage,2023-03-02 04:08:34,United States,0.08,Unknown,5.3471075307174685
PayFit,Paris,HR,200.0,2023-03-01,https://www.lesechos.fr/start-up/next40-vivatech/payfit-se-separe-de-20-de-ses-effectifs-1910932,495.0,Series E,2023-03-02 04:17:47,France,0.2,Unknown,5.303304908059076
Yellow.ai,SF Bay Area,Support,200.0,2023-03-01,https://inc42.com/buzz/conversational-ai-startup-yellow-ai-fires-200-employees/,102.0,Series C,2023-03-02 04:12:23,United States,,Unknown,5.303304908059076
Sonder,SF Bay Area,Travel,100.0,2023-03-01,https://www.sec.gov/ix?doc=/Archives/edgar/data/0001819395/000181939523000010/son-20230301.htm,839.0,Post-IPO,2023-03-02 04:16:20,United States,0.14,Unknown,4.61512051684126
Electronic Arts,Baton Rouge,Consumer,200.0,2023-02-28,https://kotaku.com/ea-apex-legends-bugs-layoffs-respawn-zoom-1850168472,2.0,Post-IPO,2023-03-02 04:10:13,United States,,Unknown,5.303304908059076
Eventbrite,SF Bay Area,Consumer,80.0,2023-02-28,https://www.reuters.com/markets/us/ticketing-service-provider-eventbrite-lay-off-8-workforce-2023-02-28/,557.0,Post-IPO,2023-03-01 00:59:06,United States,0.08,Unknown,4.394449154672439
Ezoic,San Diego,Infrastructure,10.0,2023-02-28,https://www.businessinsider.com/an-adtech-employee-stole-a-9m-payment-sent-by-google-and-used-it-to-buy-gold-2023-4,39.0,Series A,2023-07-21 03:32:16,United States,,Unknown,2.3978952727983707
Sono Motors,Munich,Transportation,300.0,2023-02-27,https://twitter.com/sonomotors/status/1630246207137419264,126.0,Post-IPO,2023-02-28 05:02:15,Germany,,Unknown,5.707110264748875
Cerebral,SF Bay Area,Healthcare,285.0,2023-02-27,https://www.businessinsider.com/cerebral-cuts-15-percent-staff-285-employees-layoffs-february-2023-2,462.0,Series C,2023-02-27 23:41:29,United States,0.15,Unknown,5.655991810819852
Amount,Chicago,Finance,130.0,2023-02-27,https://www.chicagobusiness.com/finance-banking/fintech-amount-cuts-about-quarter-its-staff,283.0,Unknown,2023-03-03 23:03:41,United States,0.25,Unknown,4.875197323201151
Palantir,Denver,Data,75.0,2023-02-27,https://www.cnbc.com/2023/02/27/palantir-layoffs-75-employees-2percent-of-workforce.html,3000.0,Post-IPO,2023-02-27 23:40:15,United States,0.02,Unknown,4.330733340286331
Outreach,Seattle,Sales,70.0,2023-02-27,https://www.geekwire.com/2023/sales-startup-outreach-to-lay-off-70-employees-7-of-workforce-and-slow-office-expansion/,489.0,late_stage,2023-02-28 18:44:40,United States,0.07,Unknown,4.2626798770413155
Stytch,SF Bay Area,Security,19.0,2023-02-27,https://www.bizjournals.com/sanfrancisco/inno/stories/news/2023/02/27/s-f-startup-stytch-lays-off-25-of-staff.html,126.0,Series B,2023-03-01 00:51:22,United States,0.25,Unknown,2.995732273553991
BitSight,Tel Aviv,Security,40.0,2023-02-26,https://www.calcalistech.com/ctechnews/article/r1zxrmkri,401.0,Unknown,2023-02-27 17:26:32,Israel,,Unknown,3.713572066704308
Twitter,SF Bay Area,Consumer,200.0,2023-02-25,https://www.nytimes.com/2023/02/26/technology/twitter-layoffs.html,12900.0,Post-IPO,2023-02-26 20:58:23,United States,0.1,Unknown,5.303304908059076
Ericsson,Stockholm,Other,8500.0,2023-02-24,https://www.reuters.com/business/media-telecom/ericsson-lay-off-8500-employees-memo-2023-02-24/,663.0,Post-IPO,2023-02-24 05:00:10,Sweden,0.08,Unknown,9.04793908261736
SAP Labs,Bengaluru,Other,300.0,2023-02-24,https://economictimes.indiatimes.com/tech/technology/sap-labs-lays-off-300-staffers-in-india/articleshow/98189199.cms,1300.0,late_stage,2023-02-24 23:40:16,India,,Unknown,5.707110264748875
Velodyne Lidar,SF Bay Area,Transportation,220.0,2023-02-24,https://www.mercurynews.com/2023/02/24/tech-biotech-job-cut-san-jose-san-mateo-pleasanton-layoff-covid/,575.0,Acquired,2023-02-24 18:32:37,United States,,Unknown,5.3981627015177525
Medallia,SF Bay Area,Support,59.0,2023-02-24,https://www.mercurynews.com/2023/02/24/tech-biotech-job-cut-san-jose-san-mateo-pleasanton-layoff-covid/,325.0,Acquired,2023-02-24 18:30:07,United States,,Unknown,4.0943445622221
Eat Just,SF Bay Area,Food,40.0,2023-02-24,https://www.bloomberg.com/news/articles/2023-02-24/eat-just-to-cut-about-18-of-staff-in-plant-based-egg-division#xj4y7vzkg,465.0,Unknown,2023-02-27 17:24:33,United States,,Unknown,3.713572066704308
Lucira Health,SF Bay Area,Healthcare,26.0,2023-02-24,https://www.mercurynews.com/2023/02/24/tech-biotech-job-cut-san-jose-san-mateo-pleasanton-layoff-covid/,132.0,Post-IPO,2023-02-24 18:31:39,United States,,Unknown,3.295836866004329
Stax,Orlando,Finance,24.0,2023-02-24,https://www.bizjournals.com/orlando/inno/stories/news/2023/02/24/florida-2023-tech-jobs-layoffs-stax-technology.html,263.0,Series D,2023-02-26 02:05:09,United States,,Unknown,3.2188758248682006
Merative,Ann Arbor,Healthcare,200.0,2023-02-23,https://www.theregister.com/2023/02/23/merative_job_cuts_ibm_watson/,80.0,Acquired,2023-02-26 21:23:49,United States,0.1,Unknown,5.303304908059076
OneFootball,Berlin,Marketing,150.0,2023-02-23,https://www.businessinsider.de/gruenderszene/business/massenentlassung-onefootball/,442.0,Series D,2023-02-24 16:02:03,Germany,0.32,Unknown,5.017279836814924
The Iconic,Sydney,Retail,69.0,2023-02-23,https://insideretail.com.au/business/the-iconic-culls-69-roles-as-it-morphs-from-marketplace-to-platform-202302,172.5,Unknown,2023-02-24 05:09:07,Australia,0.06,Unknown,4.248495242049359
EVgo,Los Angeles,Transportation,40.0,2023-02-23,https://www.businesswire.com/news/home/20230223005797/en/EVgo-Inc.-Aligns-Organization-Around-Growing-Its-Charging-Network,400.0,Post-IPO,2023-02-24 05:10:07,United States,,Unknown,3.713572066704308
StrongDM,SF Bay Area,Infrastructure,40.0,2023-02-23,https://www.strongdm.com/blog/strongdm-company-update-letter-from-ceo-to-staff,76.0,Series B,2023-02-23 22:34:44,United States,,Unknown,3.713572066704308
Synamedia,London,Media,200.0,2023-02-22,https://www.calcalistech.com/ctechnews/article/hk2uvdqcs,172.5,Unknown,2023-02-27 17:29:09,United Kingdom,0.12,Unknown,5.303304908059076
TaskUs,San Antonio,Support,186.0,2023-02-22,https://www.expressnews.com/business/article/taskus-layoff-186-employees-san-antonio-17798813.php,279.0,Post-IPO,2023-02-23 22:35:28,United States,,Unknown,5.231108616854587
Green Labs,Seoul,Food,350.0,2023-02-21,https://techcrunch.com/2023/03/30/green-labs-secures-38-4m-in-debt-financing-about-a-month-after-conducting-layoff/,214.0,Series C,2023-02-21 19:27:25,South Korea,0.7,Unknown,5.860786223465865
Polygon,Bengaluru,Crypto,100.0,2023-02-21,https://inc42.com/buzz/polygon-lays-off-20-of-its-workforce-as-part-of-consolidation-process/,451.0,Unknown,2023-02-21 19:54:49,India,0.2,Unknown,4.61512051684126
Crunchyroll,Tokyo,Media,85.0,2023-02-21,https://www.animenewsnetwork.com/news/2023-02-21/crunchyroll-lays-off-approximately-85-employees-globally/.195161,26.0,Unknown,2023-02-22 15:16:43,Japan,,Unknown,4.454347296253507
Ethos Life,SF Bay Area,Finance,50.0,2023-02-21,https://www.coverager.com/ethos-conducts-another-round-of-layoffs/,406.0,Series D,2023-02-24 16:01:03,United States,,Unknown,3.9318256327243257
Basis Technologies,Chicago,Marketing,40.0,2023-02-21,https://www.mediapost.com/publications/article/382752/basis-technologies-lays-off-employees-as-it-restru.html,52.0,Series B,2023-06-20 22:58:04,United States,0.04,Unknown,3.713572066704308
Bolt,Lagos,Transportation,17.0,2023-02-21,https://techpoint.africa/2023/02/21/bolt-lays-off-17-of-its-70-workers-in-nigeria/,491.0,Series F,2023-02-22 02:48:31,Nigeria,,Unknown,2.8903717578961645
MyGate,Bengaluru,Other,200.0,2023-02-20,https://inc42.com/buzz/bengaluru-based-mygate-lays-off-30-workforce-amid-funding-winter/,79.0,Series B,2023-02-20 18:16:51,India,0.3,Unknown,5.303304908059076
Fireblocks,New York City,Crypto,30.0,2023-02-20,https://www.calcalistech.com/ctechnews/article/rksbjrxro,1000.0,Series E,2023-02-22 02:47:08,United States,0.05,Unknown,3.4339872044851463
Kinde,Sydney,Other,8.0,2023-02-20,https://www.news.com.au/finance/work/at-work/sydney-technology-company-kinde-lays-off-285-of-staff-as-focus-moves-to-product-team/news-story/618e97ecfe4b7e088a6ff39a70a78bcb,10.0,Seed,2023-02-20 04:15:48,Australia,0.28,Unknown,2.1972245773362196
HP,Tel Aviv,Hardware,100.0,2023-02-19,https://www.themarker.com/technation/2023-02-19/ty-article/.premium/00000186-692c-d22b-ad9e-7f6e08aa0000,4200.0,Post-IPO,2023-02-20 04:15:39,Israel,,Unknown,4.61512051684126
Micron,Boise,Hardware,2400.0,2023-02-17,https://www.ktvb.com/article/money/business/micron-workforce-reduction-15-percent-worldwide-computer-memory-semiconductors-technology/277-d45fa4ac-e85f-4594-8ced-af9f4dc8911a,50.0,Post-IPO,2023-04-01 02:06:38,United States,0.05,Unknown,7.783640596221253
Tencent,Shenzen,Consumer,300.0,2023-02-17,https://brandequity.economictimes.indiatimes.com/news/digital/tencent-says-is-making-personnel-adjustments-after-report-of-layoffs/97998975,12600.0,Post-IPO,2023-02-17 17:26:53,China,,Unknown,5.707110264748875
Evernote,SF Bay Area,Consumer,129.0,2023-02-17,https://techcrunch.com/2023/02/27/bending-spoons-lays-off-129-evernote-staffers/,290.0,Acquired,2023-02-27 17:20:54,United States,,Unknown,4.867534450455582
Chipper Cash,SF Bay Area,Finance,100.0,2023-02-17,https://techweez.com/2023/02/18/chipper-cash-fires-a-third-of-its-workforce/,302.0,Series C,2023-02-20 18:18:16,United States,0.33,Unknown,4.61512051684126
DocuSign,SF Bay Area,Sales,680.0,2023-02-16,https://www.cnbc.com/2023/02/16/docusign-layoffs-company-to-cut-10percent-of-workforce.html,536.0,Post-IPO,2023-02-16 15:33:55,United States,0.1,Unknown,6.523562306149512
Pico Interactive,SF Bay Area,Other,400.0,2023-02-16,https://pandaily.com/pico-starts-small-scale-layoffs-new-products-to-be-unveiled-in-april/,62.0,Acquired,2023-02-16 15:56:43,United States,0.2,Unknown,5.993961427306569
The RealReal,SF Bay Area,Retail,230.0,2023-02-16,https://www.theinformation.com/briefings/the-realreal-to-cut-7-of-headcount-close-some-stores-and-offices,356.0,Post-IPO,2023-02-16 17:45:36,United States,0.07,Unknown,5.442417710521793
Smartsheet,Seattle,Other,85.0,2023-02-16,https://www.bizjournals.com/seattle/news/2023/02/16/smartsheet-lays-off-85-employees-globally.html,152.0,Post-IPO,2023-02-17 21:30:41,United States,0.03,Unknown,4.454347296253507
Wix,Tel Aviv,Marketing,370.0,2023-02-15,https://www.calcalistech.com/ctechnews/article/s1lsqn5as,58.0,Post-IPO,2023-02-15 21:00:06,Israel,0.06,Unknown,5.916202062607435
ServiceTitan,Los Angeles,Sales,221.0,2023-02-15,https://www.theinformation.com/briefings/servicetitan-cuts-8-percent-of-workforce,1100.0,late_stage,2023-02-16 17:44:30,United States,0.08,Unknown,5.402677381872279
Neon,Sao Paulo,Finance,210.0,2023-02-15,https://www.seudinheiro.com/2023/empresas/unicornio-neon-banco-digital-demissao-em-massa-lils/,720.0,Series D,2023-02-15 21:58:53,Brazil,0.09,Unknown,5.351858133476067
Jellysmack,Paris,Media,208.0,2023-02-15,https://www.theinformation.com/articles/jellysmack-aims-to-cut-200-french-workers,22.0,Series C,2023-02-16 17:46:29,France,,Unknown,5.342334251964811
DigitalOcean,New York City,Infrastructure,200.0,2023-02-15,https://www.theregister.com/2023/02/15/digitalocean_layoffs/,491.0,Post-IPO,2023-02-15 22:55:04,United States,0.11,Unknown,5.303304908059076
Sprinklr,New York City,Support,100.0,2023-02-15,https://techcrunch.com/2023/02/15/sprinklr-layoffs-2023/,429.0,Post-IPO,2023-02-15 19:05:49,United States,0.04,Unknown,4.61512051684126
Betterment,New York City,Finance,28.0,2023-02-15,https://www.businessinsider.com/betterment-layoffs-digital-wealth-management-firm-cuts-costs-2023-2,435.0,Series F,2023-02-16 16:07:42,United States,,Unknown,3.367295829986474
Blackbaud,Charleston,Other,500.0,2023-02-14,https://www.postandcourier.com/business/sc-tech-employer-blackbaud-has-cut-about-500-jobs-since-last-year/article_ef9dd60a-ac9b-11ed-8c4a-bbbeb9f0cda5.html,426.0,Post-IPO,2023-02-15 19:06:44,United States,0.14,Unknown,6.2166061010848646
CommerceHub,Albany,Retail,371.0,2023-02-14,https://www.bizjournals.com/albany/news/2023/02/14/commercehub-channeladvisor-tech-layoffs.html,80.0,Acquired,2023-02-15 00:49:11,United States,0.31,Unknown,5.918893854273146
Dropp,Berlin,Retail,60.0,2023-02-14,https://www.businessinsider.de/gruenderszene/business/dropp-insolvenz-betrieb-eingestellt-arive/,2.0,Unknown,2023-04-09 15:22:29,Germany,1.0,Unknown,4.110873864173311
Twilio,SF Bay Area,Other,1500.0,2023-02-13,https://www.cnbc.com/2023/02/13/twilio-layoffs-1500-employees-17percent-of-workforce.html,614.0,Post-IPO,2023-02-13 16:24:17,United States,0.17,Unknown,7.313886831633462
Electric,New York City,Other,141.0,2023-02-13,https://www.electric.ai/blog/open-letter-feb-2023,212.0,Series D,2023-02-14 15:14:49,United States,0.25,Unknown,4.955827057601261
EMX Digital,New York City,Marketing,100.0,2023-02-13,https://www.businessinsider.com/big-village-bankruptcy-emx-digital-employees-furious-about-layoffs-severance-2023-2,172.5,Unknown,2023-02-24 18:35:19,United States,1.0,Unknown,4.61512051684126
PetLove,Sao Paulo,Retail,94.0,2023-02-13,https://oglobo.globo.com/blogs/capital/post/2023/02/petlove-demite-quase-cem-funcionarios.ghtml,225.0,Series C,2023-02-15 21:57:42,Brazil,,Unknown,4.553876891600541
iRobot,Boston,Consumer,85.0,2023-02-13,https://www.cnbc.com/2023/02/13/irobot-layoffs-7percent-of-workforce-at-roomba-maker-let-go.html,30.0,Acquired,2023-02-14 15:06:56,United States,0.07,Unknown,4.454347296253507
Collective Health,SF Bay Area,Healthcare,54.0,2023-02-13,https://www.linkedin.com/feed/update/urn:li:activity:7031422708764581888/,719.0,Series F,2023-02-15 02:06:32,United States,,Unknown,4.007333185232471
Magic Eden,SF Bay Area,Crypto,22.0,2023-02-13,https://decrypt.co/121253/layoffs-hit-solana-nft-marketplace-magic-eden-sheds-22-employees,170.0,Series B,2023-02-14 15:12:47,United States,,Unknown,3.1354942159291497
Moladin,Jakarta,Transportation,360.0,2023-02-12,https://aimgroup.com/2023/02/12/used-car-marketplace-moladin-lays-off-360/,138.0,Series B,2023-02-13 17:52:55,Indonesia,0.11,Unknown,5.8888779583328805
TripleLift,New York City,Marketing,100.0,2023-02-10,https://www.adexchanger.com/online-advertising/triplelift-announces-layoffs-the-latest-in-a-miserable-trend/,16.0,Acquired,2023-02-13 17:51:12,United States,0.2,Unknown,4.61512051684126
Titan Medical,Toronto,Healthcare,48.0,2023-02-10,https://www.fiercebiotech.com/medtech/titan-medical-lays-70-staff-search-buyer-comes-short,278.0,Post-IPO,2023-03-10 15:59:27,Canada,0.72,Unknown,3.8918202981106265
TikTok India,Mumbai,Consumer,40.0,2023-02-10,https://www.livemint.com/technology/tech-news/tiktok-sacks-entire-india-staff-report-11676001745604.html,9400.0,Acquired,2023-02-10 16:57:01,India,,Unknown,3.713572066704308
Syft Technologies,Auckland,Manufacturing,30.0,2023-02-10,https://www.stuff.co.nz/business/better-business/131199817/christchurch-tech-company-syft-to-shed-20-of-its-workforce,241.5,Private Equity,2023-04-22 03:39:59,New Zealand,0.2,Unknown,3.4339872044851463
Yahoo,SF Bay Area,Consumer,1600.0,2023-02-09,https://www.axios.com/2023/02/09/yahoo-layoffs-2023-tech-media-companies,6.0,Acquired,2023-02-09 19:04:22,United States,0.2,Unknown,7.3783837129967145
Misfits Market,Philadelphia,Food,649.0,2023-02-09,https://www.bizjournals.com/philadelphia/inno/stories/news/2023/02/09/misfits-market-layoffs-delanco-philadelphia.html,526.0,Series C,2023-02-16 15:45:20,United States,0.33,Unknown,6.476972362889683
Deliveroo,London,Food,350.0,2023-02-09,https://news.sky.com/story/deliveroo-to-cut-hundreds-of-jobs-globally-and-uk-to-be-worst-hit-12806890,1700.0,Post-IPO,2023-02-09 16:21:49,United Kingdom,0.09,Unknown,5.860786223465865
Olive AI,Columbus,Healthcare,215.0,2023-02-09,https://www.axios.com/pro/health-tech-deals/2023/02/09/olive-ai-lays-off-third-company,856.0,late_stage,2023-02-10 00:47:56,United States,0.35,Unknown,5.375278407684165
Oportun,SF Bay Area,Finance,155.0,2023-02-09,https://seekingalpha.com/news/3934558-oportun-financial-to-lay-off-10-of-headcount-reports-q4-prelim-results,566.0,Post-IPO,2023-03-02 04:19:44,United States,0.1,Unknown,5.049856007249537
GitLab,SF Bay Area,Product,130.0,2023-02-09,https://www.cnbc.com/2023/02/09/gitlab-layoffs-company-to-cut-7percent-of-staff-or-about-130-employees.html,413.0,Post-IPO,2023-02-09 15:53:24,United States,0.07,Unknown,4.875197323201151
Bark,New York City,Retail,126.0,2023-02-09,https://investors.bark.co/news/news-details/2023/BARK-Reports-Third-Quarter-Fiscal-Year-2023-Results/default.aspx,426.0,Post-IPO,2023-02-10 02:01:41,United States,0.12,Unknown,4.844187086458591
Veriff,Tallinn,Security,66.0,2023-02-09,https://digipro.geenius.ee/rubriik/uudis/veriff-koondab-66-tootajat-kotkas-meie-kasvuplaan-oli-oluliselt-ambitsioonikam/,192.0,Series C,2023-02-09 16:24:08,Estonia,0.12,Unknown,4.204692619390966
REE Automotive,Tel Aviv,Transportation,31.0,2023-02-09,https://www.calcalistech.com/ctechnews/article/s16tkompi,317.0,Post-IPO,2023-02-11 00:26:57,Israel,0.11,Unknown,3.4657359027997265
GoDaddy,Phoenix,Marketing,530.0,2023-02-08,https://techstartups.com/2023/02/08/godaddy-to-lay-off-8-of-its-workforce-or-about-530-employees-amid-global-economic-slowdown/,800.0,Post-IPO,2023-02-08 22:43:33,United States,0.08,Unknown,6.274762021241939
Affirm,SF Bay Area,Finance,500.0,2023-02-08,https://www.wsj.com/articles/affirm-cuts-500-employees-19-of-its-workforce-11675897002,1500.0,Post-IPO,2023-02-08 21:27:27,United States,0.19,Unknown,6.2166061010848646
Gusto,SF Bay Area,HR,126.0,2023-02-08,https://gusto.com/company-news/josh-reeves-message-to-all-gusto,746.0,Series E,2023-02-08 17:20:23,United States,0.05,Unknown,4.844187086458591
Gong,SF Bay Area,Sales,80.0,2023-02-08,https://www.calcalistech.com/ctechnews/article/hjyj6811as,583.0,Series E,2023-02-08 19:31:00,United States,0.07,Unknown,4.394449154672439
Beam Benefits,Columbus,Healthcare,31.0,2023-02-08,https://www.bizjournals.com/columbus/inno/stories/news/2023/02/16/beam-benefits-job-cuts.html,168.0,Series E,2023-02-17 17:23:47,United States,0.08,Unknown,3.4657359027997265
Equitybee,SF Bay Area,Finance,24.0,2023-02-08,https://www.calcalistech.com/ctechnews/article/h1jkvzwpo,85.0,Series B,2023-02-09 00:44:58,United States,0.25,Unknown,3.2188758248682006
Zoom,SF Bay Area,Other,1300.0,2023-02-07,https://www.cnbc.com/2023/02/07/zoom-to-lay-off-1300-employees-or-about-15percent-of-its-workforce.html,276.0,Post-IPO,2023-02-07 18:47:26,United States,0.15,Unknown,7.170888478512505
eBay,SF Bay Area,Retail,500.0,2023-02-07,https://www.reuters.com/technology/ebay-lay-off-500-employees-2023-02-07/,1200.0,Post-IPO,2023-02-07 22:26:57,United States,0.04,Unknown,6.2166061010848646
SecureWorks,Atlanta,Security,212.0,2023-02-07,https://www.marketwatch.com/story/secureworks-to-cut-9-of-its-workforce-as-layoffs-could-affect-more-than-200-employees-01675779796,83.0,Post-IPO,2023-02-07 15:30:11,United States,0.09,Unknown,5.3612921657094255
Salesloft,Atlanta,Sales,100.0,2023-02-07,https://www.bizjournals.com/atlanta/news/2023/02/07/salesloft-lays-off-workers.amp.html,245.0,Acquired,2023-02-08 17:24:10,United States,0.1,Unknown,4.61512051684126
Openpay,Melbourne,Finance,83.0,2023-02-07,https://www.9news.com.au/finance/openpay-buy-now-pay-later-collapses-asx-listed-company/1fd1c0d8-4215-4e64-a9ed-9381e0d3f1a5,299.0,Post-IPO,2023-02-07 03:58:28,Australia,1.0,Unknown,4.430816798843313
LearnUpon,Dublin,Education,27.0,2023-02-07,https://www.independent.ie/business/technology/learnupon-to-let-27-go-as-tech-layoffs-continue-42331418.html,56.0,Private Equity,2023-02-08 17:37:14,Ireland,0.09,Unknown,3.332204510175204
Dell,Austin,Hardware,6650.0,2023-02-06,https://www.bloomberg.com/news/articles/2023-02-06/dell-dell-lays-off-about-6-650-employees-in-latest-tech-cuts#xj4y7vzkg,426.0,Post-IPO,2023-02-06 15:48:37,United States,0.05,Unknown,8.802522498284421
Loggi,Sao Paulo,Logistics,300.0,2023-02-06,https://www.infomoney.com.br/negocios/pela-segunda-vez-loggi-reduz-equipe-com-demissoes-em-massa/,507.0,Series F,2023-02-07 03:45:59,Brazil,0.07,Unknown,5.707110264748875
Catch.com.au,Melbourne,Retail,100.0,2023-02-06,https://www.channelnews.com.au/wesfarmers-axes-100-catch-employees/,80.0,Acquired,2023-02-14 15:11:50,Australia,,Unknown,4.61512051684126
VinFast US,Los Angeles,Transportation,80.0,2023-02-06,https://www.bloomberg.com/news/articles/2023-02-07/vinfast-cuts-about-80-jobs-in-north-america-including-us-cfo#xj4y7vzkg,1500.0,late_stage,2023-02-08 17:53:01,United States,,Unknown,4.394449154672439
Drift,Boston,Marketing,59.0,2023-02-06,https://www.bizjournals.com/boston/news/2023/02/06/drift-layoffs-2023-economic-conditions.html,107.0,Acquired,2023-02-07 03:56:03,United States,,Unknown,4.0943445622221
Pocket Aces,Mumbai,Media,50.0,2023-02-06,https://economictimes.indiatimes.com/tech/startups/pocket-aces-lays-off-over-20-of-its-workforce/articleshow/97626118.cms,19.0,Unknown,2023-02-06 19:12:45,India,0.25,Unknown,3.9318256327243257
Clari,SF Bay Area,Sales,20.0,2023-02-06,https://www.businessinsider.com/tech-layoffs-workato-clari-unicorn-startups-headcount-reduction-job-cuts-2023-2,496.0,Series F,2023-02-07 04:01:20,United States,,Unknown,3.044522437723423
Kyruus,Boston,Healthcare,70.0,2023-02-05,https://www.fiercehealthcare.com/health-tech/workforce-tracker-thirty-madison-latest-digital-health-startup-cut-staff,183.0,Unknown,2023-02-07 03:49:23,United States,,Unknown,4.2626798770413155
Lightico,Tel Aviv,Finance,20.0,2023-02-05,https://www.calcalistech.com/ctechnews/article/bydwq4phj,42.0,Series B,2023-02-07 04:08:09,Israel,0.25,Unknown,3.044522437723423
Eightfold AI,SF Bay Area,HR,90.0,2023-02-03,https://www.nytimes.com/2023/03/13/business/ai-hiring-jobs.html,396.0,Series E,2023-03-24 18:37:12,United States,0.15,Unknown,4.51085950651685
FarEye,New Delhi,Logistics,90.0,2023-02-03,https://inc42.com/buzz/exclusive-microsoft-backed-fareye-fires-90-employees-in-second-round-of-layoffs-within-8-months/,150.0,Series E,2023-02-03 15:58:51,India,,Unknown,4.51085950651685
Protocol Labs,SF Bay Area,Crypto,89.0,2023-02-03,https://www.forbes.com/sites/michaeldelcastillo/2023/02/03/andreessen-horowitz-backed-protocol-labs-fires-21-of-staff-after-raising-record-257-million/?sh=24ba1897b400&utm_campaign=socialflowForbesMainLI&utm_source=ForbesMainLinkedIn&utm_medium=social,10.0,Unknown,2023-02-04 04:41:16,United States,0.2,Unknown,4.499809670330265
Byju's,Bengaluru,Education,1500.0,2023-02-02,https://www.livemint.com/companies/start-ups/edtech-firm-byju-s-lays-off-nearly-1-500-employees-11675343777644.html,5500.0,Private Equity,2023-02-02 15:50:31,India,,Unknown,7.313886831633462
Okta,SF Bay Area,Security,300.0,2023-02-02,https://www.bloomberg.com/news/articles/2023-02-02/okta-to-lay-off-300-employees-citing-overhiring-execution-challenges,1200.0,Post-IPO,2023-02-02 15:48:09,United States,0.05,Unknown,5.707110264748875
Autodesk,SF Bay Area,Other,250.0,2023-02-02,https://www.bloomberg.com/news/articles/2023-02-03/autodesk-layoffs-hit-250-jobs-joining-tech-industry-peers,426.0,Post-IPO,2023-02-03 15:59:40,United States,0.02,Unknown,5.5254529391317835
Mindstrong,SF Bay Area,Healthcare,127.0,2023-02-02,https://www.bizjournals.com/sanjose/news/2023/02/02/mental-health-startup-closing-menlo-park-hq.html,160.0,Series C,2023-02-03 03:40:25,United States,,Unknown,4.852030263919617
NCC Group,Manchester,Security,125.0,2023-02-02,https://www.businesstimes.com.sg/companies-markets/british-cybersecurity-firm-ncc-group-cut-workforce-7,426.0,Post-IPO,2023-02-03 20:21:00,United Kingdom,0.07,Unknown,4.836281906951478
Miro,SF Bay Area,Other,119.0,2023-02-02,https://miro.com/blog/a-message-from-our-ceo/,476.0,Series C,2023-02-02 15:49:15,United States,0.07,Unknown,4.787491742782046
Getir,New York City,Food,100.0,2023-02-02,https://www.businessinsider.com/getir-layoffs-100-us-gorillas-deal-store-closures-possible-2023-2,1800.0,Series E,2023-02-05 01:03:59,United States,,Unknown,4.61512051684126
Highspot,Seattle,Sales,100.0,2023-02-02,https://www.geekwire.com/2023/sales-software-company-highspot-lays-off-100-employees/,644.0,Series F,2023-02-03 03:19:58,United States,0.1,Unknown,4.61512051684126
Bittrex,Seattle,Crypto,80.0,2023-02-02,https://www.coindesk.com/business/2023/02/02/crypto-exchange-bittrex-laying-off-83-people/,172.5,Unknown,2023-02-03 03:14:32,United States,,Unknown,4.394449154672439
Snowplow,London,Data,40.0,2023-02-02,https://www.linkedin.com/posts/alexdean_today-we-announced-that-we-will-be-saying-activity-7027029986091900928-YHHh/,55.0,Series B,2023-02-03 15:58:10,United States,,Unknown,3.713572066704308
Articulate,New York City,Education,38.0,2023-02-02,https://www.linkedin.com/posts/lucysuros_today-im-imploring-my-network-to-be-on-activity-7026985200467263489-X0T8/,1500.0,Series A,2023-02-03 03:16:08,United States,,Unknown,3.6635616461296463
Splunk,SF Bay Area,Data,325.0,2023-02-01,https://www.marketwatch.com/story/splunk-to-lay-off-4-of-its-staff-in-latest-sign-of-software-cutbacks-11675260328,2400.0,Post-IPO,2023-02-01 17:01:15,United States,0.04,Unknown,5.786897381366708
Pinterest,SF Bay Area,Consumer,150.0,2023-02-01,https://www.bloomberg.com/news/articles/2023-02-02/pinterest-cuts-about-150-jobs-joining-flurry-of-tech-layoffs,1500.0,Post-IPO,2023-02-02 01:29:09,United States,,Unknown,5.017279836814924
DraftKings,Boston,Consumer,140.0,2023-02-01,https://www.cnbc.com/2023/02/01/draftkings-cuts-140-jobs.html,719.0,Post-IPO,2023-02-01 19:08:40,United States,0.04,Unknown,4.948759890378168
Cyren,Washington D.C.,Security,121.0,2023-02-01,https://ir.cyren.com/websites/cyren/English/5015/press-release.html?airportNewsID=631c3a77-555f-4a78-be5b-ec30c5cdaaac,161.0,Post-IPO,2023-02-02 15:52:39,United States,,Unknown,4.804021044733257
Workato,SF Bay Area,Other,90.0,2023-02-01,https://www.businessinsider.com/tech-layoffs-workato-clari-unicorn-startups-headcount-reduction-job-cuts-2023-2,415.0,Series E,2023-02-07 03:59:33,United States,0.1,Unknown,4.51085950651685
VerticalScope,Toronto,Media,60.0,2023-02-01,https://www.theglobeandmail.com/business/article-verticalscope-cuts-22-per-cent-of-staff-in-latest-canadian-tech/,426.0,Post-IPO,2023-02-01 23:26:57,Canada,0.22,Unknown,4.110873864173311
Wheel,Austin,Healthcare,56.0,2023-02-01,https://www.beckershospitalreview.com/telehealth/telehealth-company-wheel-lays-off-28-of-workforce.html,215.0,Series C,2023-02-02 00:04:53,United States,0.28,Unknown,4.04305126783455
Chainalysis,New York City,Crypto,44.0,2023-02-01,https://www.forbes.com/sites/stevenehrlich/2023/02/01/chainalysis-to-lay-off-48-of-staff-as-crypto-winter-bites-into-private-sector-demand/?sh=471d22826f23,536.0,Series F,2023-02-02 03:13:20,United States,0.05,Unknown,3.8066624897703196
Appgate,Miami,Security,34.0,2023-02-01,https://seekingalpha.com/filing/7197018,426.0,Post-IPO,2023-02-26 21:22:32,United States,0.08,Unknown,3.5553480614894135
Exterro,Portland,Legal,24.0,2023-02-01,https://www.oregonlive.com/silicon-forest/2023/01/oregon-software-company-exterro-lays-off-two-dozen-employees-after-buying-zapproved.html,100.0,Private Equity,2023-02-02 00:05:27,United States,0.03,Unknown,3.2188758248682006
TheSkimm,New York City,Media,17.0,2023-02-01,https://www.businessinsider.com/theskimm-layoffs-nearly-10-percent-staff-media-industry-cuts-economy-2023-2,28.0,Series C,2023-02-03 03:49:46,United States,0.1,Unknown,2.8903717578961645
PayPal,SF Bay Area,Finance,2000.0,2023-01-31,https://www.cnbc.com/2023/01/31/paypal-to-lay-off-2000-employees-in-coming-weeks-about-7percent-of-workforce.html,216.0,Post-IPO,2023-01-31 21:48:43,United States,0.07,Unknown,7.601402334583733
NetApp,SF Bay Area,Data,960.0,2023-01-31,https://www.theregister.com/2023/01/31/netapp_layoffs_8_percent/,426.0,Post-IPO,2023-01-31 16:33:01,United States,0.08,Unknown,6.8679744089702925
Workday,SF Bay Area,HR,525.0,2023-01-31,https://www.cnbc.com/2023/01/31/workday-lays-off-employees-but-will-grow-head-count.html,230.0,Post-IPO,2023-01-31 16:34:32,United States,0.03,Unknown,6.26530121273771
HubSpot,Boston,Marketing,500.0,2023-01-31,https://www.marketwatch.com/story/hubspot-to-lay-off-about-500-employees-consolidate-workspace-leases-01675175630,100.0,Post-IPO,2023-01-31 16:33:45,United States,0.07,Unknown,6.2166061010848646
Upstart,SF Bay Area,Finance,365.0,2023-01-31,https://www.marketwatch.com/story/upstart-to-lay-off-365-employees-20-of-staff-271675176017,144.0,Post-IPO,2023-01-31 18:54:52,United States,0.2,Unknown,5.902633333401366
Software AG,Frankfurt,Data,200.0,2023-01-31,https://investors.softwareag.com/content/dam/investorrelation/pdfs/english/financial-results/2022/q4/20230131_sow_en_press_release_q4_2022.pdf.sagdownload.inline.1675184544569.pdf,344.0,Post-IPO,2023-02-04 23:06:27,Germany,0.04,Unknown,5.303304908059076
Wish,SF Bay Area,Retail,150.0,2023-01-31,https://ir.wish.com/node/9361/html,1600.0,Post-IPO,2023-02-01 05:25:15,United States,0.17,Unknown,5.017279836814924
Wefox,Berlin,Finance,100.0,2023-01-31,https://versicherungsmonitor.de/2023/01/31/wefox-streicht-stellen/,1300.0,Series D,2023-02-01 05:17:25,Germany,,Unknown,4.61512051684126
Tilting Point,New York City,Consumer,60.0,2023-01-31,https://mobilegamer.biz/layoffs-at-tilting-point-as-it-restructures-and-switches-strategy/,235.0,Unknown,2023-02-01 17:02:04,United States,0.14,Unknown,4.110873864173311
Gokada,Lagos,Transportation,54.0,2023-01-31,https://techcabal.com/2023/02/02/gokada-layoffs-affects-54/,12.0,Unknown,2023-02-02 16:34:42,Nigeria,,Unknown,4.007333185232471
Nubank,Sao Paulo,Finance,40.0,2023-01-31,https://valorinveste.globo.com/mercados/renda-variavel/empresas/noticia/2023/01/31/nubank-demite-40-pessoas-e-fecha-rea-de-assessoria-de-investimentos.ghtml,4100.0,Post-IPO,2023-06-08 17:28:48,Brazil,,Unknown,3.713572066704308
AU10TIX,Tel Aviv,Security,19.0,2023-01-31,https://www.calcalistech.com/ctechnews/article/sy6ynzb2o,80.0,Unknown,2023-02-07 04:06:49,Israel,0.09,Unknown,2.995732273553991
Philips,Amsterdam,Healthcare,6000.0,2023-01-30,https://www.reuters.com/markets/europe/philips-scraps-6000-jobs-drive-improve-profitability-2023-01-30/,426.0,Post-IPO,2023-01-30 15:45:59,Netherlands,0.13,Unknown,8.699681400989514
OLX Group,Amsterdam,Marketing,1500.0,2023-01-30,https://www.financialexpress.com/industry/prosus-operated-olx-to-fire-at-least-1500-employees-globally/2964475/,80.0,Acquired,2023-01-30 15:52:15,Netherlands,0.15,Unknown,7.313886831633462
Arrival,London,Transportation,800.0,2023-01-30,https://techcrunch.com/2023/01/30/ev-company-arrival-to-cut-workforce-by-50-in-third-restructuring-effort/,629.0,Post-IPO,2023-01-31 05:21:03,United Kingdom,0.5,Unknown,6.68586094706836
Groupon,Chicago,Retail,500.0,2023-01-30,https://www.chicagobusiness.com/technology/groupon-lay-another-500-workers,1400.0,Post-IPO,2023-01-31 04:39:50,United States,,Unknown,6.2166061010848646
Intel,SF Bay Area,Hardware,343.0,2023-01-30,https://www.sfgate.com/tech/article/intel-plans-layoffs-california-campus-17752669.php,12.0,Post-IPO,2023-01-31 04:42:51,United States,,Unknown,5.840641657373398
Glovo,Barcelona,Food,250.0,2023-01-30,https://sifted.eu/articles/glovo-lays-offs-news/,1200.0,Acquired,2023-01-30 15:47:22,Spain,0.06,Unknown,5.5254529391317835
Delivery Hero,Berlin,Food,156.0,2023-01-30,https://newsingermany.com/delivery-hero-lays-off-four-percent-of-employees-at-headquarters/,9900.0,Post-IPO,2023-01-31 01:27:08,Germany,0.04,Unknown,5.056245805348308
Impossible Foods copy,SF Bay Area,Food,140.0,2023-01-30,https://www.bloomberg.com/news/articles/2023-01-30/impossible-foods-plans-to-lay-off-about-20-of-employees,1900.0,late_stage,2023-01-31 01:32:26,United States,0.2,Unknown,4.948759890378168
Chrono24,Karlsruhe,Retail,65.0,2023-01-30,https://www.bloomberg.com/news/articles/2023-01-30/rolex-reseller-chrono24-cuts-jobs-as-pre-owned-watch-prices-fall,205.0,Series C,2023-01-31 01:33:05,Germany,0.13,Unknown,4.189654742026425
Me Poupe,Sao Paulo,Finance,60.0,2023-01-28,https://portaldobitcoin.uol.com.br/os-bastidores-da-demissao-em-massa-da-me-poupe-de-nathalia-arcuri-quer-sair-das-redes-sociais/,172.5,Unknown,2023-01-29 20:06:30,Brazil,0.5,Unknown,4.110873864173311
CoinTracker,SF Bay Area,Crypto,19.0,2023-01-28,https://www.cointracker.io/blog/ceo-jon-lerners-message-to-cointracker-employees,101.0,Series A,2023-01-28 15:10:18,United States,,Unknown,2.995732273553991
SSense,Montreal,Retail,138.0,2023-01-27,https://betakit.com/as-big-tech-makes-mass-layoffs-recent-canadian-startup-reductions-might-cut-deeper/,20.0,Series A,2023-01-28 15:11:45,Canada,0.07,Unknown,4.9344739331306915
DealShare,Bengaluru,Retail,100.0,2023-01-27,https://www.moneycontrol.com/news/business/startup/tiger-global-backed-dealshare-lays-off-6-of-staff-9949751.html,390.0,Series E,2023-01-27 14:27:54,India,0.06,Unknown,4.61512051684126
Ruggable,Los Angeles,Retail,100.0,2023-01-27,https://www.modernretail.co/operations/direct-to-consumer-brand-ruggable-lays-off-100-employees/,4.0,Seed,2023-02-01 05:31:04,United States,,Unknown,4.61512051684126
Synopsys,SF Bay Area,Other,100.0,2023-01-27,https://www.eastbaytimes.com/2023/01/27/synopsys-mountain-view-sunnyvale-job-layoff-tech-facebook-google/,426.0,Post-IPO,2023-01-28 15:08:17,United States,,Unknown,4.61512051684126
Heycar,Berlin,Transportation,73.0,2023-01-27,https://www.autohaus.de/nachrichten/autohersteller/umstrukturierung-heycar-trennt-sich-von-ueber-70-mitarbeitern-3316468,172.5,Unknown,2023-01-31 23:29:04,Germany,,Unknown,4.30406509320417
Matrixport,Singapore,Crypto,29.0,2023-01-27,https://www.coindesk.com/business/2023/01/27/jihan-wus-matrixport-cuts-10-of-staff/,100.0,Series C,2023-01-27 14:26:19,Singapore,0.1,Unknown,3.4011973816621555
Shakepay,Montreal,Crypto,21.0,2023-01-27,https://betakit.com/as-big-tech-makes-mass-layoffs-recent-canadian-startup-reductions-might-cut-deeper/,45.0,Series A,2023-01-28 21:16:13,Canada,0.25,Unknown,3.091042453358316
#Paid,Toronto,Marketing,19.0,2023-01-27,https://betakit.com/as-big-tech-makes-mass-layoffs-recent-canadian-startup-reductions-might-cut-deeper/,21.0,Series B,2023-01-28 21:12:43,Canada,0.17,Unknown,2.995732273553991
SAP,Walldorf,Other,3000.0,2023-01-26,https://www.cnbc.com/2023/01/26/sap-to-cut-3000-roles-explore-sale-of-qualtrics-stake.html,1300.0,Post-IPO,2023-01-26 15:58:24,Germany,0.03,Unknown,8.006700845440367
Confluent,SF Bay Area,Data,221.0,2023-01-26,https://investors.confluent.io/node/8216/html,455.0,Post-IPO,2023-01-26 16:16:20,United States,0.08,Unknown,5.402677381872279
Glisser,London,Travel,25.0,2023-01-26,https://www.linkedin.com/posts/mikepiddock_glisser-people-open-to-work-public-version-activity-7024682358524010497-5wiM/,1.0,Unknown,2023-12-22 23:13:11,United Kingdom,1.0,Unknown,3.258096538021482
IBM,New York City,Hardware,3900.0,2023-01-25,https://www.bloomberg.com/news/articles/2023-01-25/ibm-to-cut-about-3-900-workers-still-hiring-in-higher-growth-areas,426.0,Post-IPO,2023-01-25 23:13:59,United States,0.02,Unknown,8.268988209506656
Lam Research,SF Bay Area,Hardware,1300.0,2023-01-25,https://www.bloomberg.com/news/articles/2023-01-25/lam-research-to-cut-7-of-workforce-after-forecast-disappoints?leadSource=uverify%20wall,426.0,Post-IPO,2023-02-01 17:05:32,United States,0.07,Unknown,7.170888478512505
Shutterfly,SF Bay Area,Retail,360.0,2023-01-25,https://thedeadpixelssociety.com/shutterfly-layoffs-impact-360/,50.0,Acquired,2023-01-26 21:06:40,United States,,Unknown,5.8888779583328805
Luno,London,Crypto,330.0,2023-01-25,https://www.cnbc.com/2023/01/25/dcg-owned-crypto-exchange-luno-axes-35percent-of-staff.html,13.0,Acquired,2023-01-25 19:22:35,United Kingdom,0.35,Unknown,5.802118375377063
Clear Capital,Reno,Real Estate,250.0,2023-01-25,https://www.rgj.com/story/news/money/business/2023/01/25/more-layoffs-at-reno-based-clear-capital-amid-seismic-housing-shift/69842319007/,172.5,Unknown,2023-01-26 01:58:01,United States,0.25,Unknown,5.5254529391317835
Guardant Health,SF Bay Area,Healthcare,130.0,2023-01-25,https://www.genomeweb.com/business-news/guardant-health-lays-7-percent-workforce#.Y9HcqOzMK8A,550.0,Post-IPO,2023-01-26 01:51:37,United States,0.07,Unknown,4.875197323201151
SirionLabs,Seattle,Legal,130.0,2023-01-25,https://inc42.com/buzz/exclusive-days-after-raising-25-mn-funding-tiger-backed-sirionlabs-lays-off-around-150-employees/,171.0,Series D,2023-01-26 01:48:50,United States,0.15,Unknown,4.875197323201151
Tier Mobility,Berlin,Transportation,80.0,2023-01-25,https://techcrunch.com/2023/01/25/tier-mobility-and-spin-lay-off-100-more-employees/,646.0,Series D,2023-01-26 01:56:55,Germany,0.07,Unknown,4.394449154672439
Vacasa,Portland,Travel,1300.0,2023-01-24,https://www.oregonlive.com/business/2023/01/vacasa-will-lay-off-1300-we-need-to-reduce-our-costs.html,834.0,Post-IPO,2023-01-25 00:20:14,United States,0.17,Unknown,7.170888478512505
Innovaccer,SF Bay Area,Healthcare,245.0,2023-01-24,https://digitalhealth.modernhealthcare.com/digital-health/digital-health-unicorn-innovaccer-lays-15-its-employees,379.0,Series E,2023-01-24 16:21:30,United States,0.15,Unknown,5.5053315359323625
Bolt,SF Bay Area,Finance,50.0,2023-01-24,https://www.theinformation.com/articles/bolt-ceo-cuts-staff-a-third-time-as-revenue-lags,1300.0,Series E,2023-01-25 02:12:26,United States,0.1,Unknown,3.9318256327243257
PartnerStack,Toronto,Sales,40.0,2023-01-24,https://betakit.com/as-big-tech-makes-mass-layoffs-recent-canadian-startup-reductions-might-cut-deeper/,36.0,Series B,2023-01-24 23:03:28,Canada,0.2,Unknown,3.713572066704308
Gitpod,Kiel,Product,21.0,2023-01-24,https://www.gitpod.io/blog/building-for-the-long-run,41.0,Series A,2023-01-25 15:00:42,Germany,0.28,Unknown,3.091042453358316
OFFOR Health,Columbus,Healthcare,16.0,2023-01-24,https://www.linkedin.com/feed/update/urn:li:activity:7024365334803451904/,14.0,Series A,2023-01-28 21:04:44,United States,,Unknown,2.833213344056216
Venngage,Toronto,Marketing,11.0,2023-01-24,https://betakit.com/as-big-tech-makes-mass-layoffs-recent-canadian-startup-reductions-might-cut-deeper/,172.5,Unknown,2023-01-25 05:21:07,Canada,0.2,Unknown,2.4849066497880004
Spotify,Stockholm,Media,600.0,2023-01-23,https://www.reuters.com/technology/spotify-trim-6-workforce-2023-01-23/,2100.0,Post-IPO,2023-01-23 15:43:16,Sweden,0.06,Unknown,6.398594934535208
Uber Freight,SF Bay Area,Logistics,150.0,2023-01-23,https://www.freightwaves.com/news/uber-freight-cutting-about-150-jobs-all-in-brokerage-operations,2700.0,late_stage,2023-01-24 16:24:02,United States,0.03,Unknown,5.017279836814924
Inmobi,Bengaluru,Marketing,50.0,2023-01-23,https://www.business-standard.com/article/companies/softbank-backed-inmobi-fires-50-70-employees-on-performance-basis-123012200465_1.html,320.0,Unknown,2023-01-23 15:59:42,India,,Unknown,3.9318256327243257
Innovid,New York City,Marketing,40.0,2023-01-23,https://www.marketwatch.com/amp/story/innovid-will-cut-10-of-jobs-01674512868,295.0,Post-IPO,2023-01-24 16:28:18,United States,0.1,Unknown,3.713572066704308
Booktopia,Sydney,Retail,30.0,2023-01-23,https://cdn-api.markitdigital.com/apiman-gateway/ASX/asx-research/1.0/file/2924-02623152-2A1426574?access_token=83ff96335c2d45a094df02a206a39ff4,23.0,Series A,2023-01-23 16:46:01,Australia,,Unknown,3.4339872044851463
Ermetic,SF Bay Area,Security,30.0,2023-01-23,https://www.calcalistech.com/ctechnews/article/h1abeu2io,97.0,Series B,2023-01-25 00:11:01,United States,0.17,Unknown,3.4339872044851463
Namogoo,Tel Aviv,Marketing,20.0,2023-01-23,https://www.calcalistech.com/ctechnews/article/skhuvq2ii,69.0,Series C,2023-01-24 05:24:09,United States,0.15,Unknown,3.044522437723423
Google,SF Bay Area,Consumer,12000.0,2023-01-20,https://www.nytimes.com/2023/01/20/business/google-alphabet-layoffs.html,26.0,Post-IPO,2023-01-20 14:23:42,United States,0.06,Unknown,9.392745258631441
Wayfair,Boston,Retail,1750.0,2023-01-20,https://www.wsj.com/articles/wayfair-is-preparing-to-lay-off-more-than-1-000-workers-11674161122,1700.0,Post-IPO,2023-01-20 14:25:30,United States,0.1,Unknown,7.467942332285852
Swiggy,Bengaluru,Food,380.0,2023-01-20,https://economictimes.indiatimes.com/tech/startups/swiggy-to-layoff-380-employees-ceo-majety-tells-staff/articleshow/97164568.cms,3600.0,Unknown,2023-01-20 01:19:50,India,0.06,Unknown,5.942799375126701
MediBuddy,Bengaluru,Healthcare,200.0,2023-01-20,https://inc42.com/buzz/exclusive-lightrock-india-backed-medibuddy-lays-oaff-around-200-employees/,192.0,Acquired,2023-01-21 00:48:07,India,0.08,Unknown,5.303304908059076
Vox Media,Washington D.C.,Media,130.0,2023-01-20,https://variety.com/2023/digital/news/vox-media-layoffs-130-employees-job-cuts-1235496467/,307.0,Series F,2023-01-21 00:56:59,United States,0.07,Unknown,4.875197323201151
BitTorrent,SF Bay Area,Infrastructure,92.0,2023-01-20,https://www.bizjournals.com/sanfrancisco/news/2023/01/20/p2p-bittorrent-rainberry-tech-layoffs-torrent.html,80.0,Acquired,2023-02-07 03:53:04,United States,,Unknown,4.532599493153256
Karat,Seattle,HR,47.0,2023-01-20,https://www.geekwire.com/2023/seattle-technical-interviewing-startup-karat-cuts-47-employees-citing-need-to-invest-in-growth/,169.0,Unknown,2023-01-21 22:39:15,United States,,Unknown,3.871201010907891
Enjoei,Sao Paulo,Retail,31.0,2023-01-20,"https://www.terra.com.br/economia/dinheiro-em-dia/meu-negocio/depois-do-ipo-e-da-queda-enjoei-faz-a-sua-demissao-em-massa,e1d6c15174934d1010733071113dff43zabh1zv5.html",14.0,Unknown,2023-01-23 23:16:03,Brazil,0.1,Unknown,3.4657359027997265
Edifecs,Seattle,Healthcare,30.0,2023-01-20,https://www.geekwire.com/2023/edifecs-lays-off-30-employees-in-the-u-s/,1.0,Unknown,2023-01-21 22:40:13,United States,,Unknown,3.4339872044851463
Citrine Informatics,SF Bay Area,Data,22.0,2023-01-20,https://www.linkedin.com/posts/gregorymulholland_this-week-was-a-hard-one-for-our-team-at-activity-7022310417347596288-0cd3/,64.0,Series C,2023-01-21 01:03:54,United States,0.27,Unknown,3.1354942159291497
Capital One,Washington D.C.,Finance,1100.0,2023-01-19,https://www.reuters.com/technology/capital-one-scraps-1100-tech-positions-source-2023-01-19/,426.0,Post-IPO,2023-01-20 15:56:24,United States,,Unknown,7.00397413672268
Proterra,SF Bay Area,Transportation,300.0,2023-01-19,https://news.yahoo.com/proterra-cut-jobs-merge-electric-232932585.html,1200.0,Post-IPO,2023-03-07 01:21:17,United States,,Unknown,5.707110264748875
WeWork ,New York City,Real Estate,300.0,2023-01-19,https://investors.wework.com/news-and-events/press-releases/financial-releases-details/2023/WeWork-Announces-Date-of-Fourth-Quarter-and-Full-Year-2022-Results-Conference-Call/default.aspx,22200.0,Post-IPO,2023-01-19 17:03:45,United States,,Unknown,5.707110264748875
Hubilo,SF Bay Area,Other,115.0,2023-01-19,https://inc42.com/buzz/hubilo-fires-35-of-its-workforce-in-second-round-of-layoffs-within-6-months/,153.0,Series B,2023-01-20 01:03:30,United States,0.35,Unknown,4.7535901911063645
Saks.com,New York City,Retail,100.0,2023-01-19,https://wwd.com/business-news/retail/saks-com-triggering-layoffs-1235484907/,965.0,Unknown,2023-01-21 00:37:32,United States,0.05,Unknown,4.61512051684126
CS Disco,Austin,Legal,62.0,2023-01-19,https://d18rn0p25nwr6d.cloudfront.net/CIK-0001625641/f8a9ad04-6c29-4631-b07d-b08d849fbcfa.pdf,233.0,Post-IPO,2023-01-21 00:54:13,United States,0.09,Unknown,4.143134726391533
Riot Games,Los Angeles,Consumer,46.0,2023-01-19,https://www.eurogamer.net/riot-games-reportedly-making-layoffs,21.0,Acquired,2023-01-20 01:06:09,United States,,Unknown,3.8501476017100584
Hydrow,Boston,Fitness,30.0,2023-01-19,https://www.bostonglobe.com/2023/01/20/business/more-rough-waters-rowing-startup-hydrow/,269.0,Series D,2023-01-21 22:41:08,United States,,Unknown,3.4339872044851463
Microsoft,Seattle,Other,10000.0,2023-01-18,https://www.usatoday.com/story/money/2023/01/18/microsoft-layoffs-10000-employees-stock/11074235002/,1.0,Post-IPO,2023-01-18 02:05:15,United States,0.05,Unknown,9.210440366976517
Sophos,Oxford,Security,450.0,2023-01-18,https://techcrunch.com/2023/01/18/sophos-global-layoffs/,125.0,Acquired,2023-01-18 16:00:10,United States,0.1,Unknown,6.111467339502679
Teladoc Health,New York City,Healthcare,300.0,2023-01-18,https://digitalhealth.modernhealthcare.com/finance/teladoc-health-layoffs-staff-cut-jason-gorevic,172.0,Post-IPO,2023-01-18 19:49:11,United States,0.06,Unknown,5.707110264748875
Vroom,New York City,Transportation,275.0,2023-01-18,https://seekingalpha.com/news/3925618-vroom-slashes-workforce-by-20,1300.0,Post-IPO,2023-01-20 01:00:55,United States,0.2,Unknown,5.62040086571715
8x8,SF Bay Area,Support,155.0,2023-01-18,https://www.channelfutures.com/business-models/8x8-to-reduce-7-of-workforce-significantly-impacting-channel-staff,253.0,Post-IPO,2023-01-18 23:18:43,United States,0.07,Unknown,5.049856007249537
Pagaya,Tel Aviv,Finance,140.0,2023-01-18,https://www.calcalistech.com/ctechnews/article/rjdsyoboo,571.0,Post-IPO,2023-01-18 19:48:26,Israel,0.2,Unknown,4.948759890378168
Benevity,Calgary,Other,137.0,2023-01-18,https://benevity.com/message-kelly-schmitt,69.0,Unknown,2023-01-18 19:52:26,Canada,0.14,Unknown,4.927253685157205
Inspirato,Denver,Travel,109.0,2023-01-18,https://sports.yahoo.com/inspirato-announces-plan-streamline-operations-233000003.html,179.0,Post-IPO,2023-01-20 01:07:08,United States,0.12,Unknown,4.700480365792417
Jumpcloud,Boulder,Security,100.0,2023-01-18,https://jumpcloud.com/blog/jumpcloud-restructuring,416.0,Series F,2023-01-18 22:01:34,United States,0.12,Unknown,4.61512051684126
nCino,Wilmington,Finance,100.0,2023-01-18,https://portcitydaily.com/local-news/2023/01/18/ncino-lays-off-7-of-workforce-cites-challenges-in-global-economy/,1100.0,Post-IPO,2023-01-19 04:09:19,United States,0.07,Unknown,4.61512051684126
Starry,Boston,Other,100.0,2023-01-18,https://seekingalpha.com/news/3925492-starry-group-announces-24-job-cuts,260.0,Post-IPO,2023-01-18 23:22:45,United States,0.24,Unknown,4.61512051684126
Hootsuite,Vancouver,Marketing,70.0,2023-01-18,https://www.theglobeandmail.com/business/article-hootsuite-replaces-ceo-announces-layoffs/,300.0,Series C,2023-01-18 19:54:14,Canada,0.07,Unknown,4.2626798770413155
Clue,Berlin,Healthcare,31.0,2023-01-18,https://www.businessinsider.de/gruenderszene/business/fruchtbarkeits-startup-clue-entlaesst-viertel-der-belegschaft-a/,47.0,Unknown,2023-01-18 19:56:21,Germany,0.31,Unknown,3.4657359027997265
Addepar,SF Bay Area,Finance,20.0,2023-01-18,https://fortune.com/2023/01/17/addepar-a-wealth-management-startup-launched-by-the-co-founder-of-palantir-is-the-latest-fintech-to-cut-jobs/,491.0,Series F,2023-01-18 15:58:55,United States,0.03,Unknown,3.044522437723423
Lightspeed Commerce,Montreal,Retail,300.0,2023-01-17,https://www.prnewswire.com/news-releases/lightspeed-commerce-streamlines-operations-with-a-continued-focus-on-profitable-growth-301723292.html,1200.0,Post-IPO,2023-01-17 16:45:04,Canada,0.1,Unknown,5.707110264748875
Unity,SF Bay Area,Other,284.0,2023-01-17,https://www.wsj.com/articles/unity-software-lays-off-more-workers-as-tech-job-cuts-grow-11673974721,1300.0,Post-IPO,2023-01-17 19:58:51,United States,0.03,Unknown,5.652489180268651
Britishvolt,London,Transportation,206.0,2023-01-17,https://www.nytimes.com/2023/01/17/business/uk-britishvolt-battery-maker-bankruptcy.html,2400.0,Unknown,2023-01-18 02:07:40,United Kingdom,1.0,Unknown,5.332718793265369
Clutch,Toronto,Transportation,150.0,2023-01-17,https://www.theglobeandmail.com/business/article-lightspeed-commerce-job-cuts/,253.0,Unknown,2023-01-18 02:16:50,Canada,,Unknown,5.017279836814924
Exotel,Bengaluru,Support,142.0,2023-01-17,https://inc42.com/buzz/exclusive-saas-startup-exotel-lays-off-142-employees-amid-biz-restructuring/,87.0,Series D,2023-01-18 02:10:01,India,0.15,Unknown,4.962844630259907
Unico,Sao Paulo,Other,110.0,2023-01-17,https://startups.com.br/noticias/unicornio-unico-demite-cerca-de-110-pessoas-105-da-forca/,336.0,Series D,2023-01-18 02:12:30,Brazil,0.1,Unknown,4.709530201312334
Tul,Bogota,Construction,100.0,2023-01-17,https://www.valoraanalitik.com/2023/01/17/plataforma-tul-anuncia-recorte-de-personal-y-revisa-estrategia-en-colombia-y-mexico/,218.0,Series B,2023-01-19 04:10:26,Colombia,,Unknown,4.61512051684126
American Robotics,Boston,Other,50.0,2023-01-17,https://www.bostonglobe.com/2023/01/17/business/new-year-brings-new-tech-layoffs/,92.0,Acquired,2023-01-20 04:44:38,United States,0.65,Unknown,3.9318256327243257
Luxury Presence,Los Angeles,Real Estate,44.0,2023-01-17,https://www.inman.com/2023/01/17/website-builder-luxury-presence-lays-off-44-employees/,31.0,Series B,2023-01-18 23:17:58,United States,,Unknown,3.8066624897703196
RingCentral,SF Bay Area,Other,30.0,2023-01-17,https://www.channelfutures.com/business-models/ringcentral-tidying-up-the-books-with-new-layoffs-8x8-acquisition-looming,44.0,Post-IPO,2023-01-18 02:14:35,United States,,Unknown,3.4339872044851463
PagBank,Sao Paulo,Finance,500.0,2023-01-16,"https://www.terra.com.br/amp/economia/dinheiro-em-dia/meu-negocio/pagbank-faz-sua-onda-de-layoffs-e-demite-7-do-quadro,718b40b34ae12981e16f3f1a17a25359dzxawknq.html",426.0,Post-IPO,2023-01-17 04:25:44,Brazil,0.07,Unknown,6.2166061010848646
ShareChat,Bengaluru,Consumer,500.0,2023-01-16,https://inc42.com/buzz/sharechat-moj-parent-fires-500-employees/,1700.0,late_stage,2023-01-16 16:31:38,India,0.2,Unknown,6.2166061010848646
Gramophone,Indore,Food,75.0,2023-01-16,https://economictimes.indiatimes.com/tech/newsletters/morning-dispatch/layoffs-spread-to-dunzo-sharechat-rebel-foods-and-agri-tech-firms/articleshow/97016331.cms?from=mdr,17.0,Series B,2023-01-16 16:47:29,India,,Unknown,4.330733340286331
ClearCo,Toronto,Finance,50.0,2023-01-16,https://betakit.com/michele-romanow-clearco-ceo-layoffs/,698.0,Series C,2023-01-16 16:50:29,Canada,0.3,Unknown,3.9318256327243257
Captain Fresh ,Bengaluru,Food,120.0,2023-01-15,https://economictimes.indiatimes.com/tech/newsletters/morning-dispatch/layoffs-spread-to-dunzo-sharechat-rebel-foods-and-agri-tech-firms/articleshow/97016331.cms?from=mdr,126.0,Series C,2023-01-16 16:48:16,India,,Unknown,4.795790545596741
Snappy,New York City,Marketing,100.0,2023-01-15,https://www.calcalistech.com/ctechnews/article/byyrkbzso,104.0,Series C,2023-01-19 04:15:05,United States,0.3,Unknown,4.61512051684126
BharatAgri,Mumbai,Food,40.0,2023-01-15,https://economictimes.indiatimes.com/tech/newsletters/morning-dispatch/layoffs-spread-to-dunzo-sharechat-rebel-foods-and-agri-tech-firms/articleshow/97016331.cms?from=mdr,21.0,Series A,2023-01-16 16:49:09,India,0.43,Unknown,3.713572066704308
Black Shark,Shenzen,Hardware,900.0,2023-01-13,https://www.scmp.com/tech/tech-trends/article/3206586/china-gaming-phone-maker-black-shark-lays-hundreds-workers-and-fails-pay-full-severance-according,172.5,Unknown,2023-01-23 16:49:54,China,,Unknown,6.803505257608338
Ola,Bengaluru,Transportation,200.0,2023-01-13,https://www.businesstoday.in/latest/corporate/story/ola-fires-200-people-in-fresh-round-of-layoffs-360051-2023-01-13,5000.0,late_stage,2023-01-13 14:50:08,India,,Unknown,5.303304908059076
Bonterra ,Austin,Other,140.0,2023-01-13,https://www.thenonprofittimes.com/npt_articles/bonterra-lays-off-10-of-staff/,172.5,Unknown,2023-01-17 16:48:51,United States,0.1,Unknown,4.948759890378168
Vial,SF Bay Area,Healthcare,40.0,2023-01-13,https://www.businessinsider.com/healthtech-startup-vial-layoffs-general-catalyst-2023-1,101.0,Series B,2023-01-14 17:23:14,United States,,Unknown,3.713572066704308
Lending Club,SF Bay Area,Finance,225.0,2023-01-12,https://www.bloomberg.com/news/articles/2023-01-12/lendingclub-to-cut-14-of-workers-take-charges-of-5-7-million,392.0,Post-IPO,2023-01-12 22:55:07,United States,0.14,Unknown,5.420534999272286
SmartNews,Tokyo,Media,120.0,2023-01-12,https://techcrunch.com/2023/01/12/news-aggregator-smartnews-lays-off-40-of-non-japan-staff-with-further-reductions-planned-in-japan/,410.0,Series F,2023-01-13 03:34:59,United States,0.4,Unknown,4.795790545596741
Skit.ai,Bengaluru,Support,115.0,2023-01-12,https://inc42.com/buzz/exclusive-westbridge-capital-backed-saas-startup-skit-ai-lays-off-115-employees/,28.0,Series B,2023-01-14 17:24:13,India,,Unknown,4.7535901911063645
Pier,Sao Paulo,Finance,111.0,2023-01-12,https://startups.com.br/noticias/insurtech-pier-demite-cerca-de-39-da-forca-de-trabalho/,42.0,Series B,2023-01-12 17:14:00,Brazil,0.39,Unknown,4.718498871295094
Blockchain.com,London,Crypto,110.0,2023-01-12,https://www.coindesk.com/business/2023/01/12/crypto-brokerage-blockchaincom-lays-off-28-of-workforce-as-industrys-cruel-winter-continues/,490.0,Series D,2023-01-12 16:22:30,United Kingdom,0.28,Unknown,4.709530201312334
Lattice,SF Bay Area,HR,105.0,2023-01-12,https://lattice.com/blog/ceo-jack-altmans-email-to-lattice-employees,328.0,Series F,2023-01-12 17:35:24,United States,0.15,Unknown,4.663439094112067
Greenlight,Atlanta,Finance,104.0,2023-01-12,https://techcrunch.com/2023/01/12/greenlight-fintech-layoff/,556.0,Series D,2023-01-12 22:53:32,United States,0.21,Unknown,4.653960350157523
Cashfree Payments,Bengaluru,Finance,100.0,2023-01-12,https://economictimes.indiatimes.com/tech/startups/online-payments-firm-cashfree-lays-off-150-employees-to-cut-costs/articleshow/96938789.cms,41.0,Series B,2023-01-12 16:21:29,India,,Unknown,4.61512051684126
Mapbox,Washington D.C.,Data,64.0,2023-01-12,https://twitter.com/MapboxUnion/status/1616127786514796547,334.0,Unknown,2023-01-20 01:12:08,United States,,Unknown,4.174387269895637
Definitive Healthcare,Boston,Healthcare,55.0,2023-01-12,https://www.cmlviz.com/stocks/DH/news/b/2023/01/12/definitive-healthcare-to-cut-current-workforce-by-about-55-people,426.0,Post-IPO,2023-01-13 01:55:52,United States,0.06,Unknown,4.02535169073515
Akili Labs,Boston,Healthcare,46.0,2023-01-12,https://bhbusiness.com/2023/01/12/digital-therapeutics-startup-akili-plans-to-lay-off-30-of-staff/,301.0,Post-IPO,2023-01-14 17:24:55,United States,0.3,Unknown,3.8501476017100584
Career Karma,SF Bay Area,Education,22.0,2023-01-12,https://techcrunch.com/2023/01/12/career-karma-conducts-another-round-of-layoffs-extends-runway-to-five-years/,51.0,Series B,2023-01-12 18:35:04,United States,,Unknown,3.1354942159291497
Flexport,SF Bay Area,Logistics,640.0,2023-01-11,https://www.cnbc.com/2023/01/11/flexport-to-lay-off-20percent-of-its-global-workforce.html,2400.0,Series E,2023-01-11 17:30:13,United States,0.2,Unknown,6.46302945692067
Qualtrics,Salt Lake City,Other,270.0,2023-01-11,https://www.marketwatch.com/story/qualtrics-to-shave-about-270-jobs-or-less-than-5-of-workforce-2023-01-11,400.0,Post-IPO,2023-01-12 15:18:44,United States,0.05,Unknown,5.602118820879701
Verily,SF Bay Area,Healthcare,250.0,2023-01-11,https://www.theinformation.com/articles/alphabets-verily-lays-off-staff,3500.0,Unknown,2023-01-11 21:24:09,United States,0.15,Unknown,5.5254529391317835
Tipalti,SF Bay Area,Finance,123.0,2023-01-11,https://www.calcalistech.com/ctechnews/article/bjj82m39i,565.0,Series F,2023-01-12 00:53:58,United States,0.11,Unknown,4.820281565605037
Jumio,SF Bay Area,Security,100.0,2023-01-11,https://www.biometricupdate.com/202301/jumio-downsizes-as-identity-verification-providers-respond-to-economic-climate,205.0,Private Equity,2023-01-12 16:19:35,United States,0.06,Unknown,4.61512051684126
CoinDCX,Mumbai,Crypto,80.0,2023-01-11,https://www.moneycontrol.com/news/business/startup/coindcx-starts-restructuring-business-units-lays-off-employees-9848661.html,244.0,Series D,2023-01-12 15:36:04,India,,Unknown,4.394449154672439
HashiCorp,SF Bay Area,Security,69.0,2023-01-11,https://www.linkedin.com/news/story/former-citrix-employees-react-to-cuts-6133826/,349.0,Post-IPO,2023-01-12 15:41:41,United States,,Unknown,4.248495242049359
Embark Vet,Boston,Healthcare,41.0,2023-01-11,https://www.linkedin.com/feed/update/urn:li:activity:7018765914254778368/,94.0,Series B,2023-01-12 15:42:46,United States,,Unknown,3.7376696182833684
Intrinsic,SF Bay Area,Other,40.0,2023-01-11,https://www.theinformation.com/articles/alphabet-job-cuts-widen-to-robotics-subsidiary,80.0,Acquired,2023-01-12 15:03:14,United States,0.2,Unknown,3.713572066704308
Citizen,New York City,Consumer,33.0,2023-01-11,https://techcrunch.com/2023/01/12/crime-reporting-app-citizen-lays-off-33-employees/,133.0,Series C,2023-01-12 22:54:03,United States,,Unknown,3.5263605246161616
Coinbase,SF Bay Area,Crypto,950.0,2023-01-10,https://www.cnbc.com/2023/01/10/coinbase-to-slash-20percent-of-workforce-in-second-major-round-of-job-cuts.html,549.0,Post-IPO,2023-01-10 14:52:00,United States,0.2,Unknown,6.85751406254539
Informatica,SF Bay Area,Data,450.0,2023-01-10,https://www.channelfutures.com/business-models/informatica-layoffs-to-slash-7-of-workforce-cfo-stepping-down,426.0,Post-IPO,2023-01-10 23:49:16,United States,0.07,Unknown,6.111467339502679
Blend,SF Bay Area,Finance,340.0,2023-01-10,https://www.inman.com/2023/01/10/blend-cuts-nearly-30-of-workforce-in-blistering-4th-round-of-layoffs/,665.0,Post-IPO,2023-01-10 23:52:38,United States,0.28,Unknown,5.831882477283517
Till Payments,Sydney,Finance,120.0,2023-01-10,https://www.afr.com/technology/till-payments-makes-120-staff-redundant-shakes-up-board-20230110-p5cbj3,95.0,Series C,2023-01-11 00:56:24,Australia,,Unknown,4.795790545596741
ConsenSys,New York City,Crypto,100.0,2023-01-10,https://www.coindesk.com/business/2023/01/10/ethereum-software-firm-consensys-to-cut-upwards-of-100-staff-as-crypto-bear-market-takes-another-casualty/,726.0,Series D,2023-01-10 23:53:20,United States,0.11,Unknown,4.61512051684126
ForeScout,Tel Aviv,Security,100.0,2023-01-10,https://www.calcalistech.com/ctechnews/article/hkyo39k9o,125.0,Acquired,2023-01-10 16:42:48,United States,0.1,Unknown,4.61512051684126
Thinkific,Vancouver,Education,76.0,2023-01-10,https://betakit.com/thinkific-makes-more-layoffs-as-part-of-push-towards-profitability/,22.0,Post-IPO,2023-01-10 23:54:32,Canada,0.19,Unknown,4.343805421853684
LEAD,Mumbai,Education,60.0,2023-01-10,https://inc42.com/buzz/exclusive-edtech-unicorn-lead-lays-off-60-employees-from-product-tech-teams/,190.0,Series E,2023-01-11 04:34:20,India,,Unknown,4.110873864173311
Parler,Nashville,Consumer,60.0,2023-01-10,https://www.theverge.com/2023/1/10/23549198/parler-parlement-technologies-layoffs-gettr-george-farmer-candace-owens,36.0,Series B,2023-01-11 00:59:39,United States,0.75,Unknown,4.110873864173311
GoBolt,Toronto,Logistics,55.0,2023-01-10,https://betakit.com/gobolt-lays-off-five-percent-of-staff-shortly-after-75-million-raise-citing-worsening-consumer-demand/,178.0,Series C,2023-01-11 00:57:48,Canada,0.05,Unknown,4.02535169073515
Relevel,Bengaluru,HR,40.0,2023-01-10,https://inc42.com/buzz/unacademy-owned-relevel-to-layoff-40-employees-as-focus-shifts-to-test-product-business/,172.5,Unknown,2023-01-12 15:20:19,India,0.2,Unknown,3.713572066704308
StreamElements,Tel Aviv,Media,40.0,2023-01-10,https://www.calcalistech.com/ctechnews/article/hjvdymj5o,111.0,Series B,2023-01-11 00:59:03,Israel,0.2,Unknown,3.713572066704308
Cart.com,Austin,Retail,25.0,2023-01-10,https://www.theinformation.com/briefings/cart-com-cuts-more-corporate-staff,383.0,Unknown,2023-11-16 22:09:02,United States,0.04,Unknown,3.258096538021482
Fate Therapeutics,San Diego,Healthcare,315.0,2023-01-09,"https://www.sandiegouniontribune.com/business/story/2023-01-09/san-diegos-fate-therapeutics-lays-off-315-employees-more-than-half-of-its-workforce#:~:text=Fate%20Therapeutics%2C%20a%20San%20Diego,collaboration%20agreement%20with%20Janssen%20Biotech",1200.0,Post-IPO,2023-01-13 01:56:40,United States,0.5700000000000001,Unknown,5.755742213586912
Minute Media,London,Media,50.0,2023-01-08,https://www.calcalistech.com/ctechnews/article/bjoxf00d5i,160.0,late_stage,2023-01-09 05:15:44,United Kingdom,0.1,Unknown,3.9318256327243257
WalkMe,SF Bay Area,Other,43.0,2023-01-08,https://www.calcalistech.com/ctechnews/article/bkzauhoqo,307.0,Post-IPO,2023-01-09 05:14:34,United States,0.03,Unknown,3.784189633918261
Huobi,Beijing,Crypto,275.0,2023-01-06,https://www.reuters.com/technology/crypto-exchange-huobi-lay-off-20-staff-justin-sun-2023-01-06/,2.0,Unknown,2023-01-06 23:12:54,China,0.2,Unknown,5.62040086571715
Carbon Health,SF Bay Area,Healthcare,200.0,2023-01-06,https://twitter.com/erenbali/status/1611488895866408960,522.0,Series D,2023-01-07 01:40:01,United States,,Unknown,5.303304908059076
Bounce,Bengaluru,Transportation,40.0,2023-01-06,https://www.moneycontrol.com/news/business/announcements/sequoia-backed-bounce-lays-off-5-of-staff-to-cut-costs-9822961.html,214.0,Series D,2023-01-09 05:03:51,India,0.05,Unknown,3.713572066704308
Cue,San Diego,Healthcare,388.0,2023-01-05,https://www.360dx.com/business-news/cue-health-lay-388-people-cost-reduction-plan#.Y7iqquzMK8A,999.0,Post-IPO,2023-01-06 23:12:01,United States,,Unknown,5.963579343618446
SoundHound,SF Bay Area,Other,200.0,2023-01-05,https://gizmodo.com/soundhound-lays-off-half-employees-pitiful-severance-1849987534,326.0,Post-IPO,2023-01-05 20:21:09,United States,0.5,Unknown,5.303304908059076
Socure,Reno,Finance,104.0,2023-01-05,https://www.biometricupdate.com/202301/socure-slashes-workforce,646.0,Series E,2023-01-06 01:48:12,United States,0.19,Unknown,4.653960350157523
Genesis,New York City,Crypto,60.0,2023-01-05,https://www.cnbc.com/2023/01/05/crypto-lender-genesis-trading-lays-off-30percent-of-workforce.html,20.0,Series A,2023-01-05 20:18:46,United States,0.3,Unknown,4.110873864173311
Moglix,Singapore,Retail,40.0,2023-01-05,https://inc42.com/buzz/b2b-ecommerce-unicorn-moglix-layoff-spree-fires-40-employees/,472.0,Series F,2023-01-06 01:37:44,Singapore,0.02,Unknown,3.713572066704308
Twitter,SF Bay Area,Consumer,40.0,2023-01-05,https://www.theinformation.com/articles/musk-lays-off-twitter-engineers-working-on-advertising-as-ad-revenue-shrinks,12900.0,Post-IPO,2023-01-06 23:15:33,United States,,Unknown,3.713572066704308
Everlane,SF Bay Area,Retail,30.0,2023-01-05,https://www.theinformation.com/articles/everlane-slashes-17-of-corporate-employees,176.0,Unknown,2023-01-06 05:31:09,United States,0.17,Unknown,3.4339872044851463
Pecan AI,Tel Aviv,Data,30.0,2023-01-05,https://www.calcalistech.com/ctechnews/article/hkrgrqvqo,116.0,Series C,2023-01-09 05:20:44,Israel,0.25,Unknown,3.4339872044851463
Personetics,New York City,Support,30.0,2023-01-05,https://www.calcalistech.com/ctechnews/article/sjlizvvcs,178.0,Private Equity,2023-01-06 01:33:54,United States,0.08,Unknown,3.4339872044851463
Twine Solutions ,Tel Aviv,Hardware,30.0,2023-01-05,https://www.calcalistech.com/ctechnews/article/bkniefe5o,50.0,Unknown,2023-01-09 05:20:03,Israel,0.33,Unknown,3.4339872044851463
UpScalio,Gurugram,Retail,25.0,2023-01-05,https://www.techinasia.com/indiabased-rollup-firm-upscalio-lays-15-staff,62.0,Series B,2023-01-06 01:32:49,India,0.15,Unknown,3.258096538021482
Amazon,Seattle,Retail,8000.0,2023-01-04,https://www.wsj.com/articles/amazon-to-lay-off-over-17-000-workers-more-than-first-planned-11672874304,108.0,Post-IPO,2023-01-05 04:17:11,United States,0.02,Unknown,8.987321812850125
Salesforce,SF Bay Area,Sales,8000.0,2023-01-04,https://www.nytimes.com/2023/01/04/business/salesforce-layoffs.html,65.0,Post-IPO,2023-01-04 15:39:44,United States,0.1,Unknown,8.987321812850125
Astronomer,Cincinnati,Data,76.0,2023-01-04,https://www.astronomer.io/blog/astronomer-update/,282.0,Series C,2023-01-06 23:16:20,United States,0.2,Unknown,4.343805421853684
Kaltura,New York City,Media,75.0,2023-01-04,https://en.globes.co.il/en/article-kaltura-announces-second-round-of-layoffs-1001434620,166.0,Post-IPO,2023-01-06 01:41:17,United States,0.11,Unknown,4.330733340286331
Augury,New York City,Manufacturing,20.0,2023-01-04,https://www.calcalistech.com/ctechnews/article/skiu0xx9j,274.0,Series E,2023-01-09 05:13:01,United States,0.05,Unknown,3.044522437723423
Pegasystems,Boston,HR,245.0,2023-01-03,https://www.bizjournals.com/boston/news/2023/01/03/pegasystems-to-cut-4-of-its-workforce.html,426.0,Post-IPO,2023-01-04 16:12:25,United States,0.04,Unknown,5.5053315359323625
Uniphore,SF Bay Area,Support,76.0,2023-01-03,https://startup.outlookindia.com/unicorns/exclusive-uniphore-technologies-lays-off-10-of-global-workforce-news-7039,620.0,Series E,2023-01-06 01:43:54,United States,0.1,Unknown,4.343805421853684
Harappa,New Delhi,Education,60.0,2023-01-03,https://www.businesstoday.in/latest/corporate/story/exclusive-upgrad-owned-edtech-start-up-harappa-lays-off-30-of-its-workforce-358723-2023-01-03,80.0,Acquired,2023-01-04 16:00:29,India,0.3,Unknown,4.110873864173311
Amdocs,St. Louis,Support,700.0,2023-01-02,https://www.calcalistech.com/ctechnews/article/bj4shoeco,426.0,Post-IPO,2023-07-07 02:36:39,United States,0.03,Unknown,6.55250788703459
Micron,Boise,Hardware,4800.0,2023-01-01,https://www.forbes.com/sites/qai/2023/01/01/tech-layoffs-micron-to-lay-off-10-of-staff-due-to-low-demand-for-chips/?sh=5d303fd41472,50.0,Post-IPO,2023-04-01 02:04:51,United States,0.1,Unknown,8.476579508530941
Ezoic,San Diego,Infrastructure,35.0,2022-12-31,https://www.businessinsider.com/an-adtech-employee-stole-a-9m-payment-sent-by-google-and-used-it-to-buy-gold-2023-4,39.0,Series A,2023-07-21 03:31:40,United States,,Unknown,3.58351893845611
PayU,Amsterdam,Finance,150.0,2022-12-26,https://www.livemint.com/companies/news/payu-layoffs-6-of-its-workforce-150-employees-lose-jobs-report-11672035519752.html,80.0,Acquired,2022-12-26 23:29:37,Netherlands,0.06,Unknown,5.017279836814924
Willow,Sydney,Real Estate,99.0,2022-12-23,https://www.afr.com/technology/nicholas-moore-chaired-proptech-willow-fires-99-workers-to-curb-costs-20221222-p5c8am,172.5,Unknown,2023-01-09 05:01:05,Australia,0.22,Unknown,4.605170185988092
Back Market,Paris,Retail,93.0,2022-12-23,https://sifted.eu/articles/startup-tech-company-layoffs/,1000.0,Series E,2022-12-27 16:33:45,France,0.13,Unknown,4.543294782270004
Zoopla,London,Real Estate,50.0,2022-12-23,https://www.linkedin.com/posts/zoopla_its-with-a-heavy-heart-that-we-will-be-saying-activity-7010935780743258113-PG98/,25.0,Series C,2022-12-30 23:25:30,United Kingdom,,Unknown,3.9318256327243257
Qualcomm,San Diego,Hardware,153.0,2022-12-22,https://www.sandiegouniontribune.com/business/story/2022-12-22/qualcomm-trims-local-workforce-by-153-jobs-as-smartphone-demand-remains-sluggish,426.0,Post-IPO,2023-01-04 16:06:51,United States,,Unknown,5.0369526024136295
TuSimple,San Diego,Transportation,350.0,2022-12-21,https://techcrunch.com/2022/12/21/self-driving-truck-company-tusimple-to-lay-off-25-of-workforce/,648.0,Post-IPO,2022-12-18 04:12:29,United States,0.25,Unknown,5.860786223465865
Chope,Singapore,Food,65.0,2022-12-20,https://www.techinasia.com/alipaybacked-chope-lays-65-employees,50.0,Series E,2022-12-28 15:52:40,Singapore,0.24,Unknown,4.189654742026425
Briza,Toronto,Finance,26.0,2022-12-20,https://betakit.com/ceo-of-briza-steps-down-as-insurtech-startup-cuts-close-to-half-of-its-staff/,10.0,Series A,2022-12-20 18:43:01,Canada,0.4,Unknown,3.295836866004329
Homebot,Denver,Real Estate,18.0,2022-12-19,https://homebot.ai/blog/a-letter-to-homebotters,4.0,Acquired,2023-01-20 01:14:13,United States,0.13,Unknown,2.9444389791664403
Tomorrow,Hamburg,Finance,30.0,2022-12-16,https://www.businessinsider.de/gruenderszene/fintech/tomorrow-kundigt-viertel-seines-teams/,29.0,Unknown,2022-12-18 04:15:07,Germany,0.25,Unknown,3.4339872044851463
Revelate,Montreal,Data,24.0,2022-12-16,https://betakit.com/layoffs-persist-at-canadian-tech-companies-amid-bleak-outlook-for-2023/,26.0,Series A,2022-12-19 17:17:13,Canada,0.3,Unknown,3.2188758248682006
BigCommerce,Austin,Retail,180.0,2022-12-15,https://www.marketwatch.com/story/bigcommerce-to-lay-off-13-of-workforce-271671103074,224.0,Post-IPO,2022-12-15 16:20:44,United States,0.13,Unknown,5.198497031265826
Freshworks,SF Bay Area,Support,90.0,2022-12-15,https://inc42.com/buzz/facing-macroeconomic-headwinds-freshworks-trims-nearly-2-workforce/,484.0,Post-IPO,2022-12-15 16:21:46,United States,0.02,Unknown,4.51085950651685
LeafLink,New York City,Other,80.0,2022-12-15,https://mjbizdaily.com/cannabis-wholesale-platform-leaflink-lays-off-80-workers/,379.0,Series C,2023-02-01 05:19:55,United States,0.31,Unknown,4.394449154672439
Workmotion,Berlin,HR,60.0,2022-12-15,https://www.startbase.com/news/workmotion-entlaesst-20-prozent-seiner-belegschaft/,76.0,Series B,2023-01-04 16:11:09,United States,0.2,Unknown,4.110873864173311
JD.ID,Jakarta,Retail,200.0,2022-12-14,https://jakartaglobe.id/business/jdid-layoffs-reflect-struggles-in-indonesian-startup-industry,5100.0,Post-IPO,2022-12-15 02:19:38,Indonesia,0.3,Unknown,5.303304908059076
GoStudent,Vienna,Education,100.0,2022-12-14,https://www.businessinsider.com/gostudent-3-billion-edtech-startup-begins-fresh-round-of-layoffs-2022-12,686.0,Series D,2022-12-15 02:11:42,Austria,,Unknown,4.61512051684126
Quanergy Systems,SF Bay Area,Transportation,72.0,2022-12-14,https://www.bizjournals.com/sanjose/news/2022/12/14/quanergy-to-cut-72-jobs-in-sunnyvale.html,175.0,Post-IPO,2022-12-15 22:44:33,United States,,Unknown,4.290459441148391
Headspace,Los Angeles,Healthcare,50.0,2022-12-14,https://www.bloomberg.com/news/articles/2022-12-14/meditation-app-headspace-cuts-50-workers-or-4-of-staff,215.0,Unknown,2022-12-15 16:16:00,United States,0.04,Unknown,3.9318256327243257
ChowNow,Los Angeles,Food,40.0,2022-12-14,https://www.restaurantbusinessonline.com/amp/technology/chownow-cuts-more-jobs-delivery-demand-levels-out,64.0,Series C,2022-12-15 02:10:04,United States,0.1,Unknown,3.713572066704308
Thumbtack,SF Bay Area,Consumer,160.0,2022-12-13,Internal memo,698.0,late_stage,2022-12-13 20:12:50,United States,0.14,Unknown,5.081404364984463
Edgio,Phoenix,Infrastructure,95.0,2022-12-13,https://www.marketscreener.com/amp/quote/stock/EDGIO-INC-52799/news/EDGIO-INC-Costs-Associated-with-Exit-or-Disposal-Activities-Change-in-Directors-or-Principal-Of-42549605/,462.0,Post-IPO,2022-12-15 02:14:17,United States,0.1,Unknown,4.564348191467836
Komodo Health,SF Bay Area,Healthcare,78.0,2022-12-13,https://techcrunch.com/2022/12/13/komodo-health-once-tipped-for-a-looming-ipo-has-cut-staff-as-cfo-departs/,514.0,Series E,2022-12-13 20:11:49,United States,0.09,Unknown,4.3694478524670215
Viant,Los Angeles,Marketing,46.0,2022-12-13,https://www.businessinsider.com/viant-lay-off-13-percent-of-workforce-2022-12,426.0,Post-IPO,2022-12-21 19:35:29,United States,0.13,Unknown,3.8501476017100584
Pluralsight,Salt Lake City,Education,400.0,2022-12-12,https://www.pluralsight.com/newsroom/press-releases/ceo-aaron-skonnard-email-to-pluralsight,192.0,Acquired,2022-12-12 22:08:18,United States,0.2,Unknown,5.993961427306569
Freshly,Phoenix,Food,329.0,2022-12-12,https://mouthbysouthwest.com/2022/12/12/phoenix-born-freshly-is-laying-off-329-local-workers-in-strategy-shift/,107.0,Acquired,2022-12-14 17:57:42,United States,,Unknown,5.799092654460526
Balto,St. Louis,Sales,35.0,2022-12-12,https://www.bizjournals.com/stlouis/inno/stories/news/2022/12/12/balto-software-layoffs.html,51.0,Series B,2022-12-13 20:08:07,United States,,Unknown,3.58351893845611
Outschool,SF Bay Area,Education,43.0,2022-12-10,https://techcrunch.com/2022/12/10/some-of-edtech-boldest-are-struggling/,240.0,Series D,2022-12-13 20:07:23,United States,0.25,Unknown,3.784189633918261
Xentral,Munich,Product,20.0,2022-12-10,https://www.businessinsider.de/gruenderszene/business/xentral-entlassungen/,94.0,Series B,2022-12-13 20:02:56,Germany,0.1,Unknown,3.044522437723423
Playtika,Tel Aviv,Consumer,600.0,2022-12-09,https://en.globes.co.il/en/article-playtika-to-lay-off-600-1001432312,426.0,Post-IPO,2022-12-11 06:01:30,Israel,0.15,Unknown,6.398594934535208
Bol.com,Utrecht,Retail,300.0,2022-12-09,https://ecommercenews.eu/bol-com-lays-off-10-of-staff/,80.0,Acquired,2024-02-05 05:01:57,Netherlands,0.1,Unknown,5.707110264748875
Share Now,Berlin,Transportation,150.0,2022-12-09,https://www.businessinsider.de/gruenderszene/automotive-mobility/carsharing-sharenow-entlassungen-a/,80.0,Acquired,2022-12-13 20:05:00,Germany,0.36,Unknown,5.017279836814924
Alice,Sao Paulo,Healthcare,113.0,2022-12-09,https://startups.com.br/demissoes/alice-faz-nova-onda-de-demissoes-e-dispensa-113-pessoas/,174.0,Series C,2022-12-11 03:31:04,Brazil,0.16,Unknown,4.736198448394496
Primer,London,Finance,85.0,2022-12-09,https://techcrunch.com/2022/12/09/primer-the-uk-e-commerce-tech-startup-has-laid-off-one-third-of-its-staff/,73.0,Series B,2022-12-09 16:37:23,United Kingdom,0.33,Unknown,4.454347296253507
OneFootball,Berlin,Marketing,62.0,2022-12-09,https://company.onefootball.com/news/an-update-from-onefootball-founder-and-ceo-lucas-von-cranach/,442.0,Series D,2022-12-21 00:43:02,Germany,0.115,Unknown,4.143134726391533
C2FO,Kansas City,Finance,20.0,2022-12-09,https://www.bizjournals.com/kansascity/news/2023/10/16/c2fo-layoffs-marketing-sales-revenue-growth-ipo.html,537.0,late_stage,2022-12-11 05:58:32,United States,0.02,Unknown,3.044522437723423
Airtable,SF Bay Area,Product,254.0,2022-12-08,https://techcrunch.com/2022/12/08/airtable-layoffs/,1400.0,Series F,2022-12-08 17:48:07,United States,0.2,Unknown,5.541263545158426
Swiggy,Bengaluru,Food,250.0,2022-12-08,https://inc42.com/buzz/swiggy-fire-250-employees-further-layoffs-store/,3600.0,Unknown,2022-12-09 05:00:53,India,0.03,Unknown,5.5254529391317835
Glints,Singapore,HR,198.0,2022-12-08,https://www.techinasia.com/singaporebased-glints-lays-18-employees,82.0,Series D,2022-12-09 05:07:33,Singapore,0.18,Unknown,5.293304824724492
Buser,Sao Paulo,Transportation,160.0,2022-12-08,https://startups.com.br/demissoes/buser-demite-30-para-se-adaptar-a-nova-realidade-do-mercado/,138.0,Series C,2022-12-11 06:00:24,Brazil,0.3,Unknown,5.081404364984463
BlackLine,Los Angeles,Finance,95.0,2022-12-08,https://seekingalpha.com/news/3915452-blackline-to-cut-jobs-by-5-globally-sec-filing,220.0,Private Equity,2022-12-11 06:15:28,United States,0.05,Unknown,4.564348191467836
Chrono24,Karlsruhe,Retail,80.0,2022-12-08,https://www.tag24.de/chemnitz/lokales/fuer-luxusuhren-haendler-in-chemnitz-rabenstein-laeuft-die-zeit-ab-2684514,205.0,Series C,2023-01-15 14:12:34,Germany,,Unknown,4.394449154672439
Otonomo,Tel Aviv,Transportation,80.0,2022-12-08,https://www.calcalistech.com/ctechnews/article/bjbvjqyoi,231.0,Post-IPO,2022-12-11 06:07:24,Israel,0.5,Unknown,4.394449154672439
TechTarget,Boston,Marketing,60.0,2022-12-08,https://www.marketwatch.com/story/techtarget-focuses-on-restructuring-plan-cutting-60-positions-271670628385,115.0,Post-IPO,2022-12-11 06:02:55,United States,0.05,Unknown,4.110873864173311
Inscripta,Boulder,Healthcare,43.0,2022-12-08,https://www.genomeweb.com/business-news/inscripta-lays-dozens-closes-colorado-headquarters-san-diego-office#.Y5JvGOzMK8A,459.0,Series E,2022-12-09 05:02:33,United States,,Unknown,3.784189633918261
CyCognito,SF Bay Area,Security,30.0,2022-12-08,https://www.calcalistech.com/ctechnews/article/h1suse100s,153.0,Series C,2022-12-09 05:03:17,United States,0.15,Unknown,3.4339872044851463
Armis,SF Bay Area,Security,25.0,2022-12-08,https://www.calcalistech.com/ctechnews/article/by6mtcjuo,537.0,Private Equity,2022-12-11 03:35:08,United States,0.04,Unknown,3.258096538021482
Vedantu,Bengaluru,Education,385.0,2022-12-07,https://economictimes.indiatimes.com/tech/startups/edtech-firm-vedantu-cuts-385-jobs-in-fourth-round-of-layoffs-this-year/articleshow/96060595.cms,292.0,Series E,2022-12-07 16:28:02,India,,Unknown,5.955837369464831
Loft,Sao Paulo,Real Estate,312.0,2022-12-07,https://www.bloomberglinea.com/english/brazilian-unicorn-loft-sheds-12-of-staff-in-third-wave-of-layoffs-this-year/,788.0,Unknown,2022-12-08 06:26:02,Brazil,0.12,Unknown,5.746203190540153
Plaid,SF Bay Area,Finance,260.0,2022-12-07,https://techcrunch.com/2022/12/07/plaid-layoff-fintech/,734.0,Series D,2022-12-07 16:22:04,United States,0.2,Unknown,5.564520407322694
Motive,SF Bay Area,Transportation,237.0,2022-12-07,https://gomotive.com/blog/shoaib-makanis-message-to-employees/,567.0,Series F,2022-12-08 06:21:12,United States,0.06,Unknown,5.472270673671475
Recur Forever,Miami,Crypto,235.0,2022-12-07,https://www.classaction.org/news/recur-forever-laid-off-workers-without-proper-notice-class-action-says,55.0,Series A,2023-01-20 01:01:53,United States,,Unknown,5.4638318050256105
Relativity,Chicago,Legal,150.0,2022-12-07,https://www.chicagobusiness.com/technology/software-firm-relativity-cuts-10-staff,125.0,Private Equity,2022-12-08 06:22:20,United States,0.1,Unknown,5.017279836814924
Voi,Stockholm,Transportation,130.0,2022-12-07,https://www.breakit.se/artikel/35283/voi-tvingas-drar-ner-igen-vi-ar-mycket-ledsna,515.0,Series D,2022-12-08 06:24:32,United States,0.13,Unknown,4.875197323201151
Integral Ad Science,New York City,Marketing,120.0,2022-12-07,https://investors.integralads.com/node/7871/html,116.0,Acquired,2022-12-08 06:23:13,United States,0.13,Unknown,4.795790545596741
Houzz,SF Bay Area,Consumer,95.0,2022-12-07,https://en.globes.co.il/en/article-houzz-lays-off-100-in-us-and-israel-1001433310,613.0,Series E,2022-12-21 16:16:58,United States,0.08,Unknown,4.564348191467836
Grover,Berlin,Retail,40.0,2022-12-07,https://www.businessinsider.de/gruenderszene/business/entlassungen-bei-berliner-neu-unicorn-grover/?fbclid=IwAR3o2sB8MmcX3_y8HaAeRqIUU2T8YNYokRDZz5Nxkr0BjzhYRs84fR2hrW8,2300.0,Unknown,2022-12-07 19:18:57,United States,0.1,Unknown,3.713572066704308
Lev,New York City,Real Estate,30.0,2022-12-07,https://therealdeal.com/2022/12/07/cre-finance-platform-lev-lays-off-chunk-of-staff/,114.0,Series B,2022-12-11 06:19:37,United States,0.3,Unknown,3.4339872044851463
Lithic,New York City,Finance,27.0,2022-12-07,https://www.axios.com/pro/fintech-deals/2022/12/07/fintech-lithic-lays-off-27,115.0,Series C,2022-12-09 00:46:59,United States,0.18,Unknown,3.332204510175204
Doma,SF Bay Area,Finance,515.0,2022-12-06,https://investor.doma.com/node/8161/html,679.0,Post-IPO,2022-12-07 06:21:36,United States,0.4,Unknown,6.246106765481563
Intel,SF Bay Area,Hardware,201.0,2022-12-06,https://www.crn.com/news/computing/intel-begins-layoffs-in-california-voluntary-unpaid-leave-program,12.0,Post-IPO,2022-12-30 15:57:23,United States,,Unknown,5.308267697401205
BuzzFeed,New York City,Media,180.0,2022-12-06,https://variety.com/2022/digital/news/buzzfeed-layoffs-12-percent-employees-1235451552/,696.0,Post-IPO,2022-12-06 18:40:43,United States,0.12,Unknown,5.198497031265826
Weedmaps,Los Angeles,Other,175.0,2022-12-06,https://www.businessinsider.com/weedmaps-cannabis-company-layoffs-cutting-workforce-2022-12,80.0,Acquired,2022-12-07 06:29:37,United States,0.25,Unknown,5.170483995038151
Adobe,SF Bay Area,Marketing,100.0,2022-12-06,https://www.bloomberg.com/news/articles/2022-12-06/adobe-cuts-100-jobs-concentrated-in-sales-as-tech-tightens-belt,2.0,Post-IPO,2022-12-07 06:30:37,United States,,Unknown,4.61512051684126
Chipper Cash,SF Bay Area,Finance,50.0,2022-12-06,https://techcrunch.com/2022/12/06/african-fintech-unicorn-chipper-cash-lays-off-about-12-5-of-staff/,302.0,Series C,2022-12-07 02:37:02,United States,0.125,Unknown,3.9318256327243257
Stash,New York City,Finance,32.0,2022-12-06,https://lp.stash.com/news/saying-goodbye-to-some-of-our-colleagues-and-looking-towards-the-future/,480.0,Unknown,2022-12-07 02:38:29,United States,0.08,Unknown,3.4965075614664802
Perimeter 81,Tel Aviv,Security,20.0,2022-12-06,https://www.calcalistech.com/ctechnews/article/hjgmdpnws,165.0,Series C,2022-12-07 02:35:54,Israel,0.08,Unknown,3.044522437723423
Koinly,London,Crypto,16.0,2022-12-06,https://blockworks.co/news/crypto-tax-startup-koinly-cuts-staffers-just-in-time-for-tax-season,172.5,Unknown,2022-12-07 06:19:29,United Kingdom,0.14,Unknown,2.833213344056216
Bridgit,Waterloo,Construction,13.0,2022-12-06,https://www.therecord.com/news/waterloo-region/2022/12/06/some-startups-scaling-back-as-investment-shrinks.html,36.0,Series B,2022-12-19 16:48:06,Canada,0.13,Unknown,2.6390573296152584
Swyftx,Brisbane,Crypto,90.0,2022-12-05,https://www.smh.com.au/business/companies/worst-case-scenario-local-crypto-exchange-swyftx-lays-off-40-percent-of-staff-20221205-p5c3mu.html,172.5,Unknown,2022-12-05 13:26:15,Australia,0.4,Unknown,4.51085950651685
Aqua Security,Boston,Security,65.0,2022-12-05,https://www.calcalistech.com/ctechnews/article/s1uxohjvs,265.0,Series E,2022-12-06 18:42:03,United States,0.1,Unknown,4.189654742026425
DataRails,Tel Aviv,Finance,30.0,2022-12-05,https://www.calcalistech.com/ctechnews/article/s1ka1tjvj,103.0,Series B,2022-12-06 00:41:03,Israel,0.18,Unknown,3.4339872044851463
OYO,Gurugram,Travel,600.0,2022-12-03,https://www.livemint.com/companies/news/oyo-to-layoff-600-execs-across-technology-teams-hire-250-for-sales-11670056711013.html,4000.0,Series F,2022-12-04 22:53:40,India,,Unknown,6.398594934535208
HealthifyMe,Bengaluru,Fitness,150.0,2022-12-03,https://inc42.com/buzz/fitness-healthtech-startup-healthifyme-lays-off-150-employees/,100.0,Series C,2022-12-04 23:00:50,India,,Unknown,5.017279836814924
Cognyte,Tel Aviv,Security,100.0,2022-12-02,https://www.globes.co.il/news/article.aspx?did=1001431603,172.5,Unknown,2022-12-04 23:02:11,Israel,0.05,Unknown,4.61512051684126
ShareChat,Bengaluru,Consumer,100.0,2022-12-02,https://www.india.com/business/sharechat-layoff-to-effect-over-100-employees-winds-down-fantasy-sport-app-jeet11-sahrechat-sacks-workforce-latest-news-5777356/,1700.0,Unknown,2022-12-03 05:18:35,India,,Unknown,4.61512051684126
Polly,Burlington,Finance,47.0,2022-12-02,https://vtdigger.org/2022/12/02/williston-based-insurance-tech-startup-polly-lays-off-47-employees/,184.0,Series C,2022-12-04 23:10:15,United States,0.15,Unknown,3.871201010907891
Carousell,Singapore,Retail,110.0,2022-12-01,https://www.straitstimes.com/singapore/jobs/carousell-cuts-110-jobs-to-rein-in-costs,372.0,Private Equity,2022-12-03 05:02:52,Singapore,0.1,Unknown,4.709530201312334
Bizzabo,New York City,Marketing,100.0,2022-12-01,https://www.calcalistech.com/ctechnews/article/h1ajz9idj,194.0,Series E,2022-12-03 04:57:20,United States,0.37,Unknown,4.61512051684126
BloomTech,SF Bay Area,Education,88.0,2022-12-01,https://techcrunch.com/2022/12/01/bloomtech-previously-lambda-school-cuts-half-of-staff/,172.5,Unknown,2022-12-01 22:20:09,United States,0.5,Unknown,4.48863636973214
Netlify,SF Bay Area,Product,48.0,2022-12-01,Internal memo,212.0,Series D,2022-12-08 17:03:17,United States,0.16,Unknown,3.8918202981106265
Springbig,Miami,Sales,37.0,2022-12-01,https://mjbizdaily.com/marijuana-software-firm-springbig-laying-off-nearly-25-percent-of-workforce/,32.0,Post-IPO,2022-12-19 16:44:56,United States,0.23,Unknown,3.6375861597263857
DoorDash,SF Bay Area,Food,1250.0,2022-11-30,https://www.reuters.com/business/retail-consumer/doordash-cuts-1250-jobs-an-effort-rein-expenses-2022-11-30/,2500.0,Post-IPO,2022-11-30 15:21:42,United States,0.06,Unknown,7.1316985104669115
Kraken,SF Bay Area,Crypto,1100.0,2022-11-30,https://blog.kraken.com/post/16442/business-update/,134.0,Unknown,2022-11-30 16:37:32,United States,0.3,Unknown,7.00397413672268
Happy Money,Los Angeles,Finance,158.0,2022-11-30,Internal memo,191.0,Series D,2022-12-01 22:00:23,United States,0.34,Unknown,5.0689042022202315
Ula,Jakarta,Retail,134.0,2022-11-30,https://dailysocial.id/post/ula-layoff-2022,140.0,Series B,2022-12-01 06:27:24,Indonesia,0.23,Unknown,4.90527477843843
Wonder,New York City,Food,130.0,2022-11-30,https://www.theinformation.com/articles/marc-lores-kitchen-on-wheels-startup-cuts-staff-dials-back-delivery-ambitions,850.0,Series B,2022-12-01 06:37:27,United States,0.07,Unknown,4.875197323201151
StudySmarter,Berlin,Education,70.0,2022-11-30,https://www.startbase.de/news/studysmarter-entlaesst-etwa-70-mitarbeitende/,64.0,Series A,2023-01-12 15:36:50,Germany,,Unknown,4.2626798770413155
Grin,Sacramento,Marketing,60.0,2022-11-30,https://www.theinformation.com/briefings/influencer-marketing-startup-grin-lays-off-60-employees,145.0,Series B,2022-12-03 04:59:05,United States,0.13,Unknown,4.110873864173311
Ualá,Buenos Aires,Finance,53.0,2022-11-30,https://www.perfil.com/noticias/economia/empresa-uala-despidio-medio-centenar-trabajadores.phtml,544.0,Series D,2022-12-01 06:29:00,Argentina,0.03,Unknown,3.9889840465642745
Teachmint,Bengaluru,Education,45.0,2022-11-30,https://inc42.com/buzz/edtech-startup-teachmint-lays-off-45-employees/,118.0,Series B,2022-12-01 06:34:10,India,0.05,Unknown,3.828641396489095
Etermax,Buenos Aires,Other,40.0,2022-11-30,https://www.clarin.com/economia/despidos-reestructuracion-tecnologicas-empresas-achican-pasar-2023_0_uxSUuShZhQ.html,172.5,Unknown,2022-12-01 06:33:17,Argentina,,Unknown,3.713572066704308
Thread,London,Retail,30.0,2022-11-30,https://www.drapersonline.com/news/ms-acquires-thread-intellectual-property,40.0,Acquired,2022-12-11 06:23:40,United Kingdom,0.5,Unknown,3.4339872044851463
Nexar,New York City,Transportation,25.0,2022-11-30,https://www.calcalistech.com/ctechnews/article/rktq3gqc3,149.0,Series D,2023-09-04 23:17:48,United States,,Unknown,3.258096538021482
Bitso,Mexico City,Crypto,100.0,2022-11-29,https://portaldobitcoin.uol.com.br/corretora-de-criptomoedas-bitso-faz-segunda-rodada-de-demissoes-no-brasil-e-no-mexico/,378.0,Series C,2022-11-30 06:19:06,Mexico,,Unknown,4.61512051684126
Lyst,London,Retail,50.0,2022-11-29,https://techcrunch.com/2022/11/29/lyst-the-uk-fashion-marketplace-is-laying-off-25-of-staff/,144.0,Unknown,2022-11-30 06:03:36,United Kingdom,0.25,Unknown,3.9318256327243257
CoinJar,Melbourne,Crypto,10.0,2022-11-29,https://www.theaustralian.com.au/business/technology/melbourne-crypto-startup-coinjar-axes-20pc-of-workforce/news-story/485648b4b36a538ff7c00287adb57d5a,1.0,Unknown,2022-11-30 06:20:29,Australia,0.2,Unknown,2.3978952727983707
Infarm,Berlin,Other,500.0,2022-11-28,https://www.infarm.com/news/note-from-infarm-s-founders-strategy-shift-and-profitability-at-infarm,604.0,Series D,2022-11-29 04:21:05,Germany,0.5,Unknown,6.2166061010848646
Wildlife Studios,Sao Paulo,Consumer,300.0,2022-11-28,https://mobilegamer.biz/massive-layoffs-at-wildlife-as-it-drops-all-non-mobile-game-projects/,260.0,Unknown,2022-11-29 15:59:03,Brazil,0.2,Unknown,5.707110264748875
Hirect,Bengaluru,Recruiting,200.0,2022-11-28,https://www.livemint.com/companies/start-ups/startup-direct-hiring-platform-hirect-fires40ofworkforce-11669662447280.html,20.0,Series A,2022-11-29 04:27:35,India,0.4,Unknown,5.303304908059076
ApplyBoard,Waterloo,Education,90.0,2022-11-28,https://www.therecord.com/news/waterloo-region/2022/11/28/applyboard-lays-off-six-per-cent-of-its-workforce.html,483.0,Series D,2022-11-30 06:14:53,Canada,0.06,Unknown,4.51085950651685
Ajaib,Jakarta,Finance,67.0,2022-11-28,https://www.techinasia.com/indonesian-investment-platform-ajaib-lays-8-headcount,245.0,Unknown,2022-11-30 06:12:35,Indonesia,0.08,Unknown,4.219507705176107
Candy Digital,New York City,Crypto,33.0,2022-11-28,https://decrypt.co/115811/gary-vee-sports-nft-candy-digital-mass-layoffs,100.0,Series A,2022-11-29 04:24:38,United States,0.33,Unknown,3.5263605246161616
ResearchGate,Berlin,Other,25.0,2022-11-28,https://www.linkedin.com/posts/ijad-madisch-4428229_today-we-are-reducing-the-size-of-the-researchgate-activity-7002973716632502273-7jum/,87.0,Series D,2022-11-28 18:00:13,Germany,0.1,Unknown,3.258096538021482
VerSe Innovation,Bengaluru,Media,150.0,2022-11-25,https://techcrunch.com/2022/11/28/verse-innovation-layoff-salary-cut/,1700.0,late_stage,2022-11-28 18:02:57,India,0.05,Unknown,5.017279836814924
Carwow,London,Transportation,70.0,2022-11-25,https://www.ft.com/content/19150de3-bbd4-42b3-acbd-52b228dc1bf1,157.0,Unknown,2022-11-29 04:11:17,United Kingdom,0.2,Unknown,4.2626798770413155
Vendease,Lagos,Food,27.0,2022-11-25,https://techcabal.com/2022/11/25/nigerian-food-procurement-platform-vendease-lays-off-9-of-its-workforce/,43.0,Series A,2022-11-30 05:55:37,Nigeria,0.09,Unknown,3.332204510175204
Lemon,Buenos Aires,Crypto,100.0,2022-11-24,https://www.forbesargentina.com/innovacion/lemon-despide-tercio-sus-empleados-anuncia-nuevo-foco-compania-sea-mas-sostenible-n25358,17.0,Series A,2022-11-25 04:10:29,Argentina,0.38,Unknown,4.61512051684126
Quidax,Lagos,Crypto,20.0,2022-11-24,https://techcabal.com/2022/11/24/nigerian-crypto-exchange-quidax-lays-off-20-of-its-workforce/,3.0,Unknown,2022-11-26 16:24:18,Nigeria,0.2,Unknown,3.044522437723423
Western Digital,SF Bay Area,Hardware,251.0,2022-11-22,https://www.bizjournals.com/sanjose/news/2022/11/22/western-digital-latest-valley-company-with-layoffs.html,900.0,Post-IPO,2023-02-13 17:50:22,United States,,Unknown,5.529429087511423
SIRCLO,Jakarta,Retail,160.0,2022-11-22,https://dailysocial.id/post/sirclo-layoff-2022,92.0,Series B,2022-11-22 17:53:56,Indonesia,0.08,Unknown,5.081404364984463
Movidesk,Blumenau,Support,118.0,2022-11-22,https://startups.com.br/noticias/zenvia-faz-limpa-na-movidesk-e-demite-118-funcionarios/,11.0,Acquired,2023-05-24 02:13:37,Brazil,,Unknown,4.77912349311153
Trax,Singapore,Retail,80.0,2022-11-22,https://www.themarker.com/technation/2022-11-22/ty-article/.premium/00000184-9f73-d710-a7c6-df731af70000,1000.0,Series E,2022-11-22 19:04:01,Singapore,0.08,Unknown,4.394449154672439
Jumia,Lagos,Retail,900.0,2022-11-21,https://techcrunch.com/2023/02/16/jumia-laid-off-20-of-staff-in-q4-2022-amid-work-to-reduce-losses-by-half-this-year/,1200.0,Post-IPO,2022-12-21 17:00:12,Nigeria,0.2,Unknown,6.803505257608338
Kitopi,Dubai,Food,93.0,2022-11-21,https://www.arabianbusiness.com/jobs/dubai-unicorn-kitopi-sacks-93-head-office-staff-as-tech-industry-slumps,804.0,Series C,2022-11-23 04:32:47,United States,0.1,Unknown,4.543294782270004
Zomato,Gurugram,Food,100.0,2022-11-19,https://www.businesstoday.in/latest/economy/story/after-byjus-now-zomato-fires-employees-about-100-jobs-impacted-so-far-report-353435-2022-11-19,914.0,late_stage,2022-11-20 00:05:57,India,0.04,Unknown,4.61512051684126
Carvana,Phoenix,Transportation,1500.0,2022-11-18,https://www.wsj.com/articles/carvana-plans-to-lay-off-1-500-employees-cites-economic-concerns-11668793114,1600.0,Post-IPO,2022-11-18 21:34:43,United States,0.08,Unknown,7.313886831633462
Nuro,SF Bay Area,Transportation,300.0,2022-11-18,https://techcrunch.com/2022/11/18/autonomous-delivery-startup-nuro-lays-off-20-of-workforce/,2100.0,Series D,2022-11-18 21:35:34,United States,0.2,Unknown,5.707110264748875
Synthego,SF Bay Area,Healthcare,105.0,2022-11-18,https://www.fiercebiotech.com/biotech/fierce-biotech-layoff-tracker-2022,459.0,Series E,2022-11-29 04:18:07,United States,0.2,Unknown,4.663439094112067
Splyt,London,Transportation,57.0,2022-11-18,https://www.linkedin.com/posts/philipp-mintchin-27b0b943_since-the-beginning-of-the-pandemic-in-2020-activity-7000407838200147968-vFMO/,34.0,Series B,2023-01-18 23:20:51,United Kingdom,,Unknown,4.060443010546419
Roku,SF Bay Area,Media,200.0,2022-11-17,https://variety.com/2022/digital/news/roku-layoffs-200-employees-1235435468/amp/,208.0,Post-IPO,2022-11-17 17:12:59,United States,0.07,Unknown,5.303304908059076
Orchard,New York City,Real Estate,180.0,2022-11-17,https://www.inman.com/2022/11/17/orchard-lays-off-180-workers-amid-historic-housing-disruption/,472.0,Series D,2022-11-18 05:15:08,United States,,Unknown,5.198497031265826
Homepoint,Phoenix,Real Estate,113.0,2022-11-17,https://www.bizjournals.com/phoenix/news/2022/11/17/homepoint-laying-off-az-employees-interest-rates.html,426.0,Post-IPO,2022-11-19 23:33:13,United States,,Unknown,4.736198448394496
Juni,Gothenburg,Finance,72.0,2022-11-17,https://www.finextra.com/newsarticle/41340/juni-joins-fintech-bloodbath-lays-off-a-third-of-staff,281.0,Unknown,2022-11-19 23:28:55,Sweden,0.33,Unknown,4.290459441148391
Chili Piper,New York City,Sales,58.0,2022-11-17,https://www.linkedin.com/feed/update/urn:li:activity:6999112600667983872/,54.0,Series B,2022-11-17 21:34:39,United States,,Unknown,4.07753744390572
Capitolis,New York City,Finance,37.0,2022-11-17,https://www.themarker.com/technation/2022-11-17/ty-article/.premium/00000184-8592-d309-afe7-a597c17f0000,281.0,Series D,2022-11-18 05:18:34,United States,0.25,Unknown,3.6375861597263857
TealBook,Toronto,Other,34.0,2022-11-17,https://www-theglobeandmail-com.cdn.ampproject.org/c/s/www.theglobeandmail.com/amp/business/article-symend-tealbook-latest-canadian-tech-startups-to-cut-staff-amid-market/,73.0,Series B,2022-11-17 17:26:04,Canada,0.19,Unknown,3.5553480614894135
Koho,Toronto,Finance,15.0,2022-11-17,https://betakit.com/canadian-tech-layoffs-continue-as-tough-year-comes-to-a-close/,278.0,Series D,2022-11-20 00:17:18,Canada,0.04,Unknown,2.772588722239781
&Open,Dublin,Marketing,9.0,2022-11-17,https://www.irishtimes.com/technology/2022/11/17/gifting-platform-open-to-cut-nine-roles-from-global-workforce/,35.0,Series A,2022-12-01 06:17:41,Ireland,0.09,Unknown,2.302585092994046
Amazon,Seattle,Retail,10000.0,2022-11-16,https://www.nytimes.com/2022/11/14/technology/amazon-layoffs.html,108.0,Post-IPO,2022-11-16 17:40:58,United States,0.03,Unknown,9.210440366976517
Cisco,SF Bay Area,Infrastructure,4100.0,2022-11-16,https://www.bizjournals.com/sanjose/news/2022/11/16/cisco-announces-600m-restructuring-layoffs.html,2.0,Post-IPO,2022-11-17 17:15:04,United States,0.05,Unknown,8.31898612539206
Twiga,Nairobi,Food,211.0,2022-11-16,https://techcrunch.com/2022/11/16/kenyas-twiga-dismisses-in-house-sales-team-affecting-21-of-it-employees/,157.0,Series C,2022-11-30 06:02:41,Kenya,0.21,Unknown,5.356586274672012
Wayflyer,Dublin,Marketing,200.0,2022-11-16,https://sifted.eu/articles/wayflyer-layoffs-global-2022/,889.0,Unknown,2022-11-17 00:29:46,Ireland,0.4,Unknown,5.303304908059076
Similarweb,New York City,Other,120.0,2022-11-16,https://en.globes.co.il/en/article-similarweb-cuts-10-of-workforce-1001430060,235.0,Post-IPO,2022-11-17 04:16:20,United States,0.1,Unknown,4.795790545596741
Salsify,Boston,Retail,90.0,2022-11-16,https://www.bizjournals.com/boston/inno/stories/news/2022/11/16/salsify-layoffs-2022.html,452.0,Series F,2022-11-17 00:32:56,United States,0.11,Unknown,4.51085950651685
Lokalise,Dover,Other,76.0,2022-11-16,https://lokalise.com/blog/changes-at-lokalise/,56.0,Series B,2022-11-17 04:19:10,United States,0.23,Unknown,4.343805421853684
Yotpo,New York City,Marketing,70.0,2022-11-16,https://www.calcalistech.com/ctechnews/article/hy00chefus,436.0,Unknown,2022-11-17 17:19:30,United States,0.09,Unknown,4.2626798770413155
Pear Therapeutics,Boston,Healthcare,59.0,2022-11-16,https://www.fiercebiotech.com/medtech/pear-therapeutics-trims-workforce-another-22,409.0,Post-IPO,2022-12-11 06:17:19,United States,0.22,Unknown,4.0943445622221
UiPath,New York City,Data,241.0,2022-11-15,https://www.marketwatch.com/story/uipath-stock-rockets-after-company-announces-further-layoffs-suggests-revenue-could-beat-2022-11-15,2000.0,Post-IPO,2022-11-17 00:00:16,United States,0.06,Unknown,5.488937726156687
Asana,SF Bay Area,Other,180.0,2022-11-15,https://www.linkedin.com/posts/anneraimondi_earlier-today-we-shared-the-incredibly-difficult-activity-6998297745270718465-a_MV/,453.0,Post-IPO,2022-11-15 16:36:21,United States,0.09,Unknown,5.198497031265826
OwnBackup,New York City,Security,170.0,2022-11-15,https://www.calcalistech.com/ctechnews/article/h12tcmbuj,507.0,Series E,2022-11-17 00:15:22,United States,0.17,Unknown,5.14166355650266
Deliveroo Australia,Melbourne,Food,120.0,2022-11-15,https://www.abc.net.au/news/2022-11-16/deliveroo-enters-voluntary-administration/101661932,1700.0,Post-IPO,2022-11-17 17:09:00,Australia,1.0,Unknown,4.795790545596741
Productboard,SF Bay Area,Product,100.0,2022-11-15,https://cc.cz/cesky-startup-productboard-propousti-100-lidi-je-to-nejtezsi-rozhodnuti-kariery-rika-hubert-palan/,256.0,Series D,2022-11-17 00:25:16,United States,0.2,Unknown,4.61512051684126
Properly,Toronto,Real Estate,71.0,2022-11-15,https://inside.properly.ca/important-changes-to-the-properly-team-3c2d04191dd6,154.0,Series B,2022-11-17 00:21:03,Canada,,Unknown,4.276666119016055
Protocol,SF Bay Area,Media,60.0,2022-11-15,https://www.cnn.com/2022/11/15/media/protocol/index.html,80.0,Acquired,2022-11-15 18:19:53,United States,1.0,Unknown,4.110873864173311
Jimdo,Hamburg,Other,50.0,2022-11-15,https://www.businessinsider.de/gruenderszene/business/entlassungswelle-jimdo-november/,28.0,Unknown,2022-11-17 00:05:36,Germany,0.16,Unknown,3.9318256327243257
The Zebra,Austin,Finance,50.0,2022-11-15,https://coverager.com/the-zebra-goes-through-another-round-of-layoffs/,256.0,Series D,2022-11-17 00:19:19,United States,,Unknown,3.9318256327243257
Viber,Luxembourg,Consumer,45.0,2022-11-15,https://www.calcalistech.com/ctechnews/article/hyy6fhwlo,80.0,Acquired,2022-11-17 00:16:50,Luxembourg,0.08,Unknown,3.828641396489095
CaptivateIQ,SF Bay Area,Sales,31.0,2022-11-15,Internal memo,164.0,Series C,2022-11-17 00:40:50,United States,0.1,Unknown,3.4657359027997265
Illumina,San Diego,Healthcare,500.0,2022-11-14,https://www.genomeweb.com/business-news/illumina-lays-approximately-500-employees-response-economic-climate#.Y4FAPOzMJjM,28.0,Post-IPO,2022-11-17 00:51:24,United States,0.05,Unknown,6.2166061010848646
Sema4,Stamford,Healthcare,500.0,2022-11-14,https://www.marketwatch.com/story/sema4-to-cut-500-jobs-in-exit-from-reproductive-women-s-health-testing-smfr-271668433348?mod=markets,791.0,Post-IPO,2022-11-14 17:34:33,United States,,Unknown,6.2166061010848646
iFit,Logan,Fitness,300.0,2022-11-14,https://www.sltrib.com/news/2022/11/14/hundreds-utah-jobs-cut-logans/,200.0,Private Equity,2022-11-17 00:04:02,United States,0.2,Unknown,5.707110264748875
Ribbon,New York City,Real Estate,170.0,2022-11-14,https://www.businessinsider.com/ribbon-more-layoffs-proptech-startup-economic-uncertainty-2022-11,405.0,Series C,2022-11-22 04:26:33,United States,0.85,Unknown,5.14166355650266
Pipedrive,Tallinn,Sales,143.0,2022-11-14,https://digipro.geenius.ee/rubriik/uudis/tehnoloogiasektori-koondamislaine-joudis-ka-eestisse-pipedrive-laseb-lahti-143-tootajat/,90.0,Private Equity,2022-11-15 04:26:21,Estonia,0.15,Unknown,4.969813299576001
Intercom,SF Bay Area,Support,124.0,2022-11-14,https://www.siliconrepublic.com/business/intercom-job-cuts-ireland-global,240.0,Series D,2022-11-14 19:32:41,United States,0.13,Unknown,4.8283137373023015
Science 37 ,Los Angeles,Healthcare,90.0,2022-11-14,https://www.bizjournals.com/triangle/news/2022/11/14/science-37-layoffs-biotech-clinical-headwinds.html,347.0,Post-IPO,2022-11-14 19:31:26,United States,,Unknown,4.51085950651685
Pear Therapeutics,Boston,Healthcare,59.0,2022-11-14,https://peartherapeutics.com/pear-therapeutics-reports-third-quarter-2022-results/,409.0,Post-IPO,2022-11-17 04:34:57,United States,0.22,Unknown,4.0943445622221
Cardlytics,Atlanta,Marketing,51.0,2022-11-14,https://www.marketscreener.com/quote/stock/CARDLYTICS-INC-40680969/news/Cardlytics-to-Terminate-51-Employees-Appoints-John-Balen-Chairman-Shares-up-After-Hours-42312731/,212.0,Post-IPO,2022-11-15 04:36:23,United States,,Unknown,3.9512437185814275
Cloudinary,SF Bay Area,Media,40.0,2022-11-14,"https://www.calcalistech.com/ctechnews/article/h1sioa1li#:~:text=Israeli%20unicorn%20Cloudinary%2C%20which%20has,total%20of%20around%2040%20employees.",100.0,Unknown,2022-11-17 04:25:33,United States,0.08,Unknown,3.713572066704308
Nestcoin,Lagos,Crypto,30.0,2022-11-14,https://techcrunch.com/2022/11/14/african-web3-startup-nestcoin-declares-it-held-its-assests-in-ftx-lays-off-employees/,6.0,Seed,2022-11-20 00:07:49,Nigeria,,Unknown,3.4339872044851463
Gokada,Lagos,Transportation,20.0,2022-11-14,https://techcabal.com/2023/02/02/gokada-layoffs-affects-54/,12.0,Unknown,2023-02-02 16:36:15,Nigeria,,Unknown,3.044522437723423
Veev,SF Bay Area,Real Estate,100.0,2022-11-11,https://www.calcalistech.com/ctechnews/article/hjkataiss,597.0,Series D,2022-11-12 02:57:34,United States,0.3,Unknown,4.61512051684126
Forto,Berlin,Logistics,60.0,2022-11-11,https://www.deutsche-startups.de/2022/11/11/forto-delivery-hero-stuffle-burnout-hr-startups/,593.0,Series D,2023-01-04 15:56:09,United States,0.08,Unknown,4.110873864173311
GoTo Group,Jakarta,Transportation,1300.0,2022-11-10,https://www.reuters.com/technology/indonesias-goto-cuts-1300-workers-or-12-total-employees-2022-11-18/,1300.0,Post-IPO,2022-11-11 05:06:07,Indonesia,0.12,Unknown,7.170888478512505
Juul,SF Bay Area,Consumer,400.0,2022-11-10,https://www.cnbc.com/2022/11/10/juul-strikes-financing-deal-plans-to-cut-jobs-to-dodge-bankruptcy.html,1500.0,Unknown,2022-11-10 22:01:09,United States,0.3,Unknown,5.993961427306569
Blend,SF Bay Area,Finance,100.0,2022-11-10,https://www.housingwire.com/articles/blend-reports-133-98-million-loss-in-q3-layoffs-of-100-positions/,665.0,Post-IPO,2022-12-09 05:11:03,United States,0.06,Unknown,4.61512051684126
InfluxData,SF Bay Area,Data,65.0,2022-11-10,Internal memo,119.0,Series D,2022-11-12 04:19:56,United States,0.27,Unknown,4.189654742026425
Coinbase,SF Bay Area,Crypto,60.0,2022-11-10,https://www.theinformation.com/articles/coinbase-is-cutting-more-jobs,549.0,Post-IPO,2022-11-10 19:40:04,United States,,Unknown,4.110873864173311
SoundHound,SF Bay Area,Other,45.0,2022-11-10,https://techcrunch.com/2022/11/10/soundhound-layoffs/,326.0,Post-IPO,2022-11-10 16:28:16,United States,0.1,Unknown,3.828641396489095
Wistia,Boston,Marketing,40.0,2022-11-10,https://www.linkedin.com/feed/update/urn:li:activity:6996584795774328832/,18.0,Unknown,2022-11-11 00:46:16,United States,,Unknown,3.713572066704308
Ocavu,Lehi,Crypto,20.0,2022-11-10,https://www.sltrib.com/news/2022/11/10/company-partnering-with-byu-nft/,11.0,Series A,2022-11-12 04:10:36,United States,0.48,Unknown,3.044522437723423
Meta,SF Bay Area,Consumer,11000.0,2022-11-09,https://www.cnbc.com/2022/11/09/meta-to-lay-off-more-than-11000-thousand-employees.html,26000.0,Post-IPO,2022-11-09 15:04:03,United States,0.13,Unknown,9.305741456739435
Redfin,Seattle,Real Estate,862.0,2022-11-09,https://www.businessinsider.com/redfin-layoffs-home-flipping-business-redfinnow-shut-down-2022-11,320.0,Post-IPO,2022-11-09 15:29:40,United States,0.13,Unknown,6.760414691083428
Flyhomes,Seattle,Real Estate,300.0,2022-11-09,https://www.geekwire.com/2022/flyhomes-does-another-round-of-layoffs-as-housing-market-hurts-real-estate-tech-companies/,310.0,Series C,2022-11-10 00:52:16,United States,0.4,Unknown,5.707110264748875
AvantStay,Los Angeles,Travel,144.0,2022-11-09,https://shorttermrentalz.com/news/avantstay-workforce-redundancies-round/,686.0,Private Equity,2022-11-11 00:09:45,United States,0.22,Unknown,4.976733742420574
Root Insurance,Columbus,Finance,137.0,2022-11-09,https://www.dispatch.com/story/business/employment/2022/11/09/columbus-company-root-to-cut-20-of-its-workforce/69635184007/,527.0,Post-IPO,2022-11-10 00:53:00,United States,0.2,Unknown,4.927253685157205
Liftoff,SF Bay Area,Marketing,130.0,2022-11-09,Internal memo,6.0,Acquired,2022-11-17 00:34:12,United States,0.15,Unknown,4.875197323201151
Cameo,Chicago,Consumer,80.0,2022-11-09,https://www.theinformation.com/briefings/cameo-lays-off-staff-for-second-time-this-year,165.0,Unknown,2022-11-09 20:15:52,United States,,Unknown,4.394449154672439
Plum,Bengaluru,Healthcare,36.0,2022-11-09,https://www.moneycontrol.com/news/business/announcements/tiger-global-backed-plum-insurance-lays-off-36-employees-9478371.html,20.0,Series A,2022-11-11 00:04:51,India,0.1,Unknown,3.6109179126442243
Kabam,SF Bay Area,Consumer,35.0,2022-11-09,https://techcrunch.com/2022/11/09/kabam-layoffs/,244.0,Acquired,2022-11-09 21:14:41,United States,0.07,Unknown,3.58351893845611
HighRadius,Bengaluru,Finance,25.0,2022-11-09,https://www.newindianexpress.com/business/2022/nov/17/indian-employees-of-us-based-software-firm-highradius-furious-and-upset-over-manner-they-were-sacked-2519198.html,475.0,Series C,2022-12-07 06:24:42,India,,Unknown,3.258096538021482
Namogoo,Tel Aviv,Marketing,25.0,2022-11-09,https://www.calcalistech.com/ctechnews/article/hjjawkyri,69.0,Series C,2023-01-24 05:25:30,United States,0.15,Unknown,3.258096538021482
EverBridge,Boston,Other,200.0,2022-11-08,https://www.bizjournals.com/boston/news/2022/11/08/everbridge-to-lay-off-200-workers.html,476.0,Post-IPO,2023-01-19 04:46:16,United States,,Unknown,5.303304908059076
Repertoire Immune Medicines,Boston,Healthcare,65.0,2022-11-08,https://www.bizjournals.com/boston/news/2022/11/07/repertoire-immune-medicines-layoffs-2022-biotech.html,257.0,Series B,2022-11-09 00:42:29,United States,0.5,Unknown,4.189654742026425
Salesforce,SF Bay Area,Sales,1000.0,2022-11-07,https://www.cnbc.com/2022/11/08/salesforce-cut-hundreds-of-employees-on-monday.html,65.0,Post-IPO,2022-11-09 03:37:16,United States,0.01,Unknown,6.90875477931522
Unacademy,Bengaluru,Education,350.0,2022-11-07,https://economictimes.indiatimes.com/tech/startups/unacademy-cuts-another-350-jobs-in-second-round-of-layoffs/articleshow/95361443.cms,838.0,late_stage,2022-11-07 15:09:45,India,0.1,Unknown,5.860786223465865
Zendesk,SF Bay Area,Support,350.0,2022-11-07,https://twitter.com/GergelyOrosz/status/1589676662593302528,85.0,Acquired,2022-11-07 20:13:08,United States,0.05,Unknown,5.860786223465865
Dock,Sao Paulo,Finance,190.0,2022-11-07,https://www.infomoney.com.br/negocios/exclusivo-startup-dock-nao-passa-ilesa-e-faz-demissao-em-massa/,280.0,Private Equity,2022-11-08 21:59:35,Brazil,0.12,Unknown,5.25227342804663
Varonis,New York City,Security,110.0,2022-11-06,https://www.calcalistech.com/ctechnews/article/hjfkkmrbo,30.0,Post-IPO,2022-11-06 18:20:41,United States,0.05,Unknown,4.709530201312334
Brainly,Krakow,Education,25.0,2022-11-06,https://www.newindianexpress.com/lifestyle/tech/2022/nov/06/poland-based-ed-tech-platform-brainly-fires-nearly-all-staff-in-india-2515584.html,148.0,Series D,2022-11-07 15:10:51,Poland,,Unknown,3.258096538021482
Twitter,SF Bay Area,Consumer,3700.0,2022-11-04,https://www.nytimes.com/2022/11/04/technology/elon-musk-twitter-layoffs.html,12900.0,Post-IPO,2022-11-04 14:48:05,United States,0.5,Unknown,8.216358332386156
Udaan,Bengaluru,Retail,350.0,2022-11-04,https://inc42.com/buzz/udaan-fires-350-employees-in-second-wave-of-layoffs-this-year/,1500.0,Unknown,2022-11-05 03:35:56,India,,Unknown,5.860786223465865
Planetly,Berlin,Other,200.0,2022-11-04,https://www.axios.com/pro/climate-deals/2022/11/04/planetly-shuts-down-layoffs-carbon-accounting,5.0,Acquired,2022-11-05 04:16:18,Germany,1.0,Unknown,5.303304908059076
KoinWorks,Jakarta,Finance,70.0,2022-11-04,https://www.techinasia.com/koinworks-layoff-2022,180.0,Unknown,2022-11-27 23:31:11,Indonesia,0.08,Unknown,4.2626798770413155
Exodus,Nebraska City,Crypto,59.0,2022-11-04,https://www.exodus.com/news/exodus-restructure/,60.0,Unknown,2022-11-12 03:13:26,United States,0.22,Unknown,4.0943445622221
Stripe,SF Bay Area,Finance,1000.0,2022-11-03,https://www.bloomberg.com/news/articles/2022-11-03/stripe-cutting-headcount-by-14-as-it-readies-for-leaner-times,2300.0,late_stage,2022-11-03 14:49:15,United States,0.14,Unknown,6.90875477931522
Lyft,SF Bay Area,Transportation,700.0,2022-11-03,https://www.wsj.com/articles/lyft-plans-to-lay-off-hundreds-of-staffers-11667490092,4900.0,Post-IPO,2022-11-03 15:55:24,United States,0.13,Unknown,6.55250788703459
LendingTree,Charlotte,Finance,200.0,2022-11-03,https://investors.lendingtree.com/static-files/b06a0e39-53f1-480a-867f-230222a6a84c,426.0,Post-IPO,2023-01-23 23:20:10,United States,,Unknown,5.303304908059076
Pleo,Copenhagen,Finance,150.0,2022-11-03,https://www.finextra.com/newsarticle/41262/danish-fintech-pleo-cuts-workforce-by-15,428.0,Series C,2022-11-03 18:50:02,United States,0.15,Unknown,5.017279836814924
Delivery Hero,Berlin,Food,100.0,2022-11-03,https://mobile.twitter.com/GergelyOrosz/status/1588220445039497222,8300.0,Post-IPO,2022-11-05 03:40:05,Germany,,Unknown,4.61512051684126
Shippo,SF Bay Area,Logistics,60.0,2022-11-03,https://www.linkedin.com/posts/laurabehrenswu_today-we-made-the-difficult-decision-to-exit-activity-6994028038543851520-M9iZ/,154.0,Series E,2022-11-04 00:29:59,United States,0.2,Unknown,4.110873864173311
Opendoor,SF Bay Area,Real Estate,550.0,2022-11-02,https://www.bloomberg.com/news/articles/2022-11-02/opendoor-lays-off-18-of-workers-in-wave-of-housing-cutbacks,1900.0,Post-IPO,2022-11-02 17:07:34,United States,0.18,Unknown,6.311734809152915
Chime,SF Bay Area,Finance,156.0,2022-11-02,https://www.theinformation.com/articles/chime-slashes-12-of-staff-marking-latest-casualty-in-fintech-meltdown,2300.0,late_stage,2022-11-02 17:29:00,United States,0.12,Unknown,5.056245805348308
Chargebee,SF Bay Area,Finance,142.0,2022-11-02,https://techcrunch.com/2022/11/02/tiger-global-chargebee-layoffs/,468.0,late_stage,2022-11-03 04:24:31,United States,0.1,Unknown,4.962844630259907
Dapper Labs,Vancouver,Crypto,134.0,2022-11-02,https://betakit.com/dapper-labs-lays-off-22-percent-of-staff/,607.0,Series D,2022-11-03 04:18:43,United States,0.22,Unknown,4.90527477843843
Checkmarx,Tel Aviv,Security,100.0,2022-11-02,https://www.calcalistech.com/ctechnews/article/hjailhyri,92.0,Series C,2022-11-02 17:11:01,Israel,0.1,Unknown,4.61512051684126
Smava,Berlin,Finance,100.0,2022-11-02,https://www.businessinsider.de/gruenderszene/fintech/smava-entlassungen-oktober/,188.0,Unknown,2022-11-03 04:29:36,Germany,0.15,Unknown,4.61512051684126
Iron Ox,SF Bay Area,Food,50.0,2022-11-02,https://techcrunch.com/2022/11/03/iron-ox-lays-off-50-amounting-to-nearly-half-its-staff/,103.0,Series C,2022-11-03 04:27:09,United States,0.5,Unknown,3.9318256327243257
Digital Currency Gruop,Stamford,Crypto,10.0,2022-11-02,https://www.coindesk.com/business/2022/11/02/digital-currency-group-promotes-mark-murphy-to-president-cuts-nearly-13-staff-report/,172.5,Unknown,2022-11-03 05:00:29,United States,0.13,Unknown,2.3978952727983707
Argo AI,SF Bay Area,Transportation,259.0,2022-11-01,https://www.bizjournals.com/sanjose/news/2023/01/03/argo-ai-lays-off-259-palo-alto-employes.html,3600.0,Unknown,2023-01-05 06:44:33,United States,,Unknown,5.560681631015528
Booking.com,Grand Rapids,Travel,226.0,2022-11-01,https://www.crainsdetroit.com/west-michigan/bookingcom-close-grand-rapids-area-facility-lay-226,80.0,Acquired,2022-11-03 04:16:26,United States,,Unknown,5.424950017481403
Oracle,SF Bay Area,Other,200.0,2022-11-01,https://www.businessinsider.com/oracle-cloud-infrastructure-layoffs-200-employees-2022-11?IR=T,426.0,Post-IPO,2022-11-17 00:45:58,United States,,Unknown,5.303304908059076
Upstart,SF Bay Area,Finance,140.0,2022-11-01,https://techcrunch.com/2022/11/01/upstart-layoffs/,144.0,Post-IPO,2022-11-01 19:40:37,United States,0.07,Unknown,4.948759890378168
Gem,SF Bay Area,Recruiting,100.0,2022-11-01,https://www.theinformation.com/briefings/recruiting-startup-gem-cuts-a-third-of-workforce,148.0,Series C,2022-11-01 19:35:06,United States,0.33,Unknown,4.61512051684126
Oda,Oslo,Food,70.0,2022-11-01,https://www.dn.no/handel/oda/oda-kutter-70-arsverk-ma-ha-ny-milliardinnsproytning/2-1-1344693?zephr_sso_ott=mwDa9x,377.0,Unknown,2022-11-01 19:44:28,Sweden,0.18,Unknown,4.2626798770413155
Oda,Oslo,Food,70.0,2022-11-01,https://shifter.no/nyheter/oda-sparker-70-og-henter-15-milliarder-kroner/262587,477.0,Unknown,2022-11-11 00:08:50,Norway,0.18,Unknown,4.2626798770413155
Oda,Oslo,Food,70.0,2022-11-01,https://norway.postsen.com/local/62256/Oda-lays-off-employees-to-collect-billions-of-dollars-%E2%80%93-E24.html,479.0,Unknown,2022-11-30 06:08:48,Norway,0.06,Unknown,4.2626798770413155
Hootsuite,Vancouver,Marketing,50.0,2022-11-01,Internal memo,300.0,Series C,2022-11-01 19:42:39,Canada,0.05,Unknown,3.9318256327243257
Drop,Toronto,Marketing,24.0,2022-11-01,Internal memo,56.0,Series B,2022-11-03 04:31:06,Canada,,Unknown,3.2188758248682006
Tapps Games,Sao Paulo,Consumer,10.0,2022-11-01,https://dropsdejogos.uai.com.br/noticias/indie/tapps-games-demissoes/,172.5,Unknown,2023-01-21 00:44:28,Brazil,,Unknown,2.3978952727983707
Kry,Stockholm,Healthcare,300.0,2022-10-31,https://www.dn.se/ekonomi/kry-sager-upp-runt-300-anstallda/,568.0,Series D,2022-11-01 19:38:58,Sweden,0.1,Unknown,5.707110264748875
Notarize,Boston,Legal,60.0,2022-10-31,https://www.bizjournals.com/boston/news/2022/10/31/notarize-another-round-layoffs-this-year.html,213.0,Series D,2022-11-01 04:02:41,United States,,Unknown,4.110873864173311
EquityZen,New York City,Finance,30.0,2022-10-31,https://www.axios.com/2022/10/31/scoop-layoffs-hit-startup-stock-marketplace-equityzen,11.0,Series B,2022-11-01 03:59:31,United States,0.27,Unknown,3.4339872044851463
Equitybee,SF Bay Area,Finance,25.0,2022-10-31,https://www.calcalistech.com/ctechnews/article/hkrqontns,85.0,Series B,2022-10-31 15:30:11,United States,0.2,Unknown,3.258096538021482
Dukaan,Bengaluru,Retail,23.0,2022-10-31,https://www.vccircle.com/saasplatform-dukaan-lays-off-23-employees,17.0,Series A,2022-10-31 15:31:46,India,,Unknown,3.1780538303479458
Amazon,Seattle,Retail,150.0,2022-10-28,https://www.geekwire.com/2022/amazon-makes-staff-cuts-at-amp-the-app-it-launched-this-year-to-reimagine-radio/,108.0,Post-IPO,2023-01-11 01:02:40,United States,,Unknown,5.017279836814924
Fifth Season,Pittsburgh,Food,100.0,2022-10-28,https://www.bizjournals.com/pittsburgh/news/2022/10/29/vertical-farming-startup-fifth-season-shuts-down.html,35.0,Series B,2022-10-30 16:10:45,United States,1.0,Unknown,4.61512051684126
Advata,Seattle,Healthcare,32.0,2022-10-28,https://www.geekwire.com/2022/seattle-area-health-data-analytics-company-advata-lays-off-employees/,172.5,Unknown,2022-10-31 15:28:43,United States,0.21,Unknown,3.4965075614664802
RenoRun,Montreal,Construction,210.0,2022-10-27,https://www.theglobeandmail.com/business/article-renorun-canadian-tech-layoffs/,163.0,Series B,2022-10-28 15:47:37,Canada,0.43,Unknown,5.351858133476067
Recharge,Los Angeles,Finance,84.0,2022-10-27,https://rechargepayments.com/blog/a-message-from-oisin/,277.0,Series B,2022-10-28 16:04:33,United States,0.17,Unknown,4.442651256490317
Lattice,SF Bay Area,HR,13.0,2022-10-27,Internal memo,328.0,Series F,2022-11-03 04:21:45,United States,,Unknown,2.6390573296152584
Seagate,SF Bay Area,Hardware,3000.0,2022-10-26,https://www.cnbc.com/2022/10/26/seagate-will-cut-3000-employees-in-latest-sign-of-major-pc-and-cloud-slowdown.html,426.0,Post-IPO,2023-04-01 02:08:33,United States,0.08,Unknown,8.006700845440367
MindBody,San Luis Obispo,Fitness,400.0,2022-10-26,https://www.sanluisobispo.com/news/business/article267890657.html,114.0,Post-IPO,2022-10-26 23:22:40,United States,0.15,Unknown,5.993961427306569
Zillow,Seattle,Real Estate,300.0,2022-10-26,https://techcrunch.com/2022/10/26/zillow-layoff-300-employees/,97.0,Post-IPO,2022-10-26 17:36:15,United States,0.05,Unknown,5.707110264748875
Cybereason,Boston,Security,200.0,2022-10-26,https://www.calcalistech.com/ctechnews/article/sjspj00uvs,750.0,Series F,2022-10-26 15:10:46,United States,0.17,Unknown,5.303304908059076
Argo AI,Pittsburgh,Transportation,173.0,2022-10-26,https://www.autonews.com/mobility-report/argo-ai-lay-173-startup-folds,3600.0,Unknown,2022-10-26 23:23:28,United States,,Unknown,5.159055299214529
GoFundMe,SF Bay Area,Finance,94.0,2022-10-26,https://www.gofundme.com/c/announcement,20.0,Series A,2022-10-26 23:13:47,United States,0.12,Unknown,4.553876891600541
Fundbox,SF Bay Area,Finance,150.0,2022-10-25,https://www.calcalistech.com/ctechnews/article/sypou4svi,553.0,Series D,2022-10-25 15:14:28,United States,0.42,Unknown,5.017279836814924
Embroker,SF Bay Area,Finance,30.0,2022-10-25,https://www.theinsurer.com/news/insurtech-embroker-lays-off-12-of-global-workforce/25922.article,142.0,Series C,2022-10-26 23:20:50,United States,0.12,Unknown,3.4339872044851463
Vee,Tel Aviv,HR,17.0,2022-10-25,https://www.calcalistech.com/ctechnews/article/hju1ylrnj,15.0,Seed,2022-10-25 15:16:16,Israel,0.5,Unknown,2.8903717578961645
Philips,Amsterdam,Healthcare,4000.0,2022-10-24,https://www.reuters.com/business/philips-cut-4000-jobs-after-medical-equipment-recall-2022-10-24/,426.0,Post-IPO,2023-01-21 00:40:16,Netherlands,0.05,Unknown,8.294299608857235
Cerebral,SF Bay Area,Healthcare,400.0,2022-10-24,https://techcrunch.com/2022/10/24/telehealth-unicorn-cerebral-lays-off-20-of-staff-for-operational-efficiencies/,462.0,Series C,2022-10-24 22:30:37,United States,0.2,Unknown,5.993961427306569
Snyk,Boston,Security,198.0,2022-10-24,https://en.globes.co.il/en/article-cybersecurity-co-snyk-laying-off-14-of-workforce-1001427487,849.0,Series F,2022-10-24 15:31:26,United States,0.14,Unknown,5.293304824724492
McMakler,Berlin,Real Estate,100.0,2022-10-24,https://www.businessinsider.de/gruenderszene/business/mcmakler-neue-massenentlassungen-oktober-2022/,214.0,Unknown,2022-10-25 15:19:08,Germany,,Unknown,4.61512051684126
Unico,Sao Paulo,Other,50.0,2022-10-24,https://startups.com.br/noticias/unico-demite-na-area-de-vendas-e-reforca-equipe-de-tecnologia/,336.0,Series D,2023-01-18 02:13:31,Brazil,0.04,Unknown,3.9318256327243257
OrCam,Jerusalem,Healthcare,62.0,2022-10-23,https://www.calcalistech.com/ctechnews/article/ry5v11kgvo,86.0,Unknown,2022-10-24 02:19:31,Israel,0.16,Unknown,4.143134726391533
Antidote Health,Tel Aviv,Healthcare,23.0,2022-10-23,https://www.calcalistech.com/ctechnews/article/s1xwokmvi,36.0,Unknown,2022-10-24 02:20:40,Israel,0.38,Unknown,3.1780538303479458
Khoros,Austin,Sales,120.0,2022-10-21,https://www.bizjournals.com/austin/inno/stories/news/2022/10/21/report-layoffs-at-khoros.html,138.0,Private Equity,2022-10-22 15:59:02,United States,0.1,Unknown,4.795790545596741
F5,Seattle,Security,100.0,2022-10-21,https://www.geekwire.com/2022/f5-cutting-fewer-than-100-jobs-due-to-current-macroeconomic-environment/,426.0,Post-IPO,2022-11-17 04:21:12,United States,0.01,Unknown,4.61512051684126
Elinvar,Berlin,Finance,43.0,2022-10-21,https://financefwd.com/de/elinvar-entlassungen-funding/,30.0,Unknown,2022-10-24 02:23:26,Germany,0.33,Unknown,3.784189633918261
Synapsica,New Delhi,Healthcare,30.0,2022-10-21,https://yourstory.com/2022/10/healthtech-startup-synapsica-layoffs-30-people-workforce/amp,4.0,Series A,2022-10-22 03:29:29,India,0.3,Unknown,3.4339872044851463
Hotmart,Belo Horizonte,Marketing,227.0,2022-10-20,https://www.bloomberglinea.com/english/brazils-tcv-backed-hotmart-cuts-12-of-staff-amid-drop-in-operational-efficiency/,127.0,Series C,2022-10-22 03:31:53,Brazil,0.12,Unknown,5.429345628954441
Zeus Living,SF Bay Area,Real Estate,64.0,2022-10-20,https://www.bizjournals.com/sanfrancisco/news/2022/10/20/zeus-living-egomotion-layoffs-flexliving-startup.html,151.0,Series C,2022-10-21 02:23:15,United States,0.46,Unknown,4.174387269895637
Loom,SF Bay Area,Product,23.0,2022-10-20,https://www.sfgate.com/bayarea/article/sf-based-loom-video-tech-unicorn-layoffs-17522993.php,203.0,Series C,2022-10-20 21:56:52,United States,0.11,Unknown,3.1780538303479458
Sales Boomerang,Baltimore,Sales,20.0,2022-10-20,https://www.housingwire.com/articles/layoffs-hit-sales-boomerang-mortgage-coach/,5.0,Private Equity,2022-11-01 04:03:48,United States,,Unknown,3.044522437723423
Gopuff,Philadelphia,Food,250.0,2022-10-19,https://www.bloomberg.com/news/articles/2022-10-19/gopuff-fires-hundreds-more-staff-in-third-round-of-layoffs,3400.0,late_stage,2022-10-20 23:17:54,United States,,Unknown,5.5254529391317835
AtoB,SF Bay Area,Finance,32.0,2022-10-19,https://www.sfgate.com/bayarea/article/atob-lays-off-30-staff-17518327.php,177.0,Series B,2022-10-19 16:00:36,United States,0.3,Unknown,3.4965075614664802
InfoSum,London,Security,20.0,2022-10-19,https://www.businessinsider.com/infosum-lays-off-approximately-20-staff-amid-economic-uncertainty-2022-10,88.0,Series B,2022-11-10 23:11:27,United Kingdom,0.12,Unknown,3.044522437723423
Faire,SF Bay Area,Retail,84.0,2022-10-18,https://www.theinformation.com/briefings/e-commerce-layoff-tally-mounts-with-faire-affirm-cuts,1700.0,late_stage,2022-11-04 03:40:25,United States,0.07,Unknown,4.442651256490317
Leafly,Seattle,Retail,56.0,2022-10-18,https://investor.leafly.com/news/news-details/2022/Leafly-Announces-Cost-Reductions-to-Strengthen-Financial-Profile/default.aspx,71.0,Post-IPO,2022-10-19 16:03:30,United States,0.21,Unknown,4.04305126783455
Ada Health,Berlin,Healthcare,50.0,2022-10-17,Internal memo,189.0,Series B,2022-10-26 15:08:03,Germany,,Unknown,3.9318256327243257
Tiendanube,Buenos Aires,Marketing,50.0,2022-10-17,https://tekiosmag.com/2022/10/17/unicornio-tiendanube-reduce-sus-operaciones-y-despide-al-5-de-su-plantilla/,172.5,Unknown,2022-11-06 18:23:06,Argentina,0.05,Unknown,3.9318256327243257
Flipboard,SF Bay Area,Media,24.0,2022-10-16,https://www.axios.com/2022/10/17/flipboard-layoffs-21-percent-staff,235.0,Unknown,2022-10-20 21:10:45,United States,0.21,Unknown,3.2188758248682006
Clear Capital,Reno,Real Estate,378.0,2022-10-14,https://techcrunch.com/2022/10/14/clear-capital-lays-off-27-of-its-global-staff/,172.5,Unknown,2022-10-15 19:27:22,United States,0.27,Unknown,5.937536205082426
Beyond Meat,Los Angeles,Food,200.0,2022-10-14,https://www.cnbc.com/2022/10/14/beyond-meat-to-cut-19percent-of-its-workforce-as-sales-stock-struggle.html,122.0,Post-IPO,2022-10-14 15:20:57,United States,0.19,Unknown,5.303304908059076
Beyond Meat,Los Angeles,Food,200.0,2022-10-14,https://www.fooddive.com/news/beyond-meat-layoffs-cut-revenue-outlook/634141/,122.0,Post-IPO,2023-11-07 04:17:28,United States,0.19,Unknown,5.303304908059076
Salesforce,SF Bay Area,Sales,90.0,2022-10-13,https://www.protocol.com/bulletins/salesforce-layoffs-hiring-freeze,65.0,Post-IPO,2022-10-14 00:15:15,United States,,Unknown,4.51085950651685
Playdots,New York City,Consumer,65.0,2022-10-13,https://www.theverge.com/2022/10/13/23403055/take-two-playdots-shut-down-close-two-dots-garden-tails,10.0,Acquired,2022-11-05 03:52:49,United States,1.0,Unknown,4.189654742026425
Byju's,Bengaluru,Education,2500.0,2022-10-12,https://techcrunch.com/2022/10/12/indian-edtech-giant-byjus-cuts-2500-jobs/,5500.0,Private Equity,2022-10-12 19:59:53,India,0.05,Unknown,7.824445930877619
6sense,SF Bay Area,Sales,150.0,2022-10-12,https://www.moneycontrol.com/news/business/startup/ai-platform-6sense-lays-off-150-employees-globally-including-several-from-india-9327791.html,426.0,Series E,2022-10-14 15:21:45,United States,0.1,Unknown,5.017279836814924
Sinch,Stockholm,Other,150.0,2022-10-12,https://uk.finance.yahoo.com/news/sinch-provides-further-details-cost-050000622.html?guccounter=1&guce_referrer=aHR0cHM6Ly93d3cuZ29vZ2xlLmNvbS8&guce_referrer_sig=AQAAADRwGUBG5kbOJSYKYLt0IB4O8FbUDo9ttkFRgcUELO6Gf8q-smbnt44fBnI2cQFSmYc-4WiXRXdWx6qJdy54DTsJ-irN2alA4VstuV5lfL5PxPrE0vqlEnbbUVGbcRKu_XA3zO7BBQ2GLIT4onEZtoyXzlECwxiIa5kcgNBN3ih4,1500.0,Post-IPO,2023-02-01 05:29:24,Sweden,,Unknown,5.017279836814924
FrontRow,Bengaluru,Education,130.0,2022-10-12,https://entrackr.com/2022/10/exclusive-frontrow-lays-off-75-of-workforce/,17.0,Series A,2022-10-13 04:25:19,India,0.75,Unknown,4.875197323201151
Noom,New York City,Healthcare,500.0,2022-10-11,https://techcrunch.com/2022/10/11/noom-tech-layoffs-diet-app/,657.0,Series F,2022-10-12 03:36:23,United States,0.1,Unknown,6.2166061010848646
MX,Lehi,Finance,200.0,2022-10-11,https://www.sltrib.com/news/2022/10/19/lehi-tech-company-mx-has-laid/,450.0,Series C,2022-10-12 20:01:25,United States,,Unknown,5.303304908059076
Brex,SF Bay Area,Finance,136.0,2022-10-11,https://techcrunch.com/2022/10/11/fintech-brex-layoffs-restructuring/,1500.0,Series D,2022-10-11 18:40:04,United States,0.11,Unknown,4.919980925828125
Pacaso,SF Bay Area,Real Estate,100.0,2022-10-11,https://therealdeal.com/2022/10/13/pacaso-lays-off-100-workers-over-worries-of-a-pending-recession/,217.0,Series C,2022-10-13 04:22:31,United States,0.3,Unknown,4.61512051684126
Sketch,The Hague,Other,80.0,2022-10-11,https://www.linkedin.com/posts/sketchbv_its-with-heavy-hearts-that-we-share-some-activity-6985543891869429760-s8Az/,20.0,Series A,2022-10-11 15:12:37,Netherlands,,Unknown,4.394449154672439
Udacity,SF Bay Area,Education,55.0,2022-10-11,https://www.udacity.com/blog/2022/10/a-note-from-sebastian.html,235.0,Unknown,2022-10-11 15:14:13,United States,0.13,Unknown,4.02535169073515
Linkfire,Copenhagen,Marketing,35.0,2022-10-11,https://view.news.eu.nasdaq.com/view?id=bc7bad5005a84b17bcf95ce24675c058c&lang=en,2.0,Seed,2022-10-26 15:14:46,Denmark,0.35,Unknown,3.58351893845611
HelloFresh,SF Bay Area,Food,611.0,2022-10-10,https://www.businessinsider.com/meal-kit-maker-hellofresh-to-lay-off-600-closes-california-facility-2022-10,367.0,Post-IPO,2022-10-16 01:26:57,United States,,Unknown,6.416732282512326
Momentive,SF Bay Area,Marketing,180.0,2022-10-10,https://www.sec.gov/ix?doc=/Archives/edgar/data/1739936/000095017022019536/mntv-20221010.htm,1100.0,Post-IPO,2022-10-13 15:47:54,United States,0.11,Unknown,5.198497031265826
Pavilion Data,SF Bay Area,Infrastructure,96.0,2022-10-10,https://blocksandfiles.com/2022/10/10/pavilion-data-crashes-last-nvme-over-fabrics-array-startup-has-died/,103.0,Series D,2022-10-25 15:17:26,United States,0.96,Unknown,4.574710978503383
Redesign Health,New York City,Healthcare,67.0,2022-10-10,https://www.fastcompany.com/90794350/scoop-redesign-health-lays-off-67-employees-a-month-after-raising-65-million,315.0,Series C,2022-10-10 22:51:32,United States,0.2,Unknown,4.219507705176107
BioMarin,SF Bay Area,Healthcare,120.0,2022-10-07,https://www.fiercebiotech.com/biotech/biomarin-lays-120-employees-save-50m-year-us-hit-hardest,585.0,Post-IPO,2022-11-19 23:58:48,United States,0.04,Unknown,4.795790545596741
Rev.com,Austin,Data,85.0,2022-10-07,https://www.statesman.com/story/business/technology/2022/10/11/austin-based-rev-com-will-lay-off-85-to-cut-costs/69553800007/,30.0,Series D,2022-10-12 03:38:09,United States,,Unknown,4.454347296253507
Crypto.com,Singapore,Crypto,2000.0,2022-10-06,https://www.techinasia.com/cryptocom-lays-2000-employees-dials-marketing-efforts,156.0,Unknown,2022-10-07 23:31:49,Singapore,0.3,Unknown,7.601402334583733
Peloton,New York City,Fitness,500.0,2022-10-06,https://www.wsj.com/articles/peloton-to-cut-another-500-jobs-in-last-bid-for-turnaround-11665011471,1900.0,Post-IPO,2022-10-06 15:44:00,United States,0.12,Unknown,6.2166061010848646
Landing,Birmingham,Real Estate,110.0,2022-10-06,https://www.al.com/news/birmingham/2022/10/landing-laying-off-70-jobs-in-birmingham-but-still-committed-to-growing-in-alabama.html,347.0,Series C,2022-10-07 02:12:26,United States,,Unknown,4.709530201312334
Turnitin,SF Bay Area,Education,51.0,2022-10-06,Internal memo,80.0,Acquired,2022-10-08 03:37:42,United States,0.05,Unknown,3.9512437185814275
Impossible Foods,SF Bay Area,Food,50.0,2022-10-06,https://www.sfgate.com/local/article/impossible-foods-more-layoffs-17494557.php,1900.0,late_stage,2022-10-07 23:27:45,United States,0.06,Unknown,3.9318256327243257
Built In,Chicago,Recruiting,50.0,2022-10-05,https://www.chicagobusiness.com/technology/built-lays-quarter-its-staff,29.0,Series C,2022-10-05 15:53:39,United States,0.25,Unknown,3.9318256327243257
8x8,SF Bay Area,Support,200.0,2022-10-04,https://www.channelfutures.com/business-models/8x8-lays-off-workers-cites-operational-efficiency,253.0,Post-IPO,2023-01-18 23:20:01,United States,0.09,Unknown,5.303304908059076
Zoomo,Sydney,Transportation,65.0,2022-10-04,https://www.ridezoomo.com/blog/building-a-more-resilient-business-for-2023,105.0,Series B,2022-10-05 03:02:43,Australia,0.16,Unknown,4.189654742026425
Homie,Salt Lake City,Real Estate,40.0,2022-10-04,https://therealdeal.com/2022/10/05/homie-ceo-departs-as-startup-lays-off-more-employees/,35.0,Series B,2022-10-06 04:46:30,United States,0.13,Unknown,3.713572066704308
WazirX,Mumbai,Crypto,60.0,2022-10-02,https://economictimes.indiatimes.com/tech/technology/indian-crypto-exchange-wazirx-fires-40-of-staff-report/articleshow/94603700.cms,80.0,Acquired,2022-10-02 21:04:48,India,0.4,Unknown,4.110873864173311
Spin,SF Bay Area,Transportation,78.0,2022-09-30,https://techcrunch.com/2022/10/03/tier-mobility-owned-spin-lays-off-about-10-of-workforce-exits-two-markets/,8.0,Acquired,2022-10-03 20:21:43,United States,0.1,Unknown,4.3694478524670215
Westwing,Munich,Retail,125.0,2022-09-29,Internal memo,237.0,Post-IPO,2022-10-04 02:54:01,Germany,,Unknown,4.836281906951478
Mux,SF Bay Area,Infrastructure,40.0,2022-09-29,Internal memo,173.0,Series D,2022-10-02 21:02:59,United States,0.2,Unknown,3.713572066704308
DocuSign,SF Bay Area,Sales,671.0,2022-09-28,https://www.sfgate.com/news/article/san-francisco-tech-company-docusign-layoffs-17473918.php,536.0,Post-IPO,2022-09-28 14:59:31,United States,0.09,Unknown,6.51025834052315
Divvy Homes,SF Bay Area,Real Estate,40.0,2022-09-27,https://www.theinformation.com/articles/andreessen-backed-divvy-homes-lays-off-12-of-staff-as-rates-rise,180.0,Series B,2022-09-28 03:00:21,United States,0.12,Unknown,3.713572066704308
Konfio,Mexico City,Finance,180.0,2022-09-23,https://expansion.mx/economia/2022/09/23/konfio-unicornio-mexicano-prepara-un-despido-masivo,706.0,Series E,2022-11-10 01:05:19,United States,,Unknown,5.198497031265826
Moss,Berlin,Finance,70.0,2022-09-23,https://financefwd.com/de/moss-entlassungen/,150.0,Series B,2022-09-24 21:38:41,Germany,0.15,Unknown,4.2626798770413155
Foxtrot,Chicago,Food,26.0,2022-09-23,https://www.chicagobusiness.com/retail/foxtrot-lays-26-employees,166.0,Series C,2022-09-24 21:37:42,United States,0.035,Unknown,3.295836866004329
Truiloo,Vancouver,Security,24.0,2022-09-23,https://betakit.com/trulioo-to-cut-up-to-10-percent-of-staff-exit-small-business-market/,474.0,Series D,2022-09-19 16:04:08,Canada,0.05,Unknown,3.2188758248682006
NYDIG,New York City,Crypto,110.0,2022-09-22,https://www.wsj.com/articles/crypto-broker-nydig-lays-off-one-third-of-staff-in-effort-to-narrow-focus-11665707545,1400.0,Private Equity,2022-10-14 15:15:02,United States,0.33,Unknown,4.709530201312334
Klarna,Stockholm,Finance,100.0,2022-09-22,https://sifted.eu/articles/klarna-second-round-layoffs/,3700.0,Unknown,2022-09-22 15:14:42,Sweden,,Unknown,4.61512051684126
Kitty Hawk,SF Bay Area,Aerospace,100.0,2022-09-21,https://www.sfgate.com/bayarea/article/Silicon-Valley-startup-lays-off-100-employees-17484239.php,1.0,Unknown,2022-09-22 15:06:28,United States,1.0,Unknown,4.61512051684126
Compass,New York City,Real Estate,271.0,2022-09-20,https://www.geekwire.com/2022/real-estate-giant-compass-lays-off-84-workers-in-washington-state-as-it-targets-tech-team-for-cuts/,1600.0,Post-IPO,2022-09-21 04:05:36,United States,,Unknown,5.605802066295998
Curative,Los Angeles,Healthcare,109.0,2022-09-20,https://digitalhealth.modernhealthcare.com/finance/startup-curative-health-lays-109,8.0,Seed,2022-09-21 04:12:37,United States,,Unknown,4.700480365792417
Ada,Toronto,Support,78.0,2022-09-20,https://www.linkedin.com/posts/mikemurchison_company-message-from-mike-ugcPost-6978042513135710209-CcNB/,190.0,Series C,2022-09-21 04:08:00,Canada,0.16,Unknown,4.3694478524670215
99,Sao Paulo,Transportation,75.0,2022-09-20,"https://www.terra.com.br/economia/dinheiro-em-dia/meu-negocio/na-onda-dos-layoffs-99-demite-mais-de-75-colaboradores,d2c6d7e70027cb925695c2e6a25956d16jo4jtuj.html",244.0,Acquired,2022-09-21 16:29:16,Brazil,0.02,Unknown,4.330733340286331
Ola,Bengaluru,Transportation,200.0,2022-09-19,https://inc42.com/buzz/ola-lays-off-200-software-engineers-amidst-massive-restructuring-plan/,5000.0,late_stage,2022-09-19 23:24:20,India,,Unknown,5.303304908059076
Vesalius Therapeutics,Boston,Healthcare,29.0,2022-09-19,https://www.bizjournals.com/boston/news/2022/09/19/flagship-pioneering-vesalius-therapeutics-layoffs.html,75.0,Series B,2022-09-21 04:14:05,United States,0.43,Unknown,3.4011973816621555
Clear,Bengaluru,Finance,190.0,2022-09-16,https://inc42.com/buzz/stripe-sequoia-backed-clear-lays-off-around-190-employees/,140.0,Series C,2022-09-17 14:32:04,India,0.2,Unknown,5.25227342804663
TrueLayer,London,Finance,40.0,2022-09-16,https://www.altfi.com/article/9837_exclusive-truelayer-announces-job-cuts-of-up-to-10-of-staff,271.0,Series E,2022-09-16 14:52:20,United States,0.1,Unknown,3.713572066704308
LivePerson,New York City,Support,193.0,2022-09-15,Internal memo,42.0,Post-IPO,2022-09-16 03:13:07,United States,0.11,Unknown,5.267858159063328
Acast,Stockholm,Media,70.0,2022-09-15,https://www.bloomberg.com/news/newsletters/2022-09-15/swedish-podcast-company-acast-lays-off-15-of-its-staff,126.0,Post-IPO,2022-09-15 20:12:12,Sweden,0.15,Unknown,4.2626798770413155
WorkRamp,SF Bay Area,HR,35.0,2022-09-15,Internal memo,67.0,Series C,2022-09-21 04:15:17,United States,0.2,Unknown,3.58351893845611
Twilio,SF Bay Area,Other,800.0,2022-09-14,https://techcrunch.com/2022/09/14/twilio-lays-off-11-of-its-staff-as-it-aims-for-profitability-in-2023/,614.0,Post-IPO,2022-09-14 14:47:34,United States,0.11,Unknown,6.68586094706836
Pitch,Berlin,Marketing,59.0,2022-09-14,https://www.linkedin.com/feed/update/urn:li:activity:6975741747565932544/,137.0,Series B,2022-09-14 14:50:51,Germany,0.3,Unknown,4.0943445622221
Infarm,Berlin,Other,50.0,2022-09-14,https://www.businessinsider.de/gruenderszene/news/news-ticker-2022-09-infarm/,604.0,Series D,2022-09-15 03:39:02,Germany,0.05,Unknown,3.9318256327243257
Netflix,SF Bay Area,Media,30.0,2022-09-14,https://deadline.com/2022/09/netflix-animation-layoff-30-staffers-overhaul-continues-1235118700/,121900.0,Post-IPO,2022-09-16 14:49:31,United States,,Unknown,3.4339872044851463
Rubius,Boston,Healthcare,160.0,2022-09-13,https://www.fiercebiotech.com/biotech/rubius-makes-hard-pivot-after-reviewing-clinical-data-dumping-lead-assets-and-laying-75,445.0,Post-IPO,2022-11-17 04:36:46,United States,0.75,Unknown,5.081404364984463
Checkout.com,London,Finance,100.0,2022-09-13,https://www.bloomberg.com/news/articles/2022-09-13/checkout-com-will-eliminate-about-5-of-employees-in-latest-cuts,1800.0,Series D,2022-09-14 03:25:07,United Kingdom,0.05,Unknown,4.61512051684126
Taboola,New York City,Marketing,100.0,2022-09-13,https://www.calcalistech.com/ctechnews/article/hybe11icxs,445.0,Post-IPO,2022-09-13 23:33:00,United States,0.06,Unknown,4.61512051684126
Patreon,SF Bay Area,Media,80.0,2022-09-13,https://www.theinformation.com/briefings/patreon-lays-off-17-of-staff,413.0,Series F,2022-09-13 16:04:26,United States,0.17,Unknown,4.394449154672439
Quicko,Sao Paulo,Transportation,60.0,2022-09-12,https://startups.com.br/noticias/apos-fechar-portas-no-brasil-maas-global-pivota-e-mira-parceiros-locais-diz-ceo/,28.0,Acquired,2022-09-13 23:35:10,Brazil,,Unknown,4.110873864173311
Mode Analytics,SF Bay Area,Data,25.0,2022-09-12,https://coda.io/@mykola-bilokonsky/mode-layoffs,81.0,Series D,2022-09-22 15:07:23,United States,,Unknown,3.258096538021482
Compete,Tel Aviv,HR,11.0,2022-09-12,https://www.calcalistech.com/ctechnews/article/rkzqei2gi,17.0,Series A,2022-09-13 23:26:46,Israel,0.28,Unknown,2.4849066497880004
SkipTheDishes,Winnipeg,Food,350.0,2022-09-09,https://winnipeg.ctvnews.ca/skip-the-dishes-lays-off-winnipeg-workers-1.6063503,6.0,Acquired,2022-09-11 16:08:08,Canada,,Unknown,5.860786223465865
Brighte,Sydney,Energy,58.0,2022-09-09,https://brighte.com.au/media/accelerating-brightes-pathway-to-profitability,145.0,Series C,2022-10-07 02:07:46,Australia,,Unknown,4.07753744390572
Patreon,SF Bay Area,Media,5.0,2022-09-09,https://techcrunch.com/2022/09/09/patreon-security-layoffs/,413.0,Series F,2022-09-09 17:57:48,United States,,Unknown,1.791759469228055
GoStudent,Vienna,Education,200.0,2022-09-08,https://brutkasten.com/gostudent-unicorn-baut-200-stellen-ab/,686.0,Series D,2022-09-09 23:46:18,Austria,,Unknown,5.303304908059076
Pomelo Fashion,Bangkok,Retail,55.0,2022-09-08,https://www.bloomberg.com/news/articles/2022-09-08/fashion-e-commerce-startup-pomelo-cuts-jobs-after-market-slows,120.0,Unknown,2022-09-10 03:53:01,Thailand,0.08,Unknown,4.02535169073515
Genome Medical,SF Bay Area,Healthcare,23.0,2022-09-08,https://www.bizjournals.com/sanfrancisco/news/2022/09/08/genetic-testing-genome-medical-invitae-job-cuts.html,120.0,Series C,2022-09-09 01:40:09,United States,,Unknown,3.1780538303479458
Simple Feast,Copenhagen,Food,150.0,2022-09-07,https://nyheder.tv2.dk/samfund/2022-09-07-firma-bag-plantebaserede-maltidskasser-er-gaet-konkurs,173.0,Unknown,2022-09-13 23:36:27,Denmark,1.0,Unknown,5.017279836814924
Foodpanda,Singapore,Food,60.0,2022-09-07,https://www.straitstimes.com/singapore/food-delivery-firm-foodpanda-lays-off-staff-in-singapore-retrenchment-reportedly-affects-about-60,749.0,Acquired,2022-09-05 20:52:18,Singapore,,Unknown,4.110873864173311
Uber,Vilnius,Transportation,60.0,2022-09-07,https://www.linkedin.com/posts/gergelyorosz_uber-lithuania-softwareengineering-activity-6973669838502187009-aK1z/,24700.0,Post-IPO,2022-09-09 01:41:27,Lithuania,,Unknown,4.110873864173311
Rupeek,Bengaluru,Finance,50.0,2022-09-07,https://inc42.com/buzz/exclusive-after-laying-off-180-employees-rupeek-lays-off-50-more-employees/,172.0,Unknown,2022-09-08 03:28:46,India,,Unknown,3.9318256327243257
Intercom,SF Bay Area,Support,49.0,2022-09-07,https://www.businesspost.ie/tech/irish-tech-unicorn-intercom-to-cut-49-jobs-across-hr-marketing/,240.0,Series D,2022-09-08 03:48:14,United States,0.05,Unknown,3.912023005428146
Pendo,Raleigh,Product,45.0,2022-09-07,https://www.axios.com/local/raleigh/2022/09/09/raleigh-startup-pendo-layoffs,469.0,Series F,2022-09-10 03:50:58,United States,0.05,Unknown,3.828641396489095
Demandbase,SF Bay Area,Sales,27.0,2022-09-07,Internal memo,143.0,late_stage,2022-09-09 01:47:34,United States,0.03,Unknown,3.332204510175204
Brave Care,Portland,Healthcare,40.0,2022-09-06,https://www.oregonlive.com/business/2022/09/portland-pediatrics-startup-brave-care-lays-off-a-third-of-staff-citing-covid-and-market-turmoil.html,42.0,Series B,2022-09-08 04:00:57,United States,0.33,Unknown,3.713572066704308
Lawgeex,Tel Aviv,Legal,30.0,2022-09-06,https://www.tech12.co.il/index-career/Article-daa4d2195231381027.htm?sCh=cf25c425b37bc710&pId=18758941771,41.0,Series C,2022-09-06 21:22:23,Israel,0.33,Unknown,3.4339872044851463
Kuda,Lagos,Finance,23.0,2022-09-02,https://techcrunch.com/2022/09/02/nigerian-digital-bank-kuda-is-the-latest-african-startup-to-lay-off-employees/,91.0,Series B,2022-09-05 20:50:36,Nigeria,0.05,Unknown,3.1780538303479458
2TM,Sao Paulo,Crypto,100.0,2022-09-01,https://finance.yahoo.com/news/second-round-layoffs-brazilian-crypto-212310521.html,250.0,Unknown,2022-09-02 23:24:03,Brazil,0.15,Unknown,4.61512051684126
Innovaccer,SF Bay Area,Healthcare,90.0,2022-09-01,https://inc42.com/buzz/exclusive-tiger-global-backed-healthtech-unicorn-innovaccer-lays-off-120-employees/,379.0,Series E,2022-09-01 23:07:45,United States,0.08,Unknown,4.51085950651685
Shopify,Ottawa,Retail,70.0,2022-09-01,https://www.theinformation.com/briefings/shopify-makes-a-fresh-round-of-layoffs,122.0,Post-IPO,2022-09-01 20:19:35,Canada,,Unknown,4.2626798770413155
Urban Sports Club,Berlin,Fitness,55.0,2022-09-01,https://www.businessinsider.de/gruenderszene/business/urban-sports-club-entlaesst-55-mitarbeiter-das-sind-die-gruende-und-was-betroffene-sagen/,95.0,Unknown,2022-09-01 17:10:21,Germany,0.15,Unknown,4.02535169073515
Hedvig,Stockholm,Finance,12.0,2022-09-01,https://www.mynewsdesk.com/se/hedvig-ab/news/hedvig-minskar-personalstyrkan-foer-att-naa-loensamhet-snabbare-12-heltidstjaenster-beroers-453177,67.0,Series B,2022-09-01 17:09:15,Sweden,,Unknown,2.5649493574615367
Snap,Los Angeles,Consumer,1280.0,2022-08-31,https://www.theverge.com/2022/8/30/23329301/snap-layoffs-20-percent-employees-snapchat,4900.0,Post-IPO,2022-08-30 20:55:54,United States,0.2,Unknown,7.155396301896734
GoodRx,Los Angeles,Healthcare,140.0,2022-08-31,https://seekingalpha.com/news/3879125-goodrx-laying-off-140-employees-16-of-workforce,910.0,Post-IPO,2022-09-01 01:24:41,United States,0.16,Unknown,4.948759890378168
Smava,Berlin,Finance,100.0,2022-08-31,https://finanz-szene.de/fintech/smava-vergleichsportal-entlassungen/,188.0,Unknown,2022-09-01 01:25:31,Germany,0.1,Unknown,4.61512051684126
Hippo Insurance,SF Bay Area,Finance,70.0,2022-08-31,https://www.globes.co.il/news/article.aspx?did=1001423046,1300.0,Post-IPO,2022-08-31 16:30:40,United States,0.1,Unknown,4.2626798770413155
Clari,SF Bay Area,Sales,45.0,2022-08-31,Internal memo,496.0,Series F,2022-09-02 23:31:03,United States,,Unknown,3.828641396489095
Koo,Bengaluru,Consumer,40.0,2022-08-31,https://inc42.com/buzz/tiger-global-backed-koo-lays-off-40-employees-to-cut-costs/,44.0,Series B,2022-09-01 02:39:06,India,,Unknown,3.713572066704308
TCR2,Boston,Healthcare,30.0,2022-08-31,https://www.fiercebiotech.com/biotech/scoop-tcr2-therapeutics-just-laid-40-its-staff-its-second-round-cuts-less-six-months,173.0,Post-IPO,2023-01-20 01:25:58,United States,0.2,Unknown,3.4339872044851463
Apartment List,SF Bay Area,Real Estate,29.0,2022-08-31,https://www.linkedin.com/posts/matthew-w-woods_for-those-that-know-apartment-list-well-activity-6970856703277903874-MGoW/,169.0,Series D,2022-09-01 02:41:49,United States,0.1,Unknown,3.4011973816621555
Artnight,Berlin,Retail,26.0,2022-08-31,https://www.businessinsider.de/gruenderszene/business/artnight-entlassungen/,172.5,Unknown,2022-09-01 17:11:12,Germany,0.36,Unknown,3.295836866004329
Electric,New York City,Other,81.0,2022-08-30,https://www.electric.ai/blog/an-open-letter-from-the-ceo,212.0,Series D,2022-09-30 22:53:41,United States,,Unknown,4.406719247264253
Immersive Labs,Bristol,Security,38.0,2022-08-30,https://www.uktech.news/cybersecurity/immersive-labs-jobs-cuts-20220830,123.0,Series C,2022-09-01 02:37:56,United Kingdom,0.1,Unknown,3.6635616461296463
Nate,New York City,Retail,30.0,2022-08-30,https://www.theinformation.com/briefings/shopping-app-nate-making-fresh-round-of-job-cuts,47.0,Series A,2022-08-30 23:16:29,United States,,Unknown,3.4339872044851463
Meesho,Bengaluru,Retail,300.0,2022-08-29,https://www.indiatimes.com/worth/news/300-meesho-employees-laid-off-578318.html,1100.0,Series F,2022-08-29 17:26:34,India,,Unknown,5.707110264748875
54gene,Washington D.C.,Healthcare,95.0,2022-08-29,https://techcrunch.com/2022/08/29/african-genomics-startup-54gene-lays-off-95-as-covid-testing-business-struggles/,44.0,Series B,2022-08-30 23:18:41,United States,0.3,Unknown,4.564348191467836
Zymergen,SF Bay Area,Other,80.0,2022-08-26,https://www.biospace.com/article/zymergen-cuts-80-more-jobs-parts-ways-with-co-founder/,974.0,Acquired,2022-08-26 20:49:38,United States,,Unknown,4.394449154672439
Okta,SF Bay Area,Security,24.0,2022-08-26,https://www.unleash.ai/economy/okta-lays-off-us-sourcing-team/,1200.0,Post-IPO,2022-08-26 20:43:02,United States,,Unknown,3.2188758248682006
Argyle,New York City,Finance,20.0,2022-08-26,https://techcrunch.com/2022/08/26/fintech-argyle-has-layoffs/,78.0,Series B,2022-08-26 21:39:46,United States,0.07,Unknown,3.044522437723423
FreshDirect,Philadelphia,Food,40.0,2022-08-25,https://www.bizjournals.com/philadelphia/news/2022/08/25/freshdirect-exiting-philadelphia-market-layoffs.html,280.0,Acquired,2022-08-26 03:58:52,United States,,Unknown,3.713572066704308
Loja Integrada,Sao Paulo,Retail,25.0,2022-08-25,https://startups.com.br/noticias/loja-integrada-da-vtex-demite-10-do-quadro-mas-segue-contratando/,80.0,Acquired,2022-08-26 20:53:05,Brazil,0.1,Unknown,3.258096538021482
Reali,SF Bay Area,Real Estate,140.0,2022-08-24,https://www.calcalistech.com/ctechnews/article/r1w11v1eyj,117.0,Series B,2022-08-24 23:29:59,United States,1.0,Unknown,4.948759890378168
Loop,Washington D.C.,Finance,15.0,2022-08-24,https://www.coverager.com/layoffs-at-loop/,24.0,Series A,2022-08-25 03:50:05,United States,0.2,Unknown,2.772588722239781
Tier Mobility,Berlin,Transportation,180.0,2022-08-23,https://techcrunch.com/2022/08/23/tier-mobility-lays-off-180-people-amid-poor-funding-climate/,646.0,Series D,2022-08-23 20:15:48,Germany,0.16,Unknown,5.198497031265826
Packable,New York City,Retail,138.0,2022-08-23,"https://www.cnbc.com/2022/08/23/amazon-seller-packable-lays-off-employees-begins-liquidating.html#:~:text=Investing%20Club-,Top%20Amazon%20seller%20Packable%20begins%20liquidating%20and,cuts%20after%20failed%20SPAC%20attempt&text=Packable%2C%20the%20parent%20company%20of,to%20documents%20viewed%20by%20CNBC.",472.0,Unknown,2022-08-24 23:37:17,United States,0.2,Unknown,4.9344739331306915
Q4,Toronto,Other,50.0,2022-08-23,https://www.theglobeandmail.com/business/article-q4-inc-layoffs-canada/,91.0,Series C,2022-08-24 03:26:48,Canada,0.08,Unknown,3.9318256327243257
Skedulo,SF Bay Area,HR,31.0,2022-08-23,Internal memo,114.0,Series C,2022-08-29 17:27:32,United States,0.08,Unknown,3.4657359027997265
Plato,SF Bay Area,HR,29.0,2022-08-23,Company exec,3.0,Seed,2022-08-26 20:46:11,United States,0.5,Unknown,3.4011973816621555
NSO,Tel Aviv,Security,100.0,2022-08-21,https://www.calcalistech.com/ctechnews/article/hjb0095yyi,1.0,Seed,2022-08-22 15:24:01,Israel,0.14,Unknown,4.61512051684126
Tufin,Boston,Security,55.0,2022-08-21,https://en.globes.co.il/en/article-israeli-cybersecurity-co-tufin-lays-off-55-1001421995,21.0,Acquired,2022-08-22 15:24:49,United States,0.1,Unknown,4.02535169073515
Amperity,Seattle,Marketing,13.0,2022-08-20,https://www.geekwire.com/2022/seattle-customer-intelligence-startup-amperity-lays-off-recruiting-staff/,187.0,Series D,2022-08-22 15:19:19,United States,0.03,Unknown,2.6390573296152584
Wayfair,Boston,Retail,870.0,2022-08-19,https://www.bostonglobe.com/2022/08/19/business/wayfair-cuts-870-jobs-including-400-boston-it-reacts-decline-sales/,1700.0,Post-IPO,2022-08-19 15:05:32,United States,0.05,Unknown,6.769641976852503
Stripe,SF Bay Area,Finance,50.0,2022-08-19,https://techcrunch.com/2022/08/19/stripe-layoffs-taxjar-tech/,2300.0,late_stage,2022-08-19 00:52:00,United States,,Unknown,3.9318256327243257
Hodlnaut,Singapore,Crypto,40.0,2022-08-19,https://www.coindesk.com/business/2022/08/19/crypto-lender-hodlnaut-faces-singapore-police-actions-and-staggering-job-cuts/,172.5,Unknown,2022-08-20 03:37:56,Singapore,0.8,Unknown,3.713572066704308
New Relic,SF Bay Area,Infrastructure,110.0,2022-08-18,https://www.marketwatch.com/story/new-relic-commits-to-restructuring-plan-including-layoffs-271660823014,214.0,Post-IPO,2022-08-18 15:35:06,United States,0.05,Unknown,4.709530201312334
Wheel,Austin,Healthcare,35.0,2022-08-18,https://www.businessinsider.com/wheel-laid-off-17-percent-35-employees-digital-health-layoffs-2022-8,215.0,Series C,2022-09-01 02:36:41,United States,0.17,Unknown,3.58351893845611
Malwarebytes,SF Bay Area,Security,125.0,2022-08-17,https://techcrunch.com/2022/08/17/malwareybytes-layoffs/,80.0,Series B,2022-08-17 16:53:42,United States,0.14,Unknown,4.836281906951478
Fluke,Sao Paulo,Other,83.0,2022-08-17,https://startups.com.br/noticias/exclusivo-fluke-demite-mais-de-80-e-e-comprada/,4.0,Seed,2022-08-26 20:47:27,Brazil,0.8200000000000001,Unknown,4.430816798843313
Swyftx,Brisbane,Crypto,74.0,2022-08-17,https://swyftx.com/au/media/press-releases/changes-to-the-team-2022/,172.5,Unknown,2022-08-18 01:12:20,Australia,0.21,Unknown,4.31748811353631
Tempo Automation,SF Bay Area,Other,54.0,2022-08-17,https://www.bizjournals.com/sanfrancisco/news/2022/08/17/tempo-automation-sf-layoffs-merger-spac.html,74.0,Series C,2022-08-17 20:56:34,United States,,Unknown,4.007333185232471
Genesis,New York City,Crypto,52.0,2022-08-17,https://www.reuters.com/technology/crypto-broker-genesis-taps-insider-interim-chief-cuts-jobs-by-20-2022-08-17/,20.0,Series A,2022-08-17 18:24:32,United States,0.2,Unknown,3.970291913552122
Warren,Porto Alegre,Finance,50.0,2022-08-17,"https://www.terra.com.br/economia/dinheiro-em-dia/meu-negocio/exclusivo-warren-entra-na-tendencia-dos-layoffs-e-faz-demissao-em-massa,5f362a0a19e6049dce7d13b912b0da76rfn0l7ku.html",104.0,Series C,2022-08-18 01:14:15,Brazil,,Unknown,3.9318256327243257
AlayaCare,Montreal,Healthcare,80.0,2022-08-16,https://betakit.com/alayacare-lays-off-14-percent-of-employees-slows-ma-plans/,293.0,Series D,2022-08-17 18:25:43,Canada,0.14,Unknown,4.394449154672439
Pliops,Tel Aviv,Data,12.0,2022-08-16,https://www.calcalistech.com/ctechnews/article/hkch00dya5,205.0,Series D,2022-08-18 21:47:39,Israel,0.09,Unknown,2.5649493574615367
Woven,Indianapolis,HR,5.0,2022-08-16,Internal memo,11.0,Series A,2022-08-17 20:14:18,United States,0.15,Unknown,1.791759469228055
Sema4,Stamford,Healthcare,250.0,2022-08-15,https://ir.sema4.com/news-releases/news-release-details/sema4-announces-continued-restructuring-business-highlights-and,791.0,Post-IPO,2022-08-16 03:50:08,United States,0.13,Unknown,5.5254529391317835
Blend,SF Bay Area,Finance,220.0,2022-08-15,https://www.housingwire.com/articles/blend-takes-a-478m-loss-cuts-25-of-its-workforce/,665.0,Post-IPO,2022-08-16 15:55:02,United States,0.12,Unknown,5.3981627015177525
ContraFect,New York City,Healthcare,16.0,2022-08-15,https://www.benzinga.com/general/biotech/22/08/28497436/contrafect-cuts-workforce-after-trial-setback,380.0,Post-IPO,2022-08-16 03:52:21,United States,0.37,Unknown,2.833213344056216
Anywell,Tel Aviv,Real Estate,11.0,2022-08-14,https://www.calcalistech.com/ctechnews/article/rkndvd8a5,15.0,Series A,2022-08-14 23:46:15,Israel,,Unknown,2.4849066497880004
Peloton,New York City,Fitness,784.0,2022-08-12,https://www.cnbc.com/2022/08/12/peloton-shares-jump-as-company-announces-price-hikes-for-some-products.html,1900.0,Post-IPO,2022-08-12 17:27:39,United States,0.13,Unknown,6.665683717782408
Truepill,SF Bay Area,Healthcare,175.0,2022-08-11,https://techcrunch.com/2022/08/11/digital-health-unicorn-truepill-conducts-third-round-of-layoffs-in-2022/,255.0,Series D,2022-08-12 05:14:48,United States,0.33,Unknown,5.170483995038151
Calm,SF Bay Area,Healthcare,90.0,2022-08-11,https://www.wsj.com/articles/meditation-app-calm-lays-off-20-of-staff-11660261492?mod=hp_lista_pos1,218.0,Series C,2022-08-12 05:08:17,United States,0.2,Unknown,4.51085950651685
FourKites,Chicago,Logistics,60.0,2022-08-11,https://techcrunch.com/2022/08/26/supply-chain-startup-fourkites-which-recently-laid-off-workers-raises-30m/,201.0,Series D,2022-08-26 21:42:04,United States,0.08,Unknown,4.110873864173311
Marketforce,Nairobi,Retail,54.0,2022-08-11,https://techcrunch.com/2022/08/11/kenyan-b2b-e-commerce-platform-marketforce-cut-about-9-of-staff-in-reorganization-strategy/,42.0,Series A,2022-08-11 13:36:36,Kenya,0.09,Unknown,4.007333185232471
Betterfly,Santiago,Healthcare,30.0,2022-08-11,https://startups.com.br/noticias/mais-um-unicornio-demitindo-betterfly-faz-reestruturacao-no-brasil/,204.0,Series C,2022-08-12 17:57:38,Chile,,Unknown,3.4339872044851463
Expert360,Sydney,Recruiting,7.0,2022-08-11,https://www.watoday.com.au/technology/startups-staff-to-go-kombucha-and-yoga-can-stay-20220811-p5b8zs.html,26.0,Series C,2022-08-15 01:17:30,Australia,,Unknown,2.0794415416798357
Trybe,Sao Paulo,Education,47.0,2022-08-10,https://startups.com.br/noticias/edtech-trybe-enxuga-operacoes-e-corta-10-do-time/,40.0,Series B,2022-08-24 23:33:24,Brazil,0.1,Unknown,3.871201010907891
Permutive,London,Marketing,30.0,2022-08-10,https://www.businessinsider.com/permutive-lays-off-12-of-staffers-amid-economic-downturn-2022-8,105.0,Series C,2022-08-10 21:55:40,United Kingdom,0.12,Unknown,3.4339872044851463
GoHealth,Chicago,Healthcare,800.0,2022-08-09,https://www.chicagobusiness.com/technology/gohealth-lays-800-workers-online-health-insurance-seller-cuts-back,75.0,Post-IPO,2022-08-11 21:31:33,United States,0.2,Unknown,6.68586094706836
Hootsuite,Vancouver,Marketing,400.0,2022-08-09,https://betakit.com/hootsuite-restructuring-laying-off-30-percent-of-employees/,300.0,Series C,2022-08-09 17:35:53,Canada,0.3,Unknown,5.993961427306569
Nutanix,SF Bay Area,Infrastructure,270.0,2022-08-09,https://www.marketscreener.com/quote/stock/NUTANIX-INC-31497437/news/NUTANIX-INC-Costs-Associated-with-Exit-or-Disposal-Activities-form-8-K-41257917/,1100.0,Post-IPO,2022-08-09 21:51:10,United States,0.04,Unknown,5.602118820879701
Quanterix,Boston,Healthcare,130.0,2022-08-09,https://www.genomeweb.com/business-news/quanterix-slashing-workforce-25-percent-it-refocuses-commercial-efforts#.Y3J8V-zMK8B,533.0,Post-IPO,2022-11-17 04:38:06,United States,0.25,Unknown,4.875197323201151
Wix,Tel Aviv,Marketing,100.0,2022-08-09,https://www.calcalistech.com/ctechnews/article/b1icqik0c,58.0,Post-IPO,2022-08-09 14:34:51,Israel,,Unknown,4.61512051684126
MadeiraMadeira,Curitiba,Retail,60.0,2022-08-09,https://www.estadao.com.br/link/inovacao/unicornio-madeiramadeira-demite-60-pessoas-em-busca-de-ganho-de-eficiencia/,338.0,Series E,2022-08-09 21:54:09,Brazil,0.03,Unknown,4.110873864173311
Melio,New York City,Finance,60.0,2022-08-09,https://www.calcalistech.com/ctechnews/article/b1kyowlaq,504.0,Series D,2022-08-09 18:30:37,United States,,Unknown,4.110873864173311
Linktree,Melbourne,Consumer,50.0,2022-08-09,https://www.smartcompany.com.au/industries/information-technology/linktree-sacks-employees-tech/,165.0,Unknown,2022-08-09 14:33:49,Australia,0.17,Unknown,3.9318256327243257
Shogun,SF Bay Area,Retail,48.0,2022-08-09,Internal memo,114.0,Series C,2022-08-10 15:22:27,United States,0.3,Unknown,3.8918202981106265
Absci,Vancouver,Healthcare,40.0,2022-08-09,https://www.absci.com/message-from-ceo-08-09-2022/,237.0,Post-IPO,2022-08-10 04:07:56,United States,,Unknown,3.713572066704308
Dooly,Vancouver,Sales,12.0,2022-08-09,https://www.linkedin.com/feed/update/urn:li:activity:6962892415028387840/,102.0,Series B,2022-08-10 15:24:31,Canada,,Unknown,2.5649493574615367
Groupon,Chicago,Retail,500.0,2022-08-08,https://techcrunch.com/2022/08/08/groupon-cuts-over-500-staff-as-the-downturn-takes-its-tolll/,1400.0,Post-IPO,2022-08-08 21:36:51,United States,0.15,Unknown,6.2166061010848646
Loggi,Sao Paulo,Logistics,500.0,2022-08-08,https://startups.com.br/noticias/na-onda-dos-layoffs-loggi-demite-cerca-de-15-da-sua-forca-de-trabalho/,507.0,Series F,2022-08-09 14:40:05,Brazil,0.15,Unknown,6.2166061010848646
Vroom,New York City,Transportation,337.0,2022-08-08,https://www.autonews.com/dealers/vroom-earnings-q2-net-loss-1151-million-used-car-retailer-cuts-jobs,1300.0,Post-IPO,2022-08-09 14:44:58,United States,,Unknown,5.823045895483019
Warby Parker,New York City,Consumer,63.0,2022-08-08,https://www.businessinsider.com/warby-parker-lays-off-63-corporate-employees-internal-memo-2022-8,535.0,Post-IPO,2022-08-09 14:37:26,United States,,Unknown,4.1588830833596715
Labelbox,SF Bay Area,Data,36.0,2022-08-08,Internal memo,188.0,Series D,2022-08-11 13:31:20,United States,,Unknown,3.6109179126442243
Perion,Tel Aviv,Marketing,20.0,2022-08-08,https://en.globes.co.il/en/article-perion-network-lays-off-20-transfers-us-activities-to-israel-1001420801,76.0,Post-IPO,2022-08-08 14:15:39,Israel,0.05,Unknown,3.044522437723423
iRobot,Boston,Consumer,140.0,2022-08-05,https://www.geekwire.com/2022/amazon-to-acquire-roomba-maker-irobot-for-1-7-billion/,30.0,Acquired,2022-08-05 19:28:04,United States,0.1,Unknown,4.948759890378168
Mejuri,Toronto,Retail,50.0,2022-08-05,https://betakit.com/d2c-startups-not-immune-to-downturn-as-article-mejuri-make-staff-cuts/,28.0,Series B,2022-08-08 21:33:38,Canada,0.1,Unknown,3.9318256327243257
Uberflip,Toronto,Marketing,31.0,2022-08-05,https://betakit.com/uberflip-ceo-attributes-company-layoffs-to-unsteady-economy/,42.0,Series A,2022-08-05 19:18:41,Canada,0.17,Unknown,3.4657359027997265
Doma,SF Bay Area,Finance,250.0,2022-08-04,https://www.inman.com/2022/08/19/doma-announces-more-layoffs-as-cumulative-losses-top-300m/amp/,679.0,Post-IPO,2022-08-05 19:22:32,United States,0.13,Unknown,5.5254529391317835
Article,Vancouver,Retail,216.0,2022-08-04,https://dailyhive.com/vancouver/vancouver-article-layoffs,67.0,Series B,2022-08-04 23:33:42,Canada,0.17,Unknown,5.37989735354046
Jam City,Los Angeles,Consumer,200.0,2022-08-04,https://venturebeat.com/2022/08/04/jam-city-lays-off-hundreds-of-staff-as-part-of-restructuring/,652.0,Unknown,2022-08-04 23:35:47,United States,0.17,Unknown,5.303304908059076
10X Genomics,SF Bay Area,Healthcare,100.0,2022-08-04,https://www.genomeweb.com/business-news/10x-genomics-lays-approximately-100-employees#.YuxWk-zMKqV,242.0,Post-IPO,2022-08-04 23:30:40,United States,0.08,Unknown,4.61512051684126
LEAD,Mumbai,Education,80.0,2022-08-04,https://www.moneycontrol.com/news/business/startup/school-edtech-unicorn-lead-lets-go-of-about-100-employees-8954821.html,166.0,Series E,2022-08-04 19:02:25,India,0.04,Unknown,4.394449154672439
Zendesk,SF Bay Area,Support,80.0,2022-08-04,Internal memo,85.0,Acquired,2022-08-05 03:18:34,United States,,Unknown,4.394449154672439
On Deck,SF Bay Area,Education,73.0,2022-08-04,https://techcrunch.com/2022/08/04/on-deck-lays-off-a-third-of-staff-after-cutting-a-quarter-just-months-prior/,20.0,Series A,2022-08-04 19:07:23,United States,0.33,Unknown,4.30406509320417
RenoRun,Montreal,Construction,70.0,2022-08-04,https://betakit.com/renorun-lays-off-12-percent-of-staff-pauses-geographic-expansion-amid-uncertainty-surrounding-consumer-spending/,163.0,Series B,2022-08-17 18:27:14,Canada,0.12,Unknown,4.2626798770413155
RingCentral,SF Bay Area,Support,50.0,2022-08-04,https://www.bizjournals.com/sanfrancisco/news/2022/08/04/ringcentral-lays-off-50-at-belmont-headquarters.html,44.0,Post-IPO,2022-08-04 23:31:39,United States,,Unknown,3.9318256327243257
Healthcare.com,Miami,Healthcare,149.0,2022-08-03,https://www.bizjournals.com/southflorida/inno/stories/news/2022/08/03/healthcare-inc-cuts-149-jobs-miami.html,244.0,Series C,2022-08-04 23:16:57,United States,,Unknown,5.0106352940962555
Unbounce,Vancouver,Marketing,47.0,2022-08-03,https://betakit.com/unbounce-lays-off-20-percent-of-staff-as-part-of-larger-company-restructuring/,39.0,Series A,2022-08-03 22:50:06,Canada,0.2,Unknown,3.871201010907891
Beyond Meat,Los Angeles,Food,40.0,2022-08-03,https://www.bloomberg.com/news/articles/2022-08-03/beyond-meat-eliminates-about-40-positions-in-cost-cutting-move,122.0,Post-IPO,2022-08-04 19:01:05,United States,0.04,Unknown,3.713572066704308
The Org,New Delhi,HR,13.0,2022-08-03,https://www.linkedin.com/posts/theorg_this-week-the-org-laid-off-13-of-our-ny-based-activity-6960585154205515776-7Qf_/,39.0,Series B,2022-08-04 03:38:12,United States,,Unknown,2.6390573296152584
Robinhood,SF Bay Area,Finance,713.0,2022-08-02,https://techcrunch.com/2022/08/02/robinhood-23-layoff-vlad-tenev-responsibility-hiring/,5600.0,Post-IPO,2022-08-02 20:29:55,United States,0.23,Unknown,6.570882962339584
Latch,New York City,Security,115.0,2022-08-02,https://www.globenewswire.com/news-release/2022/08/02/2490797/0/en/Latch-announces-further-changes-to-improve-operating-efficiency.html,342.0,Post-IPO,2022-08-04 18:53:11,United States,0.37,Unknown,4.7535901911063645
Vedantu,Bengaluru,Education,100.0,2022-08-02,https://inc42.com/buzz/exclusive-edtech-unicorn-vedantu-lays-off-another-100-employees/,292.0,Series E,2022-08-03 02:37:37,India,,Unknown,4.61512051684126
Seegrid,Pittsburgh,Logistics,90.0,2022-08-02,https://www.therobotreport.com/sources-amr-maker-seegrid-hit-with-layoffs/,107.0,Unknown,2022-08-04 03:45:51,United States,,Unknown,4.51085950651685
Nylas,SF Bay Area,Product,80.0,2022-08-02,https://www.nylas.com/blog/a-message-from-nylas-co-founder-ceo-gleb-polyakov/,175.0,Series C,2022-08-02 21:48:53,United States,0.25,Unknown,4.394449154672439
Outreach,Seattle,Sales,60.0,2022-08-02,https://www.linkedin.com/posts/medinism_throughout-outreachs-journey-as-a-start-up-activity-6960299213226225664-PNsG/,489.0,late_stage,2022-08-02 20:34:47,United States,0.05,Unknown,4.110873864173311
Sendy,Nairobi,Logistics,54.0,2022-08-02,https://techcrunch.com/2022/10/05/sendy-conducts-second-round-of-layoffs-20-of-its-remaining-staff-affected/,26.0,Series B,2022-10-05 18:19:41,Kenya,0.2,Unknown,4.007333185232471
The Predictive Index,Boston,HR,40.0,2022-08-02,https://www.linkedin.com/feed/update/urn:li:activity:6961029042426757120/,71.0,Acquired,2022-08-08 14:21:15,United States,,Unknown,3.713572066704308
Sendy,Nairobi,Logistics,30.0,2022-08-02,https://techcabal.com/2022/08/02/kenyan-logistics-startup-sendy-lays-off-10-of-its-staff/,26.0,Series B,2022-08-02 15:28:52,Kenya,0.1,Unknown,3.4339872044851463
Stedi,Boulder,Product,23.0,2022-08-02,https://twitter.com/GergelyOrosz/status/1554707921984016387,75.0,Series B,2022-08-04 03:39:43,United States,0.3,Unknown,3.1780538303479458
Glossier,New York City,Retail,19.0,2022-08-02,https://www.modernretail.co/startups/glossier-lays-off-about-two-dozen-employees-as-it-ramps-up-hiring-in-wholesale-and-retail/amp/,266.0,Series E,2022-08-03 02:42:48,United States,0.08,Unknown,2.995732273553991
Hash,Sao Paulo,Finance,58.0,2022-08-01,https://oglobo.globo.com/blogs/capital/post/2022/08/startup-de-maquininha-demite-mais-de-metade-da-equipe-e-avalia-fechar-as-portas.ghtml,58.0,Series C,2022-08-03 02:35:35,Brazil,0.5,Unknown,4.07753744390572
Metigy,Sydney,Marketing,75.0,2022-07-31,https://www.linkedin.com/posts/myrabeal_talent-tech-recruitment-activity-6959703840858259456-V8Tv/,18.0,Series B,2022-08-02 01:09:28,Australia,1.0,Unknown,4.330733340286331
Vee,Tel Aviv,HR,16.0,2022-07-31,https://www.calcalistech.com/ctechnews/article/syarhxntq,15.0,Seed,2022-08-02 01:08:03,Israel,0.32,Unknown,2.833213344056216
Ola,Bengaluru,Transportation,1000.0,2022-07-29,https://economictimes.indiatimes.com/tech/startups/ola-to-fire-about-1000-employees-across-verticals-even-as-focus-shifts-to-electric-mobility/articleshow/93194411.cms,5000.0,late_stage,2022-07-29 16:10:50,India,,Unknown,6.90875477931522
Clearco,Toronto,Finance,125.0,2022-07-29,https://betakit.com/clearco-cuts-a-quarter-of-staff-amid-significant-headwinds/,681.0,Series C,2022-07-29 16:04:33,Canada,0.25,Unknown,4.836281906951478
Imperfect Foods,SF Bay Area,Food,50.0,2022-07-29,https://www.bizjournals.com/sanfrancisco/news/2022/07/29/imperfect-foods-bayview-sf-hq-warehouse-layoffs.html,229.0,Series D,2022-07-30 23:20:00,United States,,Unknown,3.9318256327243257
Shelf Engine,Seattle,Food,43.0,2022-07-29,https://www.geekwire.com/2022/seattle-startup-shelf-engine-lays-off-43-employees-due-to-challenging-economic-conditions/,58.0,Series B,2022-07-30 23:27:23,United States,,Unknown,3.784189633918261
Quantcast,SF Bay Area,Marketing,40.0,2022-07-29,https://digiday.com/media/ad-tech-firm-quantcast-cuts-6-in-headcount-as-economic-storm-clouds-gather/,65.0,Series C,2022-08-02 03:46:06,United States,0.06,Unknown,3.713572066704308
Sherpa,Toronto,Travel,22.0,2022-07-29,https://www.linkedin.com/posts/maxtremaine_it-has-been-an-amazing-year-for-sherpa-activity-6962384880487866368-v491/,11.0,Unknown,2022-07-30 23:23:03,Canada,,Unknown,3.1354942159291497
Ribbon,New York City,Real Estate,136.0,2022-07-28,https://www.inman.com/2022/07/28/ribbon-slashes-one-third-of-workforce-to-adjust-to-new-reality/,405.0,Series C,2022-07-29 06:14:13,United States,,Unknown,4.919980925828125
Career Karma,SF Bay Area,Education,60.0,2022-07-28,https://techcrunch.com/2022/07/28/career-karma-conducts-layoffs-as-tech-jobs-face-a-massive-stress-test/,51.0,Series B,2022-07-29 06:20:11,United States,0.33,Unknown,4.110873864173311
Metromile,SF Bay Area,Finance,60.0,2022-07-28,https://techcrunch.com/2022/07/29/lemonade-closes-on-acquisition-of-insurtech-metromile-promptly-lays-off-about-20-of-its-staff/,510.0,Acquired,2022-07-29 06:22:06,United States,0.2,Unknown,4.110873864173311
Laybuy,Auckland,Finance,45.0,2022-07-28,https://www.stuff.co.nz/business/300648897/laybuy-to-cut-45-jobs-as-it-searches-for-profit,130.0,Post-IPO,2022-07-29 06:25:10,New Zealand,,Unknown,3.828641396489095
Allbirds,SF Bay Area,Retail,23.0,2022-07-28,Internal memo,202.0,Post-IPO,2022-07-30 23:17:36,United States,,Unknown,3.1780538303479458
TextNow,Waterloo,Consumer,22.0,2022-07-28,Internal memo,1.0,Seed,2022-08-04 03:57:46,Canada,,Unknown,3.1354942159291497
Rivian,Detroit,Transportation,840.0,2022-07-27,https://www.cnn.com/2022/07/27/business/rivian-layoffs/index.html,10700.0,Post-IPO,2022-07-28 03:24:26,United States,0.06,Unknown,6.734591659972948
Vox Media,Washington D.C.,Media,39.0,2022-07-27,https://www.axios.com/2022/07/27/vox-media-layoffs-economic-uncertainty,307.0,Series F,2022-07-29 06:11:57,United States,0.02,Unknown,3.6888794541139363
Coinsquare,Toronto,Crypto,30.0,2022-07-27,https://betakit.com/coinsquare-lays-off-24-percent-of-staff-amid-turbulent-crypto-market-shifted-focus-to-regulation/,98.0,Unknown,2022-07-30 14:35:42,Canada,0.24,Unknown,3.4339872044851463
Skai,Tel Aviv,Marketing,30.0,2022-07-27,https://www.calcalistech.com/ctechnews/article/ry0jnia39?prof=5211.Ctech-5214.ctech.Startups,60.0,Series E,2022-07-28 03:23:10,Israel,0.04,Unknown,3.4339872044851463
Shopify,Ottawa,Retail,1000.0,2022-07-26,https://www.wsj.com/articles/shopify-to-lay-off-10-of-workers-in-broad-shake-up-11658839047,122.0,Post-IPO,2022-07-26 15:20:00,Canada,0.1,Unknown,6.90875477931522
McMakler,Berlin,Real Estate,90.0,2022-07-26,https://www.businessinsider.de/gruenderszene/business/mcmakler-massenentlassung-nach-firmenfeier/,214.0,Unknown,2022-07-26 15:42:39,Germany,,Unknown,4.51085950651685
Fiverr,Tel Aviv,Other,60.0,2022-07-26,https://en.globes.co.il/en/article-fiverr-lays-off-60-including-30-employees-in-israel-1001419413,111.0,Post-IPO,2022-07-26 15:45:30,Israel,0.08,Unknown,4.110873864173311
InDebted,Sydney,Finance,40.0,2022-07-26,https://www.news.com.au/finance/business/technology/startup-sacks-40-employees-amid-200-million-valuation/news-story/891f316c53bb38c7f12d519b26f07ee5,41.0,Series B,2022-07-26 15:27:00,Australia,0.17,Unknown,3.713572066704308
Outbrain,New York City,Marketing,38.0,2022-07-26,https://en.globes.co.il/en/article-fiverr-lays-off-60-including-30-employees-in-israel-1001419413,394.0,Post-IPO,2022-07-26 15:46:27,United States,0.03,Unknown,3.6635616461296463
Dover,SF Bay Area,Recruiting,23.0,2022-07-26,https://blog.dover.io/changes-to-our-team/,22.0,Series A,2022-07-26 21:51:56,United States,0.3,Unknown,3.1780538303479458
Immutable,Sydney,Crypto,20.0,2022-07-26,https://www.cnet.com/tech/gaming/crypto-star-immutable-creator-of-nft-game-gods-unchained-lays-off-over-20-staff/,279.0,Series C,2022-07-28 03:35:27,Australia,0.06,Unknown,3.044522437723423
Zymergen,SF Bay Area,Other,80.0,2022-07-25,https://www.bizjournals.com/sanfrancisco/news/2022/07/25/zymergen-ginkgo-bioworks-zyme-dna-merger-job-cuts.html,974.0,Acquired,2022-08-26 20:52:03,United States,,Unknown,4.394449154672439
Pear Therapeutics ,Boston,Healthcare,25.0,2022-07-25,https://www.massdevice.com/pear-therapeutics-announces-layoffs/,409.0,Post-IPO,2022-07-26 15:30:29,United States,0.09,Unknown,3.258096538021482
Soluto,Tel Aviv,Support,120.0,2022-07-24,https://www.calcalistech.com/ctechnews/article/s1xemk935,18.0,Acquired,2022-07-25 04:32:59,Israel,1.0,Unknown,4.795790545596741
Eucalyptus,Sydney,Healthcare,50.0,2022-07-22,https://www.news.com.au/finance/business/other-industries/australian-healthcare-startup-fires-20-per-cent-of-staff/news-story/c582a96f5cc55a99962c2c79aa7033a9,69.0,Series C,2022-07-28 03:21:39,United States,0.2,Unknown,3.9318256327243257
Workstream,SF Bay Area,HR,45.0,2022-07-22,LinkedIn,58.0,Series B,2022-08-03 14:13:38,United States,,Unknown,3.828641396489095
Quanto,Sao Paulo,Finance,28.0,2022-07-22,https://www.seudinheiro.com/2022/empresas/onda-de-demissoes-quanto-startup-facily-involves-lils/,15.0,Series A,2022-07-25 15:30:47,Brazil,0.22,Unknown,3.367295829986474
Clarify Health,SF Bay Area,Healthcare,15.0,2022-07-22,https://twitter.com/erinbrodwin/status/1550495194805518337,328.0,Series D,2022-07-22 19:22:45,United States,0.05,Unknown,2.772588722239781
Blockchain.com,London,Crypto,150.0,2022-07-21,https://www.coindesk.com/business/2022/07/21/blockchaincom-cuts-25-workforce-amid-crypto-bear-market/,490.0,Series D,2022-07-21 14:26:22,United Kingdom,0.25,Unknown,5.017279836814924
Callisto Media,SF Bay Area,Media,140.0,2022-07-21,https://www.publishersweekly.com/pw/by-topic/industry-news/publisher-news/article/89897-callisto-media-promising-to-act-swiftly-and-decisively-lays-off-35-of-workforce.html,256.0,Series D,2022-07-21 23:37:05,United States,0.35,Unknown,4.948759890378168
AppGate,Miami,Security,130.0,2022-07-21,https://m.marketscreener.com/quote/stock/APPGATE-INC-128303647/news/APPGATE-INC-Costs-Associated-with-Exit-or-Disposal-Activities-form-8-K-41078857/,426.0,Post-IPO,2022-07-28 03:37:47,United States,0.22,Unknown,4.875197323201151
WHOOP,Boston,Fitness,95.0,2022-07-21,https://frontofficesports.com/fitness-company-whoop-slashes-workforce-by-15/,404.0,Series F,2022-07-22 01:02:30,United States,0.15,Unknown,4.564348191467836
Rad Power Bikes,Seattle,Transportation,63.0,2022-07-21,https://www.geekwire.com/2022/rad-power-bikes-cuts-about-10-of-staff-citing-economic-uncertainty-and-rising-operating-costs/,329.0,Series D,2022-07-21 19:56:20,United States,0.1,Unknown,4.1588830833596715
Lunchbox,New York City,Food,60.0,2022-07-21,https://www.businessinsider.com/lunchbox-lays-off-employees-as-food-tech-startups-face-downturn-2022-7,72.0,Series B,2022-07-22 01:03:26,United States,0.33,Unknown,4.110873864173311
RealSelf,Seattle,Healthcare,11.0,2022-07-21,https://www.geekwire.com/2022/cosmetic-treatment-review-platform-realself-lays-off-11-employees/,42.0,Series B,2022-07-21 19:57:00,United States,0.05,Unknown,2.4849066497880004
Just Eat Takeaway,Amsterdam,Food,390.0,2022-07-20,https://www.reuters.com/business/retail-consumer/just-eat-takeaway-cut-staff-france-spokesperson-says-2022-07-20/,2800.0,Post-IPO,2022-07-20 15:08:01,Netherlands,,Unknown,5.968707559985366
Flyhomes,Seattle,Real Estate,200.0,2022-07-20,https://www.geekwire.com/2022/seattle-real-estate-startup-flyhomes-cuts-20-of-staff-citing-uncertain-economic-conditions/,310.0,Series C,2022-07-20 20:08:14,United States,0.2,Unknown,5.303304908059076
Varo,SF Bay Area,Finance,75.0,2022-07-20,https://www.axios.com/pro/fintech-deals/2022/07/20/varo-bank-lays-off-75,992.0,Series E,2022-07-20 18:25:30,United States,,Unknown,4.330733340286331
BlueStacks,SF Bay Area,Other,60.0,2022-07-20,https://inc42.com/buzz/exclusive-a16z-backed-bluestacks-lays-off-60-indian-employees/,48.0,Series C,2022-07-20 15:10:56,United States,,Unknown,4.110873864173311
Lyft,SF Bay Area,Transportation,60.0,2022-07-20,https://www.wsj.com/articles/lyft-lays-off-about-60-employees-folds-its-car-rentals-for-riders-11658340622,4900.0,Post-IPO,2022-07-20 18:27:36,United States,0.02,Unknown,4.110873864173311
Introhive,Ferdericton,Sales,57.0,2022-07-20,https://entrevestor.com/home/entry/introhive-lays-off-staff-braces-for-recession,125.0,Series C,2022-07-22 19:23:42,Canada,0.16,Unknown,4.060443010546419
Zencity,Tel Aviv,Other,30.0,2022-07-20,https://www.calcalistech.com/ctechnews/article/bysqkusnc,51.0,Unknown,2022-07-20 15:06:55,Israel,0.2,Unknown,3.4339872044851463
Splice,New York City,Media,23.0,2022-07-20,https://www.washingtonpost.com/business/2022/08/02/job-openings-labor-market-jolts/,159.0,Series D,2022-08-05 19:44:39,United States,,Unknown,3.1780538303479458
Forma.ai,Toronto,Sales,15.0,2022-07-20,Internal memo,58.0,Series B,2022-07-26 15:35:33,Canada,0.09,Unknown,2.772588722239781
Arc,SF Bay Area,HR,13.0,2022-07-20,https://www.linkedin.com/posts/weitingliu_today-i-shared-the-hard-news-about-the-difficult-activity-6955435904693878784-hl3J/,1.0,Seed,2022-07-21 14:27:19,United States,,Unknown,2.6390573296152584
Invitae,SF Bay Area,Healthcare,1000.0,2022-07-19,https://www.genomeweb.com/business-news/invitae-lay-over-1000-workers-amid-restructuring-leadership-transition#.YtbajOzMK8D,2000.0,Post-IPO,2022-07-19 16:23:50,United States,,Unknown,6.90875477931522
Olive,Columbus,Healthcare,450.0,2022-07-19,https://oliveai.com/important-changes-to-our-business,856.0,late_stage,2022-07-19 16:22:01,United States,0.31,Unknown,6.111467339502679
M1,Chicago,Finance,38.0,2022-07-19,Internal memo,323.0,Series E,2022-07-30 23:20:51,United States,,Unknown,3.6635616461296463
SellerX,Berlin,Retail,28.0,2022-07-19,https://sifted.eu/articles/layoffs-amazon-aggregators-downturn/,766.0,Unknown,2022-07-21 03:41:38,Germany,,Unknown,3.367295829986474
Stint,London,HR,28.0,2022-07-19,https://sifted.eu/articles/startup-tech-company-layoffs/,172.5,Unknown,2022-07-25 04:23:18,United Kingdom,0.2,Unknown,3.367295829986474
PACT Pharma,SF Bay Area,Healthcare,94.0,2022-07-18,https://www.fiercebiotech.com/biotech/personalized-cancer-therapy-biotech-pact-pharma-lets-go-nearly-100-staffers,200.0,Series C,2022-07-20 03:38:13,United States,,Unknown,4.553876891600541
Gemini,New York City,Crypto,68.0,2022-07-18,https://techcrunch.com/2022/07/18/crypto-exchange-gemini-executes-second-round-of-layoffs-less-than-two-months-after-axing-10-of-staff/,423.0,Unknown,2022-07-18 18:53:54,United States,0.07,Unknown,4.23410650459726
Lusha,New York City,Marketing,30.0,2022-07-18,https://www.calcalistech.com/ctechnews/article/rjqkrgx3q,245.0,Series B,2022-07-18 17:58:25,United States,0.1,Unknown,3.4339872044851463
Bright Money,Bengaluru,Finance,100.0,2022-07-15,https://www.outlookindia.com/business/sequoia-backed-bright-money-is-latest-start-up-to-hand-out-pink-slips-news-211290?,31.0,Series A,2022-07-22 23:50:07,India,0.5,Unknown,4.61512051684126
Project44,Chicago,Logistics,63.0,2022-07-15,https://www.freightwaves.com/news/project44-cuts-5-of-global-workforce-plans-for-engineering-first-focus,817.0,Unknown,2022-07-15 21:24:38,United States,0.05,Unknown,4.1588830833596715
Heroes,London,Retail,24.0,2022-07-15,https://www.businessinsider.com/amazon-rollup-heroes-quietly-laid-off-staff-2022-7,265.0,Unknown,2022-07-15 21:22:57,United States,0.2,Unknown,3.2188758248682006
Aspire,SF Bay Area,Marketing,23.0,2022-07-15,https://www.businessinsider.com/influencer-marketing-firm-aspire-lays-off-staffers-creator-economy-2022-7,27.0,Series A,2022-07-15 21:21:57,United States,,Unknown,3.1780538303479458
Zego,London,Finance,85.0,2022-07-14,https://coverager.com/layoffs-at-zego/,202.0,Series C,2022-07-14 19:33:06,United Kingdom,0.17,Unknown,4.454347296253507
The Mom Project,Chicago,HR,54.0,2022-07-14,https://www.linkedin.com/posts/the-mom-project_today-we-shared-the-difficult-news-with-activity-6953445024575475712-VHen/,115.0,Series C,2022-07-15 20:54:59,United States,0.15,Unknown,4.007333185232471
Unstoppable Domains,SF Bay Area,Crypto,42.0,2022-07-14,https://twitter.com/matthewegould/status/1547699609480286208,7.0,Series B,2022-07-26 21:55:43,United States,0.25,Unknown,3.7612001156935624
Kiavi,SF Bay Area,Real Estate,39.0,2022-07-14,https://www.housingwire.com/articles/fix-and-flip-lender-kiavi-lays-off-7-of-employees/,240.0,Series E,2022-07-22 23:52:42,United States,0.07,Unknown,3.6888794541139363
Wave,Dakar,Finance,300.0,2022-07-13,https://techcrunch.com/2022/07/13/wave-a-stripe-backed-african-fintech-valued-at-1-7-billion-cut-15-of-its-staff-in-june/,292.0,Series A,2022-07-13 14:48:52,Senegal,0.15,Unknown,5.707110264748875
Tonal,SF Bay Area,Fitness,262.0,2022-07-13,https://www.cnbc.com/2022/07/13/peloton-rival-tonal-cuts-jobs-ahead-of-possible-recession-ipo.html,450.0,Series E,2022-07-13 15:55:52,United States,0.35,Unknown,5.572154032177765
Fabric,New York City,Logistics,120.0,2022-07-13,https://techcrunch.com/2022/07/13/fabric-lays-off-40-of-staff-as-it-shifts-strategy-from-service-to-platform/,336.0,Series C,2022-07-13 14:52:58,United States,0.4,Unknown,4.795790545596741
Bryter,Berlin,Product,100.0,2022-07-13,https://twitter.com/pierre_vannier/status/1547311744837685249,89.0,Series B,2022-07-14 19:31:41,Germany,0.3,Unknown,4.61512051684126
ChowNow,Los Angeles,Food,100.0,2022-07-13,https://techcrunch.com/2022/07/13/signaling-tough-times-ahead-chownow-lays-off-employees/,64.0,Series C,2022-07-13 20:18:14,United States,0.2,Unknown,4.61512051684126
Involves,Florianópolis,Retail,70.0,2022-07-13,https://www.baguete.com.br/noticias/13/07/2022/involves-demite-18,23.0,Unknown,2022-07-20 03:40:55,Brazil,0.18,Unknown,4.2626798770413155
100 Thieves,Los Angeles,Consumer,12.0,2022-07-13,https://www.dexerto.com/esports/100-thieves-layoffs-social-content-teams-1870915/,120.0,Series C,2022-07-18 18:56:26,United States,,Unknown,2.5649493574615367
Nuro,SF Bay Area,Transportation,7.0,2022-07-13,https://www.therobotreport.com/nuro-lays-off-employees-in-texas-california-and-arizona/,2100.0,Series D,2022-07-16 13:57:13,United States,,Unknown,2.0794415416798357
Gopuff,Philadelphia,Food,1500.0,2022-07-12,https://www.bloomberg.com/news/articles/2022-07-12/gopuff-is-cutting-10-jobs-in-us-closing-warehouses-to-preserve-cash,3400.0,late_stage,2022-07-12 15:39:17,United States,0.1,Unknown,7.313886831633462
Fraazo,Mumbai,Food,150.0,2022-07-12,https://inc42.com/buzz/exclusive-fraazo-lays-off-150-employees-shuts-50-dark-stores/,63.0,Series B,2022-07-13 04:45:07,India,,Unknown,5.017279836814924
Babylon,London,Healthcare,100.0,2022-07-12,https://www.bloomberg.com/news/articles/2022-07-12/uk-health-app-babylon-plans-job-cuts-in-bid-to-slash-costs#xj4y7vzkg,1100.0,Post-IPO,2022-07-25 04:31:06,United Kingdom,,Unknown,4.61512051684126
Hubilo,SF Bay Area,Marketing,45.0,2022-07-12,https://inc42.com/buzz/hubilo-lays-off-12-workforce-as-physical-events-resume/,153.0,Series B,2022-07-13 21:45:35,United States,0.12,Unknown,3.828641396489095
Hopin,London,Other,242.0,2022-07-11,https://www.businessinsider.com/live-events-unicorn-startup-hopin-is-laying-off-tk-staff-2022-7?op=1&scrolla=5eb6d68b7fedc32c19ef33b4,1000.0,Series D,2022-07-11 17:12:44,United Kingdom,0.29,Unknown,5.493061443340548
Alice,Sao Paulo,Healthcare,63.0,2022-07-11,https://forbes.com.br/carreira/2022/07/healthtech-alice-demite-63-funcionarios/,174.0,Series C,2022-07-13 04:56:39,Brazil,,Unknown,4.1588830833596715
SundaySky,New York City,Marketing,24.0,2022-07-11,https://en.globes.co.il/en/article-clearhaven-partners-buys-israeli-co-sundaysky-1001417731,74.0,Series D,2022-07-11 23:30:22,United States,0.13,Unknown,3.2188758248682006
PuduTech,Shenzen,Other,1500.0,2022-07-08,https://www.therobotreport.com/reports-major-layoffs-at-pudu-robotics/,184.0,Series C,2022-08-04 03:46:38,China,,Unknown,7.313886831633462
Butler Hospitality,New York City,Food,1000.0,2022-07-08,https://techcrunch.com/2022/07/08/butler-shows-hundreds-of-employees-the-door-after-raising-50m-for-room-service-delivery/,50.0,Series B,2022-07-08 19:50:34,United States,1.0,Unknown,6.90875477931522
Calibrate,New York City,Healthcare,156.0,2022-07-08,https://news.bloomberglaw.com/capital-markets/health-startup-calibrate-cuts-24-of-workforce-in-restructuring,127.0,Series B,2022-07-18 18:58:55,United States,0.24,Unknown,5.056245805348308
Argo AI,Pittsburgh,Transportation,150.0,2022-07-07,https://techcrunch.com/2022/07/07/ford-vw-backed-argo-ai-lays-off-150-workers-slows-hiring/,3600.0,Unknown,2022-07-08 15:40:49,United States,0.05,Unknown,5.017279836814924
Next Insurance,SF Bay Area,Finance,150.0,2022-07-07,https://www.calcalistech.com/ctechnews/article/byybineic,881.0,Series E,2022-07-07 15:41:59,United States,0.17,Unknown,5.017279836814924
Adwerx,Durham,Marketing,40.0,2022-07-07,https://www.inman.com/2022/07/08/adwerx-lays-off-40-employees-as-company-slows-new-initiatives/,20.0,Unknown,2022-07-08 19:49:46,United States,,Unknown,3.713572066704308
Emotive,Los Angeles,Marketing,30.0,2022-07-07,https://dot.la/emotive-layoffs-2657628462.html,78.0,Series B,2022-07-08 15:47:10,United States,0.18,Unknown,3.4339872044851463
Remote,SF Bay Area,HR,100.0,2022-07-06,https://www.publico.pt/2022/07/06/economia/noticia/crise-chega-tecnologicas-portugal-remote-despede-9-2012650,496.0,Series C,2022-07-06 15:38:40,United States,0.09,Unknown,4.61512051684126
Shopify,Ottawa,Retail,50.0,2022-07-06,https://www.theglobeandmail.com/business/article-shopify-compensation-hiring-plans/,122.0,Post-IPO,2022-07-06 16:53:53,Canada,,Unknown,3.9318256327243257
Anodot,Tel Aviv,Data,35.0,2022-07-06,https://www.calcalistech.com/ctechnews/article/sypfe11ms5,64.0,Series C,2022-07-06 16:48:16,United States,0.27,Unknown,3.58351893845611
SQream,New York City,Data,30.0,2022-07-06,https://www.calcalistech.com/ctechnews/article/hyvmtrmo9,77.0,Series B,2022-07-06 16:45:44,United States,0.18,Unknown,3.4339872044851463
Anodot,Tel Aviv,Data,15.0,2022-07-06,https://www.calcalistech.com/ctechnews/article/sjy5hbre3,64.0,Series C,2023-05-08 15:19:50,United States,0.2,Unknown,2.772588722239781
Loft,Sao Paulo,Real Estate,384.0,2022-07-05,https://startups.com.br/noticias/loft-faz-segunda-rodada-de-demissoes-e-corta-mais-380/,788.0,Unknown,2022-07-05 17:11:08,Brazil,0.12,Unknown,5.953243334287785
Bizzabo,New York City,Marketing,120.0,2022-07-05,https://www.calcalistech.com/ctechnews/article/hysobwfi5,194.0,Series E,2022-07-06 04:30:18,United States,0.3,Unknown,4.795790545596741
eToro,Tel Aviv,Finance,100.0,2022-07-05,https://www.calcalistech.com/ctechnews/article/ryoxm611sc,322.0,Unknown,2022-07-05 17:06:43,Israel,0.06,Unknown,4.61512051684126
Verbit,New York City,Data,80.0,2022-07-05,https://www.calcalistech.com/ctechnews/article/bj4k0azi5,569.0,Series E,2022-07-05 17:08:11,United States,0.1,Unknown,4.394449154672439
Outschool,SF Bay Area,Education,31.0,2022-07-05,https://techcrunch.com/2022/07/05/outschool-which-raised-a-series-b-c-and-d-in-12-months-lays-off-18-of-workforce/,240.0,Series D,2022-07-05 19:15:37,United States,0.18,Unknown,3.4657359027997265
Bullish,Hong Kong,Crypto,30.0,2022-07-05,https://www.theblock.co/post/155859/bullish-com-cuts-jobs-crypto-exchange,300.0,Unknown,2022-07-15 20:52:32,Hong Kong,0.08,Unknown,3.4339872044851463
Transmit Security,Boston,Security,27.0,2022-07-05,https://www.themarker.com/technation/2022-07-05/ty-article/.premium/00000181-cd88-dd1b-a7d1-efffaa730000,583.0,Series A,2022-07-06 04:33:06,United States,0.07,Unknown,3.332204510175204
Thimble,New York City,Finance,20.0,2022-07-05,https://coverager.com/layoffs-at-thimble/,28.0,Series A,2022-07-06 04:35:01,United States,0.33,Unknown,3.044522437723423
Syte,Tel Aviv,Retail,13.0,2022-07-05,https://www.themarker.com/technation/2022-07-04/ty-article/.premium/00000181-ca01-d0be-a5e9-ff132aa30000,71.0,Series C,2022-07-05 17:12:49,Israel,0.08,Unknown,2.6390573296152584
Lightricks,Jerusalem,Consumer,80.0,2022-07-04,https://en.globes.co.il/en/article-app-developer-lightricks-lays-off-70-in-israel-1001417020,335.0,Series D,2022-07-04 15:36:25,Israel,0.12,Unknown,4.394449154672439
Chessable,London,Consumer,29.0,2022-07-04,https://dotesports.com/chess/news/chessbase-lays-off-29-employees-citing-new-economic-reality,0.0,Acquired,2022-07-13 21:48:10,United Kingdom,,Unknown,3.4011973816621555
Sendle,Sydney,Logistics,27.0,2022-07-04,https://www.afr.com/technology/australia-post-disruptor-sendle-airtasker-lead-in-tech-jobs-losses-20220701-p5aydb,69.0,Series C,2022-07-04 15:29:38,Australia,0.12,Unknown,3.332204510175204
Lendis,Berlin,Other,18.0,2022-07-04,https://www.businessinsider.de/gruenderszene/news/news-ticker-lendis-2022-07/,90.0,Series A,2022-07-07 15:36:54,Germany,0.15,Unknown,2.9444389791664403
Gorillas,Berlin,Food,540.0,2022-07-03,https://www.retailfood.it/index.php/2022/07/03/gorillas-flop-lascia-litalia/,1300.0,Series C,2022-07-06 04:23:35,Germany,,Unknown,6.293419278846481
Celsius,New York City,Crypto,150.0,2022-07-03,https://www.calcalistech.com/ctechnews/article/syvuxha99,864.0,Series B,2022-07-04 15:15:12,United States,0.25,Unknown,5.017279836814924
WanderJaunt,SF Bay Area,Travel,85.0,2022-07-01,https://shorttermrentalz.com/news/wanderjaunt-ceases-operations/#.Yr7oNfKExPA.twitter,26.0,Series B,2022-07-02 18:10:24,United States,1.0,Unknown,4.454347296253507
Canoo,Los Angeles,Transportation,58.0,2022-07-01,https://www.businessinsider.com/canoo-layoffs-production-goals-electric-vehicle-startup-2022-6,300.0,Post-IPO,2022-07-01 22:22:58,United States,0.06,Unknown,4.07753744390572
Bamboo Health,Louisville,Healthcare,52.0,2022-07-01,Internal memo,172.5,Unknown,2022-07-21 19:29:36,United States,,Unknown,3.970291913552122
Teleport,SF Bay Area,Infrastructure,15.0,2022-07-01,https://goteleport.com/blog/managing-downturn/,169.0,Series C,2022-07-02 18:09:16,United States,0.06,Unknown,2.772588722239781
Enjoy,SF Bay Area,Retail,400.0,2022-06-30,https://news.crunchbase.com/public/bankruptcy-enjoy-apple-ron-johnson/,310.0,Post-IPO,2022-06-30 21:43:20,United States,0.18,Unknown,5.993961427306569
Crejo.Fun,Bengaluru,Education,170.0,2022-06-30,https://inc42.com/buzz/exclusive-matrix-backed-edtech-startup-crejo-fun-shuts-down/,3.0,Seed,2022-07-01 04:10:53,India,1.0,Unknown,5.14166355650266
Stash Financial,New York City,Finance,40.0,2022-06-30,https://www.forbes.com/sites/jeffkauflin/2022/07/28/in-fintech-2022-is-becoming-the-year-of-layoffs/?sh=70ae2b0d20f3,480.0,Unknown,2022-10-26 04:31:47,United States,0.08,Unknown,3.713572066704308
Nate,New York City,Retail,30.0,2022-06-30,https://www.theinformation.com/articles/coatue-backed-shopping-startup-that-exaggerated-tech-capabilities-to-potential-investors-lays-off-20-of-staff,47.0,Series A,2022-06-30 21:34:34,United States,0.2,Unknown,3.4339872044851463
Snyk,Boston,Security,30.0,2022-06-30,https://snyk.io/blog/announcing-organizational-updates-to-better-serve-our-customers/,849.0,Series F,2022-07-01 04:20:29,United States,,Unknown,3.4339872044851463
Stream,Boulder,Product,20.0,2022-06-30,https://twitter.com/gergelyorosz/status/1542559097878466561?s=21&t=j_BKvp6OmyhkImXKMIPJIA,58.0,Series B,2022-07-01 04:24:10,United States,0.12,Unknown,3.044522437723423
Finleap Connect,Hamburg,Finance,14.0,2022-06-30,https://paymentandbanking.com/open-banking-anbieter-finleap-connect-vollzieht-wechsel-an-der-management-spitze/,22.0,Series A,2022-07-01 04:27:18,Germany,0.1,Unknown,2.70805020110221
Abra,SF Bay Area,Crypto,12.0,2022-06-30,https://www.theblock.co/post/155209/abra-becomes-latest-crypto-firm-to-cut-jobs,106.0,Series C,2022-07-01 04:15:24,United States,0.05,Unknown,2.5649493574615367
Toppr,Mumbai,Education,350.0,2022-06-29,https://inc42.com/buzz/after-whitehat-jr-byjus-owned-toppr-lays-off-350-employees/,112.0,Acquired,2022-06-30 02:46:03,India,,Unknown,5.860786223465865
Unity,SF Bay Area,Other,200.0,2022-06-29,https://kotaku.com/sources-unity-laying-off-hundreds-of-staffers-1849125482,1300.0,Post-IPO,2022-06-30 03:13:32,United States,0.04,Unknown,5.303304908059076
Niantic,SF Bay Area,Consumer,85.0,2022-06-29,https://www.bloomberg.com/news/articles/2022-06-29/pokemon-go-creator-niantic-cancels-four-projects-cuts-jobs#xj4y7vzkg,770.0,Series D,2022-06-29 21:56:42,United States,0.08,Unknown,4.454347296253507
AvantStay,Los Angeles,Travel,80.0,2022-06-29,https://skift.com/blog/avantstay-fires-a-significant-chunk-of-its-employee-roster/,811.0,Unknown,2022-06-30 19:20:10,United States,,Unknown,4.394449154672439
Qumulo,Seattle,Data,80.0,2022-06-29,https://www.geekwire.com/2022/seattle-startup-qumulo-lays-off-80-employees-ceo-cites-economic-conditions-and-reaching-profitability/,347.0,Series E,2022-06-30 02:47:04,United States,0.19,Unknown,4.394449154672439
Clutch,Toronto,Transportation,76.0,2022-06-29,https://betakit.com/clutch-cuts-staff-to-extend-runway-citing-market-conditions/,153.0,Series B,2022-06-30 02:52:24,Canada,0.22,Unknown,4.343805421853684
Parallel Wireless,Nashua,Infrastructure,60.0,2022-06-29,https://www.calcalist.co.il/calcalistech/article/skbud0tc9,8.0,Unknown,2022-06-30 02:54:56,United States,,Unknown,4.110873864173311
Oye Rickshaw,New Delhi,Transportation,40.0,2022-06-29,https://inc42.com/buzz/exclusive-matrix-partners-backed-oye-rickshaw-lays-off-40-employees/,13.0,Unknown,2022-07-01 04:25:58,India,0.2,Unknown,3.713572066704308
Rows,Berlin,Other,18.0,2022-06-29,https://eco.sapo.pt/2022/08/05/onda-de-despedimentos-nas-tech-chega-a-unicornio-talkdesk/,25.0,Series B,2022-08-05 19:42:13,Germany,0.3,Unknown,2.9444389791664403
Baton,SF Bay Area,Transportation,16.0,2022-06-29,https://www.freightwaves.com/news/digital-drop-freight-platform-baton-lays-off-25-of-workforce,13.0,Series A,2022-06-30 02:51:21,United States,0.25,Unknown,2.833213344056216
Substack,SF Bay Area,Media,13.0,2022-06-29,https://www.nytimes.com/2022/06/29/business/media/substack-layoffs.html,82.0,Series B,2022-06-29 20:26:06,United States,0.14,Unknown,2.6390573296152584
Huobi,Beijing,Crypto,300.0,2022-06-28,https://www.coindesk.com/business/2022/06/28/huobi-global-could-cut-over-30-workforce-as-china-crackdown-leads-to-fall-in-revenue/,2.0,Unknown,2022-06-29 03:50:20,China,0.3,Unknown,5.707110264748875
WhiteHat Jr,Mumbai,Education,300.0,2022-06-28,https://techcrunch.com/2022/06/28/byjus-unit-whitehat-jr-cuts-300-jobs/,11.0,Acquired,2022-06-29 03:42:53,India,,Unknown,5.707110264748875
StockX,Detroit,Retail,120.0,2022-06-28,https://www.theinformation.com/briefings/stockx-cuts-8-of-its-staff,690.0,Series E,2022-06-29 03:47:36,United States,0.08,Unknown,4.795790545596741
Sidecar Health,Los Angeles,Healthcare,110.0,2022-06-28,Internal memo,163.0,Series C,2022-07-18 18:00:08,United States,0.4,Unknown,4.709530201312334
StockX,Detroit,Retail,80.0,2022-06-28,https://www.complex.com/sneakers/stockx-layoffs-november-2022,690.0,Series E,2022-11-03 04:22:34,United States,,Unknown,4.394449154672439
Vezeeta,Dubai,Healthcare,50.0,2022-06-28,https://techcrunch.com/2022/06/28/egyptian-healthtech-startup-vezeeta-cuts-10-of-500-person-staff/?tpcc=tcplustwitter,71.0,Series D,2022-06-29 03:26:12,United Arab Emirates,0.1,Unknown,3.9318256327243257
Bright Machines,SF Bay Area,Data,30.0,2022-06-28,https://www.calcalist.co.il/calcalistech/article/rkkjpsuc5,250.0,Unknown,2022-06-29 03:36:51,Israel,0.08,Unknown,3.4339872044851463
HealthMatch,Sydney,Healthcare,18.0,2022-06-28,https://www.smh.com.au/business/entrepreneurship/i-m-heartbroken-wave-of-layoffs-begins-as-start-ups-fight-for-survival-20220628-p5ax6a.html,20.0,Series B,2022-06-29 03:55:52,Australia,0.5,Unknown,2.9444389791664403
AppLovin,SF Bay Area,Marketing,300.0,2022-06-27,https://www.bizjournals.com/sanjose/news/2022/06/29/applovin-lays-off-300-workers-report.html,1600.0,Post-IPO,2022-06-28 04:27:51,United States,0.12,Unknown,5.707110264748875
UiPath,New York City,Data,210.0,2022-06-27,https://www.cnbc.com/2022/06/27/uipath-to-cut-5percent-of-its-workforce-as-part-of-restructuring-plan.html,2000.0,Post-IPO,2022-06-27 23:50:08,United States,0.05,Unknown,5.351858133476067
Udaan,Bengaluru,Retail,180.0,2022-06-27,https://inc42.com/buzz/exclusive-b2b-ecommerce-unicorn-udaan-lays-off-180-employees/,1500.0,Unknown,2022-06-28 04:19:44,India,0.04,Unknown,5.198497031265826
Cue,San Diego,Healthcare,170.0,2022-06-27,https://www.genomeweb.com/business-news/cue-health-lay-170-people#.YrpDa-zML9t,999.0,Post-IPO,2022-06-27 23:55:59,United States,,Unknown,5.14166355650266
Banxa,Melbourne,Crypto,70.0,2022-06-27,https://decrypt.co/103891/australian-crypto-firm-banxa-cut-staff-30-citing-another-crypto-winter,13.0,Post-IPO,2022-06-28 04:16:56,Australia,0.3,Unknown,4.2626798770413155
SafeGraph,SF Bay Area,Data,27.0,2022-06-27,https://www.safegraph.com/blog/setting-up-safegraph-for-a-prosperous-future,61.0,Series B,2022-06-28 04:28:48,United States,0.25,Unknown,3.332204510175204
Postscript,SF Bay Area,Marketing,43.0,2022-06-26,https://twitter.com/ringmybeller/status/1541154423065427972,106.0,Series C,2022-06-25 16:34:05,United States,,Unknown,3.784189633918261
Bitpanda,Vienna,Crypto,270.0,2022-06-24,https://brutkasten.com/bitpanda-kuendigungen/,546.0,Series C,2022-06-24 16:27:26,Austria,0.27,Unknown,5.602118820879701
Sunday,Atlanta,Finance,90.0,2022-06-24,https://www.lesechos.fr/start-up/ecosysteme/la-fintech-sunday-coupe-dans-ses-effectifs-1415671,124.0,Series A,2022-06-28 04:23:32,United States,0.23,Unknown,4.51085950651685
Bestow,Dallas,Finance,41.0,2022-06-24,https://coverager.com/layoffs-at-bestow/,137.0,Series C,2022-06-27 23:53:17,United States,0.14,Unknown,3.7376696182833684
Ethos Life,SF Bay Area,Finance,40.0,2022-06-24,https://www.coverager.com/ethos-lays-off-40-employees/,406.0,Series D,2022-06-26 02:39:42,United States,0.12,Unknown,3.713572066704308
Netflix,SF Bay Area,Media,300.0,2022-06-23,https://www.cnbc.com/2022/06/23/netflix-lays-off-300-more-employees-as-revenue-growth-continues-to-slow.html,121900.0,Post-IPO,2022-06-23 19:35:36,United States,0.03,Unknown,5.707110264748875
Aura,Boston,Security,70.0,2022-06-23,https://www.bankinfosecurity.com/aura-lays-off-70-staff-after-raising-350m-over-past-year-a-19448,500.0,Series F,2022-06-25 23:05:37,United States,0.09,Unknown,4.2626798770413155
Pipl,Spokane,Security,22.0,2022-06-23,https://en.globes.co.il/en/article-fake-profile-finder-pipl-firing-22-hiring-50-1001416113,19.0,Unknown,2022-06-23 14:59:19,United States,0.13,Unknown,3.1354942159291497
Vouch,SF Bay Area,Finance,15.0,2022-06-23,Internal memo,159.0,Series C,2022-06-23 23:48:04,United States,0.07,Unknown,2.772588722239781
Voyage SMS,Los Angeles,Marketing,8.0,2022-06-23,https://dot.la/voyage-fires-staffers-downturn-continues-2657548730.html,10.0,Unknown,2022-06-30 02:58:16,United States,0.13,Unknown,2.1972245773362196
MasterClass,SF Bay Area,Education,120.0,2022-06-22,https://techcrunch.com/2022/06/22/masterclass-cuts-20-of-600-person-staff-to-get-to-self-sustainability-faster/,461.0,Series E,2022-06-23 03:57:08,United States,0.2,Unknown,4.795790545596741
IronNet,Washington D.C.,Security,90.0,2022-06-22,https://www.crn.com/news/security/ironnet-lays-off-35-percent-of-staff-raises-going-concern-red-flag,410.0,Post-IPO,2022-09-17 14:34:04,United States,0.35,Unknown,4.51085950651685
Bungalow,SF Bay Area,Real Estate,70.0,2022-06-22,Internal memo,171.0,Series C,2022-06-23 04:10:48,United States,,Unknown,4.2626798770413155
IronNet,Washington D.C.,Security,55.0,2022-06-22,https://ir.ironnet.com/financials/all-sec-filings##document-520-0001193125-22-180852-1,410.0,Post-IPO,2022-06-25 00:16:32,United States,0.17,Unknown,4.02535169073515
Sprinklr,New York City,Support,50.0,2022-06-22,https://www.businessinsider.com/sprinklr-layoff-marketing-department-martech-2022-7,429.0,Post-IPO,2022-06-26 02:41:14,United States,,Unknown,3.9318256327243257
Superpedestrian,Boston,Transportation,35.0,2022-06-22,https://techcrunch.com/2022/06/22/superpedestrian-voi-among-the-latest-micromobility-layoffs/,261.0,Series C,2022-06-23 04:01:42,United States,0.07,Unknown,3.58351893845611
Voi,Stockholm,Transportation,35.0,2022-06-22,https://www.voiscooters.com/blog/increased-focus-on-profitability/,515.0,Series D,2022-06-23 03:58:30,United States,0.1,Unknown,3.58351893845611
Balto,St. Louis,Sales,30.0,2022-06-22,https://www.bizjournals.com/stlouis/inno/stories/news/2022/06/22/software-startup-balto-lays-off-about-30-employees.html,51.0,Series B,2022-06-23 04:13:07,United States,,Unknown,3.4339872044851463
Ritual,Toronto,Food,23.0,2022-06-22,https://www.linkedin.com/feed/update/urn:li:activity:6945414597742903297/,134.0,Series C,2022-06-23 04:03:46,Canada,0.16,Unknown,3.1780538303479458
Ebanx,Curitiba,Finance,340.0,2022-06-21,https://www.reuters.com/technology/brazils-ebanx-lays-off-20-employees-cuts-sweep-tech-sector-2022-06-21/,460.0,Series B,2022-06-22 03:39:31,Brazil,0.2,Unknown,5.831882477283517
TaskUs,Los Angeles,Support,52.0,2022-06-21,Internal memo,279.0,Post-IPO,2022-06-22 03:58:25,United States,0.0,Unknown,3.970291913552122
Community,Los Angeles,Marketing,40.0,2022-06-21,https://www.businessinsider.com/creator-celeb-text-messaging-platform-community-has-layoffs-2022-6,40.0,Unknown,2022-06-22 03:44:30,United States,0.3,Unknown,3.713572066704308
Sourcegraph,SF Bay Area,Product,24.0,2022-06-21,https://newsletter.pragmaticengineer.com/p/the-scoop-15,248.0,Series D,2022-06-23 20:59:56,United States,0.08,Unknown,3.2188758248682006
Bybit,Singapore,Crypto,600.0,2022-06-20,https://techcrunch.com/2022/06/20/bybit-crypto-exchange-joins-the-the-list-of-companies-cutting-staff/,172.5,Unknown,2022-06-22 03:41:17,Singapore,0.3,Unknown,6.398594934535208
SummerBio,SF Bay Area,Healthcare,101.0,2022-06-20,https://www.bizjournals.com/sanfrancisco/inno/stories/news/2022/06/20/covid-testing-startup-summerbio-is-cutting-jobs.html,7.0,Unknown,2022-06-22 03:34:01,United States,1.0,Unknown,4.624972813284271
Trax,Singapore,Retail,100.0,2022-06-20,https://en.globes.co.il/en/article-retail-analytics-co-trax-laying-off-over-100-1001415644,1000.0,Series E,2022-06-21 03:18:53,Singapore,0.12,Unknown,4.61512051684126
Aqgromalin,Chennai,Food,80.0,2022-06-20,https://inc42.com/buzz/exclusive-sequoia-backed-aqgromalin-lays-off-30-workforce/,12.0,Unknown,2022-06-21 03:31:03,India,0.3,Unknown,4.394449154672439
Bonsai,Toronto,Retail,30.0,2022-06-20,https://betakit.com/torontos-bonsai-lays-off-staff-for-second-time-in-two-months/,27.0,Series A,2022-06-21 03:21:24,Canada,0.55,Unknown,3.4339872044851463
Brighte,Sydney,Energy,30.0,2022-06-20,https://www.startupdaily.net/topic/fintech/renewables-fintech-brighte-powers-down-shedding-15-of-its-team/,145.0,Series C,2022-06-21 03:34:28,Australia,0.15,Unknown,3.4339872044851463
CityMall,Gurugram,Retail,191.0,2022-06-19,https://techcrunch.com/2022/06/19/indias-citymall-cuts-191-jobs-following-75-million-fundraise-in-late-march/,112.0,Series C,2022-06-19 18:38:54,India,0.3,Unknown,5.2574953720277815
BitOasis,Dubai,Crypto,9.0,2022-06-19,https://www.reuters.com/markets/rates-bonds/middle-east-focused-crypto-firm-bitoasis-cuts-jobs-amid-sector-turmoil-2022-06-19/,30.0,Series B,2022-06-21 03:32:42,United Arab Emirates,0.05,Unknown,2.302585092994046
Unacademy,Bengaluru,Education,150.0,2022-06-18,https://www.moneycontrol.com/news/business/startup/softbank-backed-unacademy-lays-off-another-150-employees-8703281.html,838.0,late_stage,2022-06-19 17:09:34,India,0.03,Unknown,5.017279836814924
Bytedance,Shanghai,Consumer,150.0,2022-06-17,https://www.bloomberg.com/news/articles/2022-06-17/bytedance-disbands-shanghai-games-studio-in-expansion-setback#xj4y7vzkg,9400.0,Unknown,2022-06-17 16:28:13,China,,Unknown,5.017279836814924
Socure,Reno,Finance,69.0,2022-06-17,https://www.forbes.com/sites/jeffkauflin/2022/06/17/high-flying-unicorn-socure-lays-off-13-of-staff-as-troubles-in-fintech-spread/?sh=527a320b606c,646.0,Series E,2022-06-18 20:20:17,United States,0.13,Unknown,4.248495242049359
Finite State,Columbus,Security,16.0,2022-06-17,https://www.bizjournals.com/columbus/inno/stories/news/2022/06/17/startup-finite-state-layoffs.html,49.0,Series B,2022-06-18 16:20:59,United States,0.2,Unknown,2.833213344056216
JOKR,New York City,Food,50.0,2022-06-16,https://techcrunch.com/2022/06/16/jokr-grocery-delivery-leaving-us-latin-america/,430.0,Series B,2022-06-19 18:40:46,United States,0.05,Unknown,3.9318256327243257
Zumper,SF Bay Area,Real Estate,45.0,2022-06-16,https://therealdeal.com/2022/06/16/zumper-slashes-15-of-staff/,178.0,Series D,2022-06-16 15:31:29,United States,0.15,Unknown,3.828641396489095
PharmEasy,Mumbai,Healthcare,40.0,2022-06-16,https://inc42.com/buzz/ipo-bound-pharmeasy-lays-off-40-employees-from-docon/,1600.0,Unknown,2022-06-17 03:06:34,India,,Unknown,3.713572066704308
Swappie,Helsinki,Retail,250.0,2022-06-15,https://swappie.com/fi/blogi/viesti-swappien-toimitusjohtajalta/,169.0,Series C,2022-06-15 23:03:52,Finland,0.17,Unknown,5.5254529391317835
Wealthsimple,Toronto,Finance,159.0,2022-06-15,https://www.piquenewsmagazine.com/national-business/wealthsimple-to-layoff-13-of-staff-amid-market-volatility-5481248,900.0,Unknown,2022-06-15 16:52:33,Canada,0.13,Unknown,5.075173815233827
Weee!,SF Bay Area,Food,150.0,2022-06-15,https://www.businessinsider.com/softbank-backed-grocer-weee-laid-off-10-percent-of-its-staff-amid-a-slowdown-in-online-grocery-2022-6,863.0,Series E,2022-06-19 17:18:46,United States,0.1,Unknown,5.017279836814924
Notarize,Boston,Legal,110.0,2022-06-15,https://www.bizjournals.com/boston/news/2022/06/15/notarize-cuts-25-of-staff-in-latest-tech-layoff.html,213.0,Series D,2022-06-16 02:44:57,United States,0.25,Unknown,4.709530201312334
Elementor,Tel Aviv,Media,60.0,2022-06-15,https://en.globes.co.il/en/article-elementor-begins-laying-off-15-of-workforce-1001415176,65.0,Unknown,2022-06-15 22:59:42,Israel,0.15,Unknown,4.110873864173311
Tonkean,SF Bay Area,Other,23.0,2022-06-15,https://www.themarker.com/technation/ty-article/.premium/00000181-6871-dedd-ab9f-e9ff49480000,83.0,Series B,2022-06-15 23:19:03,United States,0.23,Unknown,3.1780538303479458
Airtame,Copenhagen,Consumer,15.0,2022-06-15,Internal memo,7.0,Unknown,2022-06-16 04:08:41,Denmark,,Unknown,2.772588722239781
OpenWeb,Tel Aviv,Media,14.0,2022-06-15,https://en.globes.co.il/en/article-openweb-announces-streamlining-plan-including-layoffs-1001415224,223.0,Series E,2022-06-15 22:17:08,Israel,0.05,Unknown,2.70805020110221
Swyft,Toronto,Logistics,10.0,2022-06-15,https://www.theglobeandmail.com/business/technology/article-shopify-backed-ecommerce-delivery-startup-swyft-latest-canadian-tech/,20.0,Series A,2022-06-15 15:15:38,Canada,0.3,Unknown,2.3978952727983707
Coinbase,SF Bay Area,Crypto,1100.0,2022-06-14,https://www.cnbc.com/2022/06/14/coinbase-lays-off-18percent-as-execs-prepare-for-recession-crypto-winter.html,549.0,Post-IPO,2022-06-14 14:26:40,United States,0.18,Unknown,7.00397413672268
Redfin,Seattle,Real Estate,470.0,2022-06-14,https://www.streetinsider.com/dr/news.php?id=20212223&gfv=1,319.0,Post-IPO,2022-06-14 16:40:23,United States,0.08,Unknown,6.154858094016418
Compass,New York City,Real Estate,450.0,2022-06-14,https://www.bloomberg.com/news/articles/2022-06-14/compass-to-cut-about-10-of-workforce-amid-us-housing-slowdown#xj4y7vzkg,1600.0,Post-IPO,2022-06-14 16:41:15,United States,0.1,Unknown,6.111467339502679
Sami,Sao Paulo,Healthcare,75.0,2022-06-14,https://braziljournal.com/sami-demite-15-para-conter-queima-de-caixa/,36.0,Unknown,2022-06-14 21:58:47,Brazil,0.15,Unknown,4.330733340286331
Breathe,New Delhi,Healthcare,50.0,2022-06-14,https://inc42.com/buzz/accel-backed-breathe-well-being-lays-off-50-employees/,6.0,Series A,2022-06-16 02:53:53,India,0.33,Unknown,3.9318256327243257
Hunty,Bogota,HR,30.0,2022-06-14,https://www.bloomberglinea.com/english/colombian-startups-addi-hunty-confirm-layoffs-as-merqueo-exits-mexico,6.0,Seed,2022-06-15 14:27:17,Colombia,,Unknown,3.4339872044851463
TIFIN,Boulder,Crypto,24.0,2022-06-14,https://www.axios.com/pro/fintech-deals/2022/06/14/coinbases-layoffs-hiring-freeze,204.0,Series D,2022-06-15 14:46:13,United States,0.1,Unknown,3.2188758248682006
BlockFi,New York City,Crypto,250.0,2022-06-13,https://blockfi.com/a-message-from-our-founders,1000.0,Series E,2022-06-13 16:19:56,United States,0.2,Unknown,5.5254529391317835
Wave Sports and Entertainment,Los Angeles,Media,56.0,2022-06-13,https://dot.la/wave-sports-entertainment-layoffs-2657504206.html,65.0,Series B,2022-06-16 02:55:47,United States,0.33,Unknown,4.04305126783455
Studio,SF Bay Area,Education,33.0,2022-06-13,Internal memo,50.0,Series B,2022-06-14 14:48:08,United States,0.4,Unknown,3.5263605246161616
Crypto.com,Singapore,Crypto,260.0,2022-06-10,https://blockworks.co/crypto-com-cutting-5-of-workforce-amid-digital-asset-downturn/,156.0,Unknown,2022-06-11 16:06:48,Singapore,0.05,Unknown,5.564520407322694
FarEye,New Delhi,Logistics,250.0,2022-06-10,https://inc42.com/buzz/exclusive-dragoneer-backed-fareye-lays-off-250-employees/,150.0,Series E,2022-06-10 18:55:02,India,0.3,Unknown,5.5254529391317835
Berlin Brands Group,Berlin,Retail,100.0,2022-06-10,https://www.startbase.com/news/berlin-brands-group-entlaesst-fast-100-mitarbeiter/,1000.0,Unknown,2022-06-21 03:15:48,Germany,0.1,Unknown,4.61512051684126
Sanar,Sao Paulo,Healthcare,60.0,2022-06-10,"https://www.terra.com.br/noticias/tecnologia/inovacao/startup-de-medicina-sanar-demite-60-e-pega-funcionarios-de-surpresa,313ce3bfb0f7ebdf601130784b3e8f5fjpp13hkv.html",11.0,Unknown,2022-06-11 15:52:31,Brazil,0.2,Unknown,4.110873864173311
Freetrade,London,Finance,45.0,2022-06-10,https://www.altfi.com/article/9362_exclusive-freetrade-announces-job-cuts-of-up-to-15-of-staff,133.0,Unknown,2022-06-10 14:27:39,United Kingdom,0.15,Unknown,3.828641396489095
Albert,Los Angeles,Finance,20.0,2022-06-10,https://dot.la/albert-fintech-layoffs-2657493613.html50,175.0,Series C,2022-06-11 16:05:02,United States,0.08,Unknown,3.044522437723423
OneTrust,Atlanta,Security,950.0,2022-06-09,https://www.onetrust.com/blog/onetrust-organizational-update/,926.0,Series C,2022-06-10 04:14:42,United States,0.25,Unknown,6.85751406254539
Stitch Fix,SF Bay Area,Retail,330.0,2022-06-09,https://www.cnbc.com/2022/06/09/stitch-fix-is-laying-off-15percent-of-its-salaried-employees-internal-memo-says.html,79.0,Post-IPO,2022-06-09 19:49:32,United States,0.15,Unknown,5.802118375377063
Daniel Wellington,Stockholm,Retail,200.0,2022-06-09,https://www.breakit.se/artikel/33347/stora-nedskarningar-pa-daniel-wellington-200-personer-sags-upp,172.5,Unknown,2022-07-25 04:27:46,Sweden,0.15,Unknown,5.303304908059076
Convoy,Seattle,Logistics,90.0,2022-06-09,https://www.geekwire.com/2022/convoy-which-just-raised-260m-lays-off-7-of-workforce-in-latest-tech-startup-cuts/,1100.0,Series E,2022-06-10 04:13:41,United States,0.07,Unknown,4.51085950651685
Hologram,Chicago,Infrastructure,80.0,2022-06-09,LinkedIn,82.0,Series B,2022-06-09 15:24:49,United States,0.4,Unknown,4.394449154672439
Boozt,Malmo,Retail,70.0,2022-06-09,https://www.breakit.se/artikel/33353/sparpaket-pa-boozt-efter-vinstsmallen-sager-upp-personal,56.0,Post-IPO,2022-07-25 04:26:21,Sweden,0.05,Unknown,4.2626798770413155
The Grommet,Boston,Retail,40.0,2022-06-09,https://www.bizjournals.com/boston/news/2022/06/09/the-grommet-layoffs-employees.html,5.0,Acquired,2022-06-10 18:59:24,United States,1.0,Unknown,3.713572066704308
Stashaway,Singapore,Finance,31.0,2022-06-09,https://www.techinasia.com/stashaway-lays-off-staff,61.0,Series D,2022-06-09 19:57:23,Singapore,0.14,Unknown,3.4657359027997265
Preply,Boston,Education,26.0,2022-06-09,Internal memo,100.0,Series C,2022-06-10 04:21:55,United States,0.05,Unknown,3.295836866004329
Sonder,SF Bay Area,Travel,250.0,2022-06-08,Internal memo,839.0,Post-IPO,2022-06-09 03:25:16,United States,0.21,Unknown,5.5254529391317835
Kavak,Sao Paulo,Transportation,150.0,2022-06-08,"https://www.terra.com.br/amp/noticias/tecnologia/inovacao/startup-kavak-demite-150-no-rio-e-em-sao-paulo,5cd47d831e523a86ead7e9b2cb92b9dcg9xp78y3.html",1600.0,Series E,2022-06-09 19:00:48,Brazil,,Unknown,5.017279836814924
Truepill,SF Bay Area,Healthcare,150.0,2022-06-08,https://medium.com/truepill-insights/a-message-from-truepill-ceo-sid-viswanathan-9973660e2d8,255.0,Series D,2022-06-10 04:24:53,United States,0.15,Unknown,5.017279836814924
iPrice Group,Kuala Lumpur,Retail,50.0,2022-06-08,https://www.techinasia.com/malaysias-iprice-group-sacks-20-employees,26.0,Unknown,2022-06-30 03:04:06,Malaysia,0.2,Unknown,3.9318256327243257
Cazoo,London,Transportation,750.0,2022-06-07,https://news.sky.com/story/car-retailer-cazoo-to-cut-750-jobs-after-inflation-hit-12629350,2000.0,Post-IPO,2022-06-07 15:27:46,United Kingdom,0.15,Unknown,6.621405651764134
Cazoo,London,Transportation,750.0,2022-06-07,https://sifted.eu/articles/cazoo-layoffs-european-union/,2000.0,Post-IPO,2022-09-09 01:46:48,United Kingdom,0.15,Unknown,6.621405651764134
Rupeek,Bengaluru,Finance,180.0,2022-06-07,https://www.moneycontrol.com/news/business/startup/gold-loan-platform-rupeek-lays-off-over-180-of-its-employees-8653571.html,172.0,Unknown,2022-06-07 15:23:18,India,0.15,Unknown,5.198497031265826
Lummo,Jakarta,Marketing,150.0,2022-06-07,https://www.moneycontrol.com/news/business/startup/jeff-bezos-sequoia-capital-backed-saas-startup-lummo-lays-off-50-60-employees-from-its-bengaluru-office-8663251.html,149.0,Series C,2022-06-10 04:31:45,Indonesia,,Unknown,5.017279836814924
Bird,Los Angeles,Transportation,138.0,2022-06-07,Internal memo,783.0,Post-IPO,2022-06-07 16:49:14,United States,0.23,Unknown,4.9344739331306915
ID.me,Washington D.C.,Security,130.0,2022-06-07,https://www.businessinsider.com/idme-identity-verification-irs-unemployment-facial-recognition-staff-layoffs-economy-2022-6,275.0,Unknown,2022-06-08 02:24:03,United States,,Unknown,4.875197323201151
KiwiCo,SF Bay Area,Retail,40.0,2022-06-07,Internal memo,11.0,Unknown,2022-06-17 03:04:37,United States,,Unknown,3.713572066704308
Clearco,Toronto,Finance,60.0,2022-06-06,https://techcrunch.com/2022/08/30/clearco-cuts-international-staff-as-it-retracts-presence-announces-new-partner/,681.0,Series C,2022-08-30 22:47:26,Canada,,Unknown,4.110873864173311
Dutchie,Bend,Other,50.0,2022-06-06,https://www.geekwire.com/2022/dutchie-lays-off-7-of-workforce-citing-dramatic-market-shift-in-latest-cannabis-tech-company-cuts/,603.0,Series D,2022-06-07 00:40:23,United States,0.07,Unknown,3.9318256327243257
Eruditus,Mumbai,Education,40.0,2022-06-04,https://inc42.com/buzz/softbank-backed-edtech-unicorn-eruditus-trims-workforce-lays-off-40-employees/,1200.0,Series E,2022-06-06 00:46:19,India,,Unknown,3.713572066704308
Afterverse,Brasilia,Consumer,60.0,2022-06-03,https://neofeed.com.br/blog/home/o-jogo-virou-afterverse-empresa-de-games-da-movile-corta-ate-60-funcionarios/,172.5,Unknown,2023-01-21 00:45:40,Brazil,0.2,Unknown,4.110873864173311
Superhuman,SF Bay Area,Consumer,23.0,2022-06-03,https://www.businessinsider.com/superhuman-email-startup-lays-off-22-percent-staff-2022-6,108.0,Series C,2022-06-03 21:55:38,United States,0.22,Unknown,3.1780538303479458
Food52,New York City,Food,21.0,2022-06-03,https://www.adweek.com/media/food52-lays-off-15-of-its-staff-in-a-second-round-of-cuts/,176.0,Acquired,2022-06-07 00:46:50,United States,0.15,Unknown,3.091042453358316
Carbon Health,SF Bay Area,Healthcare,250.0,2022-06-02,https://www.forbes.com/sites/katiejennings/2022/06/02/healthtech-unicorn-carbon-health-lays-off-250-employees/,522.0,Series D,2022-06-02 16:32:32,United States,0.08,Unknown,5.5254529391317835
Favo,Sao Paulo,Food,170.0,2022-06-02,https://exame.com/negocios/de-malas-prontas-startup-favo-deixa-o-brasil-e-demite-170-funcionarios/,31.0,Series A,2022-06-02 23:44:23,Brazil,,Unknown,5.14166355650266
PolicyGenius,New York City,Finance,170.0,2022-06-02,https://techcrunch.com/2022/06/02/insurtech-policygenius-cuts-25-of-staff-less-than-3-months-after-raising-125m/,286.0,Series E,2022-06-02 19:58:37,United States,0.25,Unknown,5.14166355650266
Yojak,Gurugram,Construction,140.0,2022-06-02,https://inc42.com/buzz/info-edge-backed-yojak-lays-off-around-140-employees/,3.0,Seed,2022-06-05 21:38:19,India,0.5,Unknown,4.948759890378168
Envato,Melbourne,Marketing,100.0,2022-06-02,https://www.smartcompany.com.au/technology/envato-redundancy-business-restructuring/,172.5,Unknown,2022-06-02 20:30:21,Australia,,Unknown,4.61512051684126
Gemini,New York City,Crypto,100.0,2022-06-02,https://www.bloomberg.com/news/articles/2022-06-02/winklevoss-twins-gemini-slashes-staff-10-on-crypto-slump,423.0,Unknown,2022-06-02 16:45:39,United States,0.1,Unknown,4.61512051684126
Stord,Atlanta,Logistics,59.0,2022-06-02,https://www.businessinsider.com/stord-layoffs-supply-chain-tech-startup-after-raising-120-million-2022-6,325.0,Series D,2022-06-03 17:55:16,United States,0.08,Unknown,4.0943445622221
Gather,SF Bay Area,Consumer,30.0,2022-06-02,https://www.forbes.com/sites/kenrickcai/2022/07/08/gather-town-layoffs-virtual-office-startup-june-2022/?sh=2ca5ac9d4748,76.0,Series B,2022-06-16 02:47:14,United States,0.33,Unknown,3.4339872044851463
Shef,SF Bay Area,Food,29.0,2022-06-02,Internal memo,28.0,Series A,2022-06-03 22:21:40,United States,,Unknown,3.4011973816621555
IRL,SF Bay Area,Consumer,25.0,2022-06-02,https://techcrunch.com/2022/06/02/irl-layoffs-abraham-shafi-social-media/,197.0,Series C,2022-06-02 20:29:40,United States,0.25,Unknown,3.258096538021482
TomTom,Amsterdam,Transportation,500.0,2022-06-01,https://www.businessinsider.com/tomtom-gps-navigation-tech-layoffs-employees-maps-unit-2022-6,426.0,Post-IPO,2023-01-24 23:00:51,Netherlands,0.1,Unknown,6.2166061010848646
Cybereason,Boston,Security,100.0,2022-06-01,https://www.calcalistech.com/ctechnews/article/s1zg60v005,750.0,Series F,2022-06-01 15:45:50,United States,0.06,Unknown,4.61512051684126
Udayy,Gurugram,Education,100.0,2022-06-01,https://www.moneycontrol.com/news/business/startup/info-edge-backed-edtech-startup-udayy-shuts-down-lays-off-all-employees-8621551.html,2.0,Seed,2022-06-01 15:41:15,India,1.0,Unknown,4.61512051684126
2TM,Sao Paulo,Crypto,90.0,2022-06-01,"https://www.terra.com.br/noticias/tecnologia/2tm-dono-do-mercado-bitcoin-demite-90-funcionarios,9ce67613ba7b79292f03bc2027ceb77e9uw5hy0w.html",250.0,Unknown,2022-06-02 03:21:30,Brazil,0.12,Unknown,4.51085950651685
Curve,London,Finance,65.0,2022-06-01,https://www.altfi.com/article/9332_exclusive-curve-joins-klarna-in-mass-jobs-cut,182.0,Series C,2022-06-02 18:07:38,United Kingdom,0.1,Unknown,4.189654742026425
Loom,SF Bay Area,Product,34.0,2022-06-01,https://techcrunch.com/2022/06/01/a16z-backed-loom-video-layoffs/,203.0,Series C,2022-06-01 23:34:42,United States,0.14,Unknown,3.5553480614894135
Skillshare,New York City,Education,31.0,2022-06-01,Internal memo,136.0,Unknown,2022-06-09 19:53:41,United States,,Unknown,3.4657359027997265
Impala,London,Travel,30.0,2022-06-01,https://newsletter.pragmaticengineer.com/p/the-scoop-13,32.0,Series B,2022-06-10 19:14:58,United Kingdom,0.35,Unknown,3.4339872044851463
Eaze,SF Bay Area,Consumer,25.0,2022-06-01,https://www.businessinsider.com/cannabis-tech-startup-eaze-laid-off-employees-2022-6,202.0,Series D,2022-06-02 21:37:58,United States,,Unknown,3.258096538021482
Playtika,Tel Aviv,Consumer,250.0,2022-05-31,https://en.globes.co.il/en/article-israeli-mobile-games-co-playtika-to-lay-off-250-1001413811,426.0,Post-IPO,2022-05-31 15:22:20,Israel,0.06,Unknown,5.5254529391317835
Replicated,Los Angeles,Infrastructure,50.0,2022-05-31,https://www.replicated.com/blog/a-message-from-replicateds-ceo/,85.0,Series C,2022-06-01 15:49:26,United States,,Unknown,3.9318256327243257
Tomo,Stamford,Finance,44.0,2022-05-31,https://www.businessinsider.com/purchase-mortgage-company-tomo-lays-off-staff-housing-market-slows-2022-5,110.0,Series A,2022-06-01 00:56:27,United States,0.33,Unknown,3.8066624897703196
Getta,Tel Aviv,Transportation,30.0,2022-05-31,https://www.themarker.com/technation/2022-05-31/ty-article/.premium/00000181-18d2-d57f-afc1-b8d762210000,49.0,Series A,2022-06-01 01:03:29,Israel,,Unknown,3.4339872044851463
BookClub,Salt Lake City,Education,12.0,2022-05-31,Internal memo,26.0,Series A,2022-06-06 21:00:48,United States,0.25,Unknown,2.5649493574615367
SWVL,Dubai,Transportation,400.0,2022-05-30,https://techcrunch.com/2022/05/30/swvl-plans-to-lay-off-32-of-its-team-two-months-after-going-public/,132.0,Post-IPO,2022-05-31 02:08:09,United Arab Emirates,0.32,Unknown,5.993961427306569
Mobile Premier League,Bengaluru,Consumer,100.0,2022-05-30,https://www.moneycontrol.com/news/business/startup/exclusive-mobile-premier-league-to-lay-off-100-employees-exit-indonesia-market-8603881.html,375.0,Series E,2022-05-31 15:17:13,India,0.1,Unknown,4.61512051684126
SumUp,Sao Paulo,Finance,100.0,2022-05-30,https://financefwd.com/de/sumup-entlassungen-brasilien/,50.0,Unknown,2022-05-31 15:20:31,Brazil,0.03,Unknown,4.61512051684126
FrontRow,Bengaluru,Education,145.0,2022-05-27,https://inc42.com/buzz/exclusive-lightspeed-backed-frontrow-lays-off-145-employees-cut-cost/,17.0,Series A,2022-05-31 02:05:53,India,0.3,Unknown,4.983606621708336
Daloopa,New Delhi,Data,40.0,2022-05-27,https://www.moneycontrol.com/news/business/daloopa-lays-off-40-employees-noida-8620121.html,23.0,Series A,2022-06-02 03:23:54,India,,Unknown,3.713572066704308
Uncapped,London,Finance,29.0,2022-05-27,https://sifted.eu/articles/startup-tech-company-layoffs/,118.0,Unknown,2022-05-28 00:11:03,United Kingdom,0.26,Unknown,3.4011973816621555
VTEX,Sao Paulo,Retail,200.0,2022-05-26,https://www.bloomberglinea.com.br/2022/05/26/inverno-chegou-unicornios-vtex-e-bitso-fazem-demissao-em-massa/,365.0,Post-IPO,2022-05-27 03:23:38,Brazil,0.13,Unknown,5.303304908059076
Bitso,Mexico City,Crypto,80.0,2022-05-26,https://www.coindesk.com/business/2022/05/26/top-latin-american-crypto-exchange-bitso-lays-off-80-employees/,378.0,Series C,2022-05-27 03:27:22,Mexico,0.11,Unknown,4.394449154672439
Foodpanda,Bucharest,Food,80.0,2022-05-26,https://sifted.eu/articles/glovo-foodpanda-layoffs/,749.0,Acquired,2022-05-28 00:12:23,Romania,,Unknown,4.394449154672439
Dazn,London,Consumer,50.0,2022-05-26,https://deadline.com/2022/05/dazn-50-roles-redundant-london-1235033389/,172.5,Unknown,2022-06-11 04:02:04,United Kingdom,0.02,Unknown,3.9318256327243257
Lacework,SF Bay Area,Security,300.0,2022-05-25,https://twitter.com/GergelyOrosz/status/1529575067117658112,1900.0,Series D,2022-05-25 23:03:03,United States,0.2,Unknown,5.707110264748875
Bolt,SF Bay Area,Finance,240.0,2022-05-25,https://www.forbes.com/sites/kenrickcai/2022/05/25/checkout-startup-bolt-lays-off-more-than-200-people-or-at-least-25-of-its-staff/?sh=1789cd092201,1300.0,Series E,2022-05-25 17:57:59,United States,0.27,Unknown,5.484796933490655
PeerStreet,Los Angeles,Finance,75.0,2022-05-25,Internal memo,121.0,Series C,2022-05-28 15:59:34,United States,,Unknown,4.330733340286331
Kontist,Berlin,Finance,50.0,2022-05-25,https://financefwd.com/de/kontist-entlassungen/,53.0,Series B,2022-05-25 13:51:39,Germany,0.25,Unknown,3.9318256327243257
Nuri,Berlin,Finance,45.0,2022-05-25,https://www.handelsblatt.com/finanzen/banken-versicherungen/banken/fintech-berliner-neobank-nuri-streicht-jede-fuenfte-stelle/28373716.html,42.0,Series B,2022-05-25 13:50:45,Germany,0.2,Unknown,3.828641396489095
Coterie Insurance,Cincinnati,Finance,30.0,2022-05-25,https://www.bizjournals.com/cincinnati/inno/stories/news/2022/05/27/cincinnati-tech-startup-coterie-cuts-downs.html,70.0,Series B,2022-05-27 03:49:06,United States,0.2,Unknown,3.4339872044851463
Gorillas,Berlin,Food,300.0,2022-05-24,https://www.theverge.com/2022/5/24/23139272/gorillas-on-demand-grocery-delivery-app-lays-off-employees-hq,1300.0,Series C,2022-05-24 15:00:36,Germany,0.5,Unknown,5.707110264748875
Zenius,Jakarta,Education,200.0,2022-05-24,https://www.cnnindonesia.com/ekonomi/20220524142448-92-800561/zenius-phk-lebih-dari-200-karyawan,20.0,Series B,2022-05-25 03:28:33,Indonesia,,Unknown,5.303304908059076
The Zebra,Austin,Finance,40.0,2022-05-24,https://coverager.com/layoffs-at-the-zebra/,256.0,Series D,2022-05-25 03:33:25,United States,,Unknown,3.713572066704308
Klarna,Stockholm,Finance,700.0,2022-05-23,https://www.di.se/digital/sparpaket-pa-klarna-sparkar-10-procent-av-alla-anstallda/,3700.0,Unknown,2022-05-23 15:56:45,Sweden,0.1,Unknown,6.55250788703459
PayPal,SF Bay Area,Finance,83.0,2022-05-23,https://www.bizjournals.com/sanjose/news/2022/05/23/paypal-lays-off-83-workers-from-san-jose-hq.html,216.0,Post-IPO,2022-05-26 03:02:05,United States,,Unknown,4.430816798843313
Buenbit,Buenos Aires,Crypto,80.0,2022-05-23,https://www.coindesk.com/business/2022/05/24/argentinian-crypto-exchange-buenbit-cuts-45-of-staff-due-to-tech-industry-downturn/,11.0,Series A,2022-05-25 13:53:51,Argentina,0.45,Unknown,4.394449154672439
BeyondMinds,Tel Aviv,Data,65.0,2022-05-23,https://en.globes.co.il/en/article-beyondminds-shuts-down-lays-off-65-1001412743,16.0,Series A,2022-05-23 16:02:53,Israel,1.0,Unknown,4.189654742026425
ClickUp,San Diego,Other,60.0,2022-05-23,https://www.protocol.com/bulletins/clickup-layoff-productivity-app,537.0,Series C,2022-05-25 03:21:27,United States,0.07,Unknown,4.110873864173311
Airtime,New York City,Consumer,30.0,2022-05-23,Internal memo,33.0,Series B,2022-08-17 18:42:08,United States,0.2,Unknown,3.4339872044851463
MFine,Bengaluru,Healthcare,600.0,2022-05-21,https://inc42.com/buzz/exclusive-healthtech-startup-mfine-fires-600-employees/,97.0,Series C,2022-05-22 01:06:19,India,0.75,Unknown,6.398594934535208
Latch,New York City,Security,130.0,2022-05-20,https://www.globenewswire.com/news-release/2022/05/20/2447915/0/en/Latch-resets-cost-structure.html,342.0,Post-IPO,2022-05-21 21:28:06,United States,0.28,Unknown,4.875197323201151
Outside,Boulder,Media,87.0,2022-05-20,https://www.adweek.com/media/outside-inc-lays-off-15-of-staff-as-it-transitions-to-digital/,174.0,Series B,2022-05-22 01:47:59,United States,0.15,Unknown,4.477336814478207
Skillz,SF Bay Area,Consumer,70.0,2022-05-20,https://techcrunch.com/2022/05/20/startup-tech-layoff-may-week-3/,287.0,Post-IPO,2022-05-21 21:16:09,United States,0.1,Unknown,4.2626798770413155
Cars24,Gurugram,Transportation,600.0,2022-05-19,https://entrackr.com/2022/05/softbank-backed-cars24-lays-off-600-employees/,1300.0,late_stage,2022-05-19 14:39:55,India,0.06,Unknown,6.398594934535208
Vedantu,Bengaluru,Education,424.0,2022-05-18,https://economictimes.indiatimes.com/tech/startups/vedantu-says-it-is-laying-off-another-424-employees/articleshow/91636698.cms,292.0,Series E,2022-05-18 15:48:04,India,0.07,Unknown,6.052089168924417
Netflix,SF Bay Area,Media,150.0,2022-05-17,https://www.cnbc.com/2022/05/17/netflix-lays-off-150-employees-as-the-streaming-service-contends-with-big-subscriber-losses.html,121900.0,Post-IPO,2022-05-17 18:58:36,United States,0.01,Unknown,5.017279836814924
Kry,Stockholm,Healthcare,100.0,2022-05-17,https://www.di.se/digital/sparpaket-pa-kry-varslar-100-personer/,568.0,Series D,2022-05-17 14:22:08,Sweden,0.1,Unknown,4.61512051684126
Picsart,Miami,Consumer,90.0,2022-05-17,https://www.theinformation.com/articles/picsart-a-photo-editing-startup-for-creators-cuts-8-of-workforce,195.0,Series C,2022-05-17 22:26:00,United States,0.08,Unknown,4.51085950651685
Zak,Sao Paulo,Food,100.0,2022-05-16,https://www.baguete.com.br/noticias/16/05/2022/zak-demite-40-da-equipe,29.0,Series A,2022-05-17 19:49:10,United States,0.4,Unknown,4.61512051684126
AliExpress Russia,Moscow,Retail,400.0,2022-05-14,https://asia.nikkei.com/Politics/Ukraine-war/Alibaba-s-Russian-venture-slashes-40-of-staff-amid-Ukraine-war,60.0,Acquired,2022-05-14 01:12:19,Russia,0.4,Unknown,5.993961427306569
Thirty Madison,New York City,Healthcare,24.0,2022-05-14,https://usanewsweb.com/hybrid-clinic-thirty-madison-lays-off-24-folks-after-nurx-merger/,209.0,Acquired,2022-05-16 05:01:42,United States,,Unknown,3.2188758248682006
CommonBond,New York City,Finance,22.0,2022-05-13,https://www.linkedin.com/feed/update/urn:li:activity:6930967047673708544/,130.0,Series D,2022-05-25 20:55:18,United States,,Unknown,3.1354942159291497
Zwift,Los Angeles,Fitness,150.0,2022-05-12,https://www.dcrainmaker.com/2022/05/zwift-cancels-smart-bike-hardware-plans-announces-significant-layoffs.html,619.0,Series C,2022-05-12 14:35:37,United States,,Unknown,5.017279836814924
Section4,New York City,Education,32.0,2022-05-12,https://techcrunch.com/2022/05/12/professor-scott-galloways-edtech-startup-section-4-lay-offs/,37.0,Series A,2022-05-12 23:29:41,United States,,Unknown,3.4965075614664802
DataRobot,Boston,Data,70.0,2022-05-11,https://www.theinformation.com/briefings/ai-startup-datarobot-lays-off-7-in-cost-cutting-move,1000.0,late_stage,2022-05-11 17:48:05,United States,0.07,Unknown,4.2626798770413155
Carvana,Phoenix,Transportation,2500.0,2022-05-10,https://techcrunch.com/2022/05/10/carvana-to-cut-2500-staff-as-it-struggles-with-overcapacity/,1600.0,Post-IPO,2022-05-10 15:35:42,United States,0.12,Unknown,7.824445930877619
Doma,SF Bay Area,Finance,310.0,2022-05-10,https://www.housingwire.com/articles/doma-lays-off-15-of-work-force-as-q1-revenue-declines/,679.0,Post-IPO,2022-05-12 17:23:03,United States,0.15,Unknown,5.739792912179234
Pollen,London,Travel,200.0,2022-05-10,https://newsletter.pragmaticengineer.com/p/the-scoop-11?s=w,238.0,Series C,2022-05-20 00:32:35,United Kingdom,0.33,Unknown,5.303304908059076
Latch,New York City,Security,30.0,2022-05-10,https://techcrunch.com/2022/05/13/startup-tech-layoff-and-hiring-freeze-in-may/,342.0,Post-IPO,2022-05-12 01:19:13,United States,0.06,Unknown,3.4339872044851463
Meero,Paris,Other,350.0,2022-05-09,https://www.challenges.fr/entreprise/la-licorne-meero-le-uber-de-la-photo-a-licencie-pres-de-50-de-ses-effectifs_812527,293.0,Series C,2023-03-04 00:53:09,France,0.5,Unknown,5.860786223465865
Vroom,New York City,Transportation,270.0,2022-05-09,https://www.marketwatch.com/amp/story/vroom-names-shortt-as-ceo-amid-business-realignment-shares-up-after-hours-271652132516,1300.0,Post-IPO,2022-05-10 02:49:25,United States,0.14,Unknown,5.602118820879701
Reef,Miami,Transportation,750.0,2022-05-06,https://www.restaurantbusinessonline.com/technology/reef-lay-5-workforce,1500.0,Unknown,2022-05-06 21:36:17,United States,0.05,Unknown,6.621405651764134
divvyDOSE,Davenport,Healthcare,62.0,2022-05-06,https://qctimes.com/business/local/online-pharmacy-that-said-it-would-add-200-300-jobs-lays-off-62-davenport-workers/article_15603279-2b4e-5f43-b452-123c5fd3f7a9.html,0.0,Acquired,2022-05-14 01:17:43,United States,,Unknown,4.143134726391533
Vedantu,Bengaluru,Education,200.0,2022-05-05,https://economictimes.indiatimes.com/tech/startups/edtech-unicorn-vedantu-lays-off-200-employees/articleshow/91346831.cms,292.0,Series E,2022-05-07 13:51:07,India,0.03,Unknown,5.303304908059076
Progrexion,Salt Lake City,Finance,100.0,2022-05-05,https://news.crunchbase.com/job-market/progrexion-lays-off-workers/,202.0,Acquired,2023-04-19 04:29:55,United States,,Unknown,4.61512051684126
Mural,SF Bay Area,Product,90.0,2022-05-05,LinkedIn,192.0,Series C,2022-05-06 17:01:46,United States,0.1,Unknown,4.51085950651685
On Deck,SF Bay Area,Education,72.0,2022-05-05,https://techcrunch.com/2022/05/05/on-deck-lay-off-accelerator/,20.0,Series A,2022-05-05 18:40:03,United States,0.25,Unknown,4.290459441148391
SEND,Sydney,Food,300.0,2022-05-04,https://www.smartcompany.com.au/finance/delivery-startup-send-collapses/,3.0,Seed,2022-05-09 02:01:50,Australia,1.0,Unknown,5.707110264748875
Colossus,Boston,Energy,97.0,2022-05-04,Company exec,41.0,Series A,2022-05-12 01:16:08,United States,,Unknown,4.584967478670572
Cameo,Chicago,Consumer,87.0,2022-05-04,https://www.theinformation.com/articles/cameo-a-celebrity-shoutout-app-lays-off-25-of-workforce,165.0,Unknown,2022-05-04 23:34:16,United States,0.25,Unknown,4.477336814478207
Mainstreet,SF Bay Area,Finance,45.0,2022-05-04,https://www.businessinsider.com/mainstreet-lays-off-third-of-employees-market-conditions-2022-5,64.0,Series A,2022-05-05 14:43:11,United States,0.3,Unknown,3.828641396489095
Ideoclick,Seattle,Retail,40.0,2022-05-04,https://www.bizjournals.com/seattle/news/2022/05/04/ideoclick-discloses-40-layoffs.html,7.0,Series A,2022-05-09 01:57:34,United States,,Unknown,3.713572066704308
Vise,New York City,Finance,25.0,2022-05-04,https://citywireusa.com/registered-investment-advisor/news/vise-lays-off-sales-staff-as-part-of-strategy-shift/a2386682,128.0,Series C,2022-05-04 23:38:20,United States,,Unknown,3.258096538021482
Avo,Tel Aviv,Food,500.0,2022-05-01,https://en.globes.co.il/en/article-israeli-grocery-delivery-co-avo-lays-off-500-1001410720,45.0,Series B,2022-05-02 23:33:56,Israel,0.67,Unknown,6.2166061010848646
Noom,New York City,Healthcare,495.0,2022-04-29,https://www.engadget.com/noom-reported-layoffs-101346556.html,657.0,Series F,2022-05-02 23:56:13,United States,,Unknown,6.206575926724928
Domestika,SF Bay Area,Education,150.0,2022-04-28,https://www.epe.es/es/economia/20220428/domestika-tecnologica-despidos-ere-encubierto-13576187,130.0,Series D,2022-07-25 04:25:21,United States,0.19,Unknown,5.017279836814924
Netflix,SF Bay Area,Media,25.0,2022-04-28,https://www.thewrap.com/netflix-layoffs-tudum-site-marketing-department/,121900.0,Post-IPO,2022-05-12 01:21:49,United States,,Unknown,3.258096538021482
Wahoo Fitness,Atlanta,Fitness,50.0,2022-04-27,https://road.cc/content/news/wahoo-buys-rgt-cyclingand-lays-50-staff-292273,172.5,Unknown,2022-06-19 17:08:11,United States,,Unknown,3.9318256327243257
Robinhood,SF Bay Area,Finance,340.0,2022-04-26,https://www.cnbc.com/2022/04/26/robinhood-cutting-about-9percent-of-full-time-employees.html,5600.0,Post-IPO,2022-04-26 20:57:19,United States,0.09,Unknown,5.831882477283517
Bonsai,Toronto,Retail,29.0,2022-04-26,https://betakit.com/bonsai-lays-off-a-third-of-employees-shortly-after-21-million-series-a-citing-shift-to-growth-strategy/,27.0,Series A,2022-06-21 03:27:57,Canada,0.34,Unknown,3.4011973816621555
Sigfox,Toulouse,Other,64.0,2022-04-25,https://www.lightreading.com/iot/sigfox-takeover-saddles-unabiz-with-heavy-baggage/d/d-id/777022,277.0,Acquired,2023-02-23 22:33:19,France,,Unknown,4.174387269895637
Clyde,New York City,Marketing,22.0,2022-04-25,https://docs.google.com/spreadsheets/d/1jWyr1oko2FKvofXRRIgCu3tTKlNdnqXj7Qyr1oy-OAE/edit,58.0,Series B,2022-05-11 03:08:18,United States,,Unknown,3.1354942159291497
Xiaohongshu,Shanghai,Consumer,180.0,2022-04-21,https://www.reuters.com/technology/chinas-xiaohongshu-kicks-off-staff-layoffs-source-2022-04-21/,917.0,Series E,2022-04-23 02:47:32,China,0.09,Unknown,5.198497031265826
Facily,Sao Paulo,Retail,260.0,2022-04-20,https://startups.com.br/noticias/brazilian-e-commerce-firm-facily-slashes-workforce-by-30/,502.0,Series D,2022-04-27 23:14:32,Brazil,0.3,Unknown,5.564520407322694
Lemonade,New York City,Finance,52.0,2022-04-20,https://coverager.com/layoffs-at-lemonade/,481.0,Post-IPO,2022-05-28 00:15:36,United States,,Unknown,3.970291913552122
Blend,SF Bay Area,Finance,200.0,2022-04-19,https://www.housingwire.com/articles/blend-lays-off-200-workers-as-mortgage-industry-sputters/,665.0,Post-IPO,2022-04-20 03:20:02,United States,0.1,Unknown,5.303304908059076
QuintoAndar,Sao Paulo,Real Estate,160.0,2022-04-19,https://aimgroup.com/2022/04/19/quintoandar-lays-off-4-its-workforce/,755.0,Series E,2022-04-24 03:25:19,Brazil,0.04,Unknown,5.081404364984463
Loft,Sao Paulo,Real Estate,159.0,2022-04-19,https://thegoaspotlight.com/2022/04/19/loft-lays-off-159-employees-to-reorganize-credit-area/,788.0,Unknown,2022-04-24 03:27:19,Brazil,,Unknown,5.075173815233827
Humble,SF Bay Area,Media,10.0,2022-04-15,https://www.gamedeveloper.com/business/humble-lays-off-employees-in-ecommerce-restructuring,4.0,Acquired,2022-06-14 14:59:06,United States,,Unknown,2.3978952727983707
Ahead,SF Bay Area,Healthcare,44.0,2022-04-14,https://www.bloomberg.com/news/articles/2022-04-14/online-adhd-medication-startup-ahead-is-shutting-down?sref=yLCixKPR,9.0,Unknown,2022-04-15 22:56:14,United States,1.0,Unknown,3.8066624897703196
Rad Power Bikes,Seattle,Transportation,100.0,2022-04-12,https://www.geekwire.com/2022/rad-power-bikes-lays-off-100-employees-about-14-of-staff-after-raising-304m-last-year/,329.0,Series D,2022-05-05 23:38:15,United States,0.14,Unknown,4.61512051684126
Meesho,Bengaluru,Retail,150.0,2022-04-11,https://inc42.com/buzz/meesho-layoffs-150-employees-fired-by-softbank-backed-unicorn/,1100.0,Series F,2022-04-15 22:53:15,India,,Unknown,5.017279836814924
Food52,New York City,Food,20.0,2022-04-08,https://www.businessinsider.com/food52-layoffs-employees-shocked-chernin-group-investment-2022-4,176.0,Acquired,2022-05-07 23:29:58,United States,0.1,Unknown,3.044522437723423
Unacademy,Bengaluru,Education,1000.0,2022-04-07,https://economictimes.indiatimes.com/tech/startups/unacademy-lays-off-around-1000-employees-as-edtech-major-begins-a-massive-cost-cutting-exercise/articleshow/90703708.cms,838.0,late_stage,2022-04-07 15:30:40,India,0.17,Unknown,6.90875477931522
Goodfood,Calgary,Food,70.0,2022-04-07,https://thelogic.co/news/exclusive/meal-kit-pioneer-goodfood-goes-through-another-round-of-staff-cuts-amid-struggles-with-supply-chain-inflation/,16.0,Post-IPO,2022-08-11 13:34:04,Canada,,Unknown,4.2626798770413155
Workrise,Austin,Energy,450.0,2022-04-05,https://techcrunch.com/2022/04/05/workrise-cuts-staff-verticals-after-being-valued-at-2-9b-last-year/,752.0,Series E,2022-03-25 18:50:54,United States,,Unknown,6.111467339502679
BitMEX,Non-U.S.,Crypto,75.0,2022-04-04,https://www.theblockcrypto.com/post/140412/bitmex-lays-off-75-employees-after-bank-acquisition-collapses,0.0,Seed,2022-04-05 00:02:46,Seychelles,0.25,Unknown,4.330733340286331
Legible,Vancouver,Media,23.0,2022-04-04,https://betakit.com/in-effort-to-cut-costs-cse-listed-legible-lays-off-over-a-third-of-its-employees/,3.0,Post-IPO,2022-04-15 23:02:12,Canada,0.38,Unknown,3.1780538303479458
Lightico,Tel Aviv,Finance,20.0,2022-03-31,https://www.calcalistech.com/ctechnews/article/bydwq4phj,42.0,Series B,2023-02-07 04:09:53,Israel,,Unknown,3.044522437723423
Sea,Bengaluru,Retail,350.0,2022-03-30,https://www.techinasia.com/shopee-indias-over-300-staff-lurch-checks-out-country,8600.0,Post-IPO,2022-03-30 22:01:10,India,,Unknown,5.860786223465865
Rasa,Berlin,Data,59.0,2022-03-30,https://www.businessinsider.de/gruenderszene/business/exklusiv-massenentlassungen-rasa-andreessen-horowitz-ki/,40.0,Series B,2022-03-30 22:05:26,Germany,0.4,Unknown,4.0943445622221
Gopuff,Philadelphia,Food,450.0,2022-03-29,https://www.theinformation.com/articles/gopuff-plans-hundreds-of-layoffs-to-cut-40-million-in-costs,3400.0,late_stage,2022-03-30 15:13:26,United States,0.03,Unknown,6.111467339502679
Thinkific,Vancouver,Education,100.0,2022-03-29,https://betakit.com/following-2021-losses-thinkific-to-lay-off-100-employees/,22.0,Post-IPO,2022-03-30 03:34:47,Canada,0.2,Unknown,4.61512051684126
Furlenco,Bengaluru,Retail,180.0,2022-03-26,https://inc42.com/buzz/exclusive-furlenco-lays-off-180-employees-in-push-for-automation/,228.0,Series D,2022-03-28 03:21:06,India,,Unknown,5.198497031265826
Storytel,Stockholm,Media,100.0,2022-03-17,https://www.svt.se/kultur/storytel-pausar-planen-om-varldsherravalde-pa-ljudboksmarknaden,275.0,Post-IPO,2022-05-17 14:26:25,Sweden,0.1,Unknown,4.61512051684126
Curology,SF Bay Area,Healthcare,150.0,2022-03-16,https://www.bizjournals.com/sanfrancisco/news/2022/03/16/curology-skincare-sf-layoffs-funding-dtc.html,19.0,Series D,2022-03-18 02:55:37,United States,,Unknown,5.017279836814924
Trell,Bengaluru,Retail,300.0,2022-03-15,https://www.businesstoday.in/entrepreneurship/news/story/amidst-face-off-between-investors-co-founders-trell-may-lay-off-300-employees-326399-2022-03-17,62.0,Series B,2022-05-07 13:47:23,India,0.5,Unknown,5.707110264748875
Knock,New York City,Real Estate,115.0,2022-03-15,https://www.bloomberg.com/news/articles/2022-03-15/startup-knock-scraps-plans-to-go-public-lays-off-half-its-staff,654.0,Unknown,2022-03-17 15:04:14,United States,0.46,Unknown,4.7535901911063645
Better.com,New York City,Real Estate,3000.0,2022-03-08,https://www.nytimes.com/2022/03/08/business/better-mortgage-lender-layoffs.html,905.0,Unknown,2022-03-09 00:46:57,United States,0.33,Unknown,8.006700845440367
Adaptive Biotechnologies,Seattle,Healthcare,100.0,2022-03-08,https://www.geekwire.com/2022/adaptive-biotechnologies-lays-off-about-100-people-12-of-headcount-to-streamline-our-workforce/,406.0,Post-IPO,2022-05-29 17:59:11,United States,0.12,Unknown,4.61512051684126
Hyperscience,New York City,Data,100.0,2022-03-03,https://www.theinformation.com/articles/automation-firm-hyperscience-slashes-staff-loses-ceo-as-startups-face-growing-pressure,289.0,Series E,2022-03-04 00:14:26,United States,0.25,Unknown,4.61512051684126
WeDoctor,Non-U.S.,Healthcare,500.0,2022-03-02,https://www.bloomberg.com/news/articles/2022-03-03/wedoctor-is-said-to-cut-workforce-after-delay-in-going-public,1400.0,Series F,2022-03-05 17:03:33,China,,Unknown,6.2166061010848646
Wish,SF Bay Area,Retail,190.0,2022-03-01,https://www.marketwatch.com/story/wish-stock-dives-as-holiday-sales-miss-layoffs-planned-11646170199,1600.0,Post-IPO,2022-05-14 01:20:14,United States,0.15,Unknown,5.25227342804663
OKCredit,New Delhi,Finance,30.0,2022-02-24,https://inc42.com/buzz/tiger-global-backed-okcredit-lays-off-around-40-employees/,85.0,Series B,2022-02-26 15:42:46,India,,Unknown,3.4339872044851463
Lido,Mumbai,Education,150.0,2022-02-21,https://inc42.com/buzz/edtech-startup-lido-lays-off-over-150-employees-just-5-months-after-raising-10-mn/,24.0,Series A,2022-02-22 02:46:22,India,,Unknown,5.017279836814924
Virgin Hyperloop,Los Angeles,Transportation,111.0,2022-02-21,https://www.ft.com/content/d87f77bd-0a0a-4512-b983-197f184f5352,368.0,Unknown,2022-02-22 15:59:44,United States,0.5,Unknown,4.718498871295094
Trustly,Stockholm,Finance,120.0,2022-02-17,https://igamingbusiness.com/trustly-to-lay-off-120-as-it-increases-account-to-account-focus/,28.0,Acquired,2022-05-17 14:25:37,Sweden,,Unknown,4.795790545596741
Liv Up,Sao Paulo,Food,100.0,2022-02-16,https://startups.com.br/noticias/liv-up-faz-reestruturacao-e-corta-15-do-quadro/,118.0,Series D,2022-04-27 23:17:35,Brazil,0.15,Unknown,4.61512051684126
Homie,Salt Lake City,Real Estate,119.0,2022-02-14,https://www.deseret.com/utah/2022/2/14/22933350/utah-real-esate-homie-cuts-staff-amid-roiled-real-estate-market-record-home-prices-low-inventory,35.0,Series B,2022-02-11 21:07:58,United States,0.29,Unknown,4.787491742782046
Hopin,London,Other,138.0,2022-02-10,https://techcrunch.com/2022/02/10/virtual-events-platform-hopin-cuts-12-of-staff-citing-goal-of-sustainable-growth/,1000.0,Series D,2022-02-11 01:18:28,United States,0.12,Unknown,4.9344739331306915
Daily Harvest,New York City,Food,60.0,2022-02-10,https://www.bloomberg.com/news/articles/2023-02-10/meal-startup-daily-harvest-layoffs-target-more-than-20-of-staff#xj4y7vzkg,120.0,Series D,2023-02-10 23:53:09,United States,0.2,Unknown,4.110873864173311
Peloton,New York City,Fitness,2800.0,2022-02-08,https://techcrunch.com/2022/02/08/peloton-ceo-steps-down-as-the-company-cuts-2800-jobs/,1900.0,Post-IPO,2022-02-08 17:08:53,United States,0.2,Unknown,7.937731775260109
Rhino,New York City,Real Estate,57.0,2022-02-03,https://therealdeal.com/2022/02/03/proptech-startup-rhino-lays-off-over-20-of-its-staff/,133.0,Unknown,2022-02-04 23:08:49,United States,0.2,Unknown,4.060443010546419
Gopuff,Philadelphia,Food,100.0,2022-01-26,https://www.businessinsider.com/gopuff-eliminates-about-100-jobs-control-costs-before-potential-ipo-2022-1,3400.0,late_stage,2022-02-04 16:58:47,United States,,Unknown,4.61512051684126
Glossier,New York City,Consumer,80.0,2022-01-26,https://techcrunch.com/2022/01/26/glossier-just-laid-off-one-third-of-its-corporate-employees-mostly-in-tech/,266.0,Series E,2022-01-26 21:48:14,United States,0.33,Unknown,4.394449154672439
Root Insurance,Columbus,Finance,330.0,2022-01-20,https://coverager.com/root-lays-off-a-significant-number-of-employees/,527.0,Post-IPO,2022-01-23 22:09:42,United States,,Unknown,5.802118375377063
Delivery Hero,Berlin,Food,300.0,2021-12-22,https://www.businessinsider.de/gruenderszene/food/nach-foodpanda-aus-delivery-hero-kuendigt-300-mitarbeitern-b/,8300.0,Post-IPO,2021-12-30 21:33:38,Germany,,Unknown,5.707110264748875
Better.com,New York City,Real Estate,900.0,2021-12-01,https://techcrunch.com/2021/12/01/better-com-lays-off-9-of-its-staff/,905.0,Unknown,2021-12-01 23:06:04,United States,0.09,Unknown,6.803505257608338
BitTitan,Seattle,Data,70.0,2021-11-18,https://www.seattletimes.com/business/seventy-set-for-layoffs-at-bellevue-startup-bittitan/,46.0,Acquired,2021-11-20 16:32:47,United States,0.27,Unknown,4.2626798770413155
Zillow,Seattle,Real Estate,2000.0,2021-11-02,https://www.geekwire.com/2021/zillow-shutter-home-buying-business-lay-off-2k-employees-big-real-estate-bet-falters/,97.0,Post-IPO,2021-11-02 21:18:59,United States,0.25,Unknown,7.601402334583733
InVision,New York City,Product,22.0,2021-10-05,Internal memo,356.0,Unknown,2022-05-07 21:49:53,United States,,Unknown,3.1354942159291497
Zymergen,SF Bay Area,Other,120.0,2021-09-23,https://www.bizjournals.com/sanfrancisco/news/2021/09/23/zymergen-job-cuts-synthetic-biology-hyaline.html,974.0,Post-IPO,2021-09-25 18:10:28,United States,,Unknown,4.795790545596741
Treehouse,Portland,Education,41.0,2021-09-14,https://www.oregonlive.com/silicon-forest/2021/09/online-coding-school-treehouse-formerly-based-in-portland-lays-off-most-of-its-staff.html,12.0,Series B,2021-10-27 15:12:11,United States,0.9,Unknown,3.7376696182833684
Tanium,Seattle,Security,30.0,2021-08-30,https://www.businessinsider.com/tanium-layoffs-senior-product-marketing-2021-8,1000.0,Unknown,2022-06-07 02:42:05,United States,,Unknown,3.4339872044851463
Flockjay,SF Bay Area,Education,37.0,2021-08-24,https://techcrunch.com/2021/08/24/flockjay-cuts-at-least-half-of-its-workforce-as-it-pivots-away-from-bootcamps-into-b2b-saas/,14.0,Series A,2021-08-24 20:41:13,United States,0.5,Unknown,3.6375861597263857
Bytedance,Shanghai,Consumer,1800.0,2021-08-05,https://www.reuters.com/world/china/bytedance-lay-off-staff-close-businesses-over-china-tutoring-clampdown-sources-2021-08-05/,9400.0,Unknown,2021-08-05 19:34:20,China,,Unknown,7.496097345175956
Pagarbook,Bengaluru,HR,80.0,2021-07-26,https://inc42.com/buzz/sequoia-backed-pagarbook-lays-off-around-80-employees/,17.0,Series A,2021-07-29 23:27:46,India,,Unknown,4.394449154672439
Katerra,SF Bay Area,Construction,2434.0,2021-06-01,https://therealdeal.com/2021/06/01/troubled-construction-startup-katerra-will-shut-down-report/,1600.0,Unknown,2021-06-01 19:36:52,United States,1.0,Unknown,7.79770203551669
Lambda School,SF Bay Area,Education,65.0,2021-04-29,https://techcrunch.com/2021/04/29/lambda-school-lays-off-65-employees-amid-restructuring/,122.0,Series C,2021-04-30 04:52:47,United States,,Unknown,4.189654742026425
Patreon,SF Bay Area,Media,36.0,2021-04-26,https://www.youtube.com/watch?v=MV-3GgU6rlo,165.0,Series D,2021-04-29 16:27:02,United States,,Unknown,3.6109179126442243
New Relic,SF Bay Area,Infrastructure,160.0,2021-04-06,https://siliconangle.com/2021/04/06/new-relic-let-go-7-employees-amid-business-model-refocus/,214.5,Post-IPO,2021-04-07 02:19:39,United States,0.07,Unknown,5.081404364984463
HuffPo,New York City,Media,47.0,2021-03-09,https://www.huffpost.com/entry/huffpost-buzzfeed-layoffs_n_60479ba2c5b6af8f98beb89d,37.0,Acquired,2021-03-09 18:46:02,United States,,Unknown,3.871201010907891
Ninjacart,Bengaluru,Food,200.0,2021-02-23,https://inc42.com/buzz/ninjacart-employee-layoffs/,194.0,Unknown,2021-02-23 23:14:13,India,,Unknown,5.303304908059076
Bounce,Bengaluru,Transportation,200.0,2021-02-22,https://economictimes.indiatimes.com/tech/startups/bounce-goes-for-second-round-of-layoffs-as-demand-for-mobility-lags/articleshow/81144047.cms,214.2,Series D,2021-02-22 23:38:05,India,0.4,Unknown,5.303304908059076
ThredUp,Chicago,Retail,243.0,2021-02-09,https://www.chicagotribune.com/business/ct-biz-thredup-vernon-hills-layoffs-20210209-m7a47qe53vf2neztz26ouko23i-story.html,305.0,Series F,2021-02-09 23:15:03,United States,,Unknown,5.497168225293202
Indigo,Boston,Other,80.0,2021-02-09,https://www.bizjournals.com/boston/news/2021/02/09/indigo-layoffs-across-multiple-locations.html,1200.0,Series F,2021-02-11 22:42:26,United States,,Unknown,4.394449154672439
Limelight,New York City,Recruiting,13.0,2021-02-04,Company exec,172.5,Unknown,2021-02-05 16:50:44,United States,1.0,Unknown,2.6390573296152584
Quandoo,Berlin,Food,87.0,2021-02-03,https://www.berliner-zeitung.de/en/berlin-reservation-platform-quandoo-slashes-jobs-li.137352,39.0,Acquired,2021-02-18 01:02:39,Germany,0.2,Unknown,4.477336814478207
Hubba,Toronto,Retail,45.0,2021-02-01,https://betakit.com/hubba-to-shut-down/,61.0,Series B,2021-02-03 18:03:36,Canada,1.0,Unknown,3.828641396489095
Bytedance,Mumbai,Consumer,1800.0,2021-01-27,https://entrackr.com/2021/01/bytedance-set-to-wrap-up-indian-ops-and-lay-off-over-1800-employees/,7400.0,Unknown,2021-01-28 00:27:24,India,,Unknown,7.496097345175956
Privitar,London,Data,20.0,2021-01-27,https://www.bizjournals.com/boston/inno/stories/news/2021/01/27/layoffs-at-privitar-coronavirus-boston.html,150.0,Series C,2021-01-28 18:15:09,United Kingdom,,Unknown,3.044522437723423
Shutterfly,SF Bay Area,Retail,800.0,2021-01-25,https://thedeadpixelssociety.com/lifetouch-shutterfly-staff-reductions-near-800/,50.0,Acquired,2023-01-26 21:07:54,United States,,Unknown,6.68586094706836
Postmates,SF Bay Area,Food,180.0,2021-01-23,https://www.nytimes.com/2021/01/23/technology/uber-postmates-layoffs.html,763.0,Acquired,2021-01-25 00:21:44,United States,0.15,Unknown,5.198497031265826
Instacart,SF Bay Area,Food,1877.0,2021-01-21,https://www.bloomberg.com/news/articles/2021-01-21/instacart-to-cut-1-900-jobs-including-its-only-union-positions,2400.0,Unknown,2021-01-21 22:15:59,United States,,Unknown,7.537962659768208
Pocketmath,Singapore,Marketing,21.0,2021-01-20,https://www.businessinsider.com/mobile-advertising-company-pocketmath-shut-down-facing-lawsuits-2021-1,20.0,Unknown,2021-01-21 22:17:17,Singapore,1.0,Unknown,3.091042453358316
Dropbox,SF Bay Area,Other,315.0,2021-01-13,https://www.cnbc.com/2021/01/13/dropbox-to-cut-11percent-of-its-global-workforce.html,1700.0,Post-IPO,2021-01-13 17:21:36,United States,0.15,Unknown,5.755742213586912
WhiteHat Jr,Mumbai,Education,1800.0,2021-01-06,https://inc42.com/buzz/whitehat-jr-employees-transition-opportunity-byjus/,11.0,Acquired,2021-01-11 16:19:48,India,,Unknown,7.496097345175956
Pulse Secure,SF Bay Area,Security,78.0,2020-12-23,https://www.bizjournals.com/sanjose/news/2020/12/23/pulse-secure-layoffs.html,80.0,Acquired,2020-12-28 20:03:12,United States,,Unknown,4.3694478524670215
Breather,Montreal,Real Estate,120.0,2020-12-16,https://www.theglobeandmail.com/business/article-breather-hopes-for-second-wind-as-montreal-flexible-workspace-provider/,131.0,Series D,2020-12-17 17:19:48,Canada,0.8,Unknown,4.795790545596741
Actifio,Boston,Data,54.0,2020-12-16,https://www.bizjournals.com/boston/news/2020/12/16/actifio-layoffs-google.html,352.0,Acquired,2020-12-17 23:04:12,United States,,Unknown,4.007333185232471
OYO,Gurugram,Travel,600.0,2020-12-08,https://www.forbesindia.com/news/business/startup/exclusive-oyo-lays-off-another-600-800-employees-as-it-moves-to-a-revenue-sharing-model-6202571.html,3200.0,Series F,2020-12-09 05:22:35,India,,Unknown,6.398594934535208
Aya,Toronto,Finance,5.0,2020-11-19,https://betakit.com/fintech-and-healthtech-startup-aya-comes-out-of-stealth-with-3-2-million-cad-in-seed-financing/,3.0,Seed,2020-11-19 23:11:29,United States,0.25,Unknown,1.791759469228055
Bridge Connector,Nashville,Healthcare,154.0,2020-11-17,https://www.nashvillepost.com/business/health-care/article/21144528/bridge-connector-closing-down,45.0,Series B,2020-11-19 23:19:46,United States,1.0,Unknown,5.043425116919247
Tidepool,SF Bay Area,Healthcare,18.0,2020-11-17,https://www.linkedin.com/posts/tidepoolorg_activity-6734927153630183424-s-x0/,172.5,Unknown,2021-01-09 05:20:30,United States,0.4,Unknown,2.9444389791664403
Worksmith,Austin,Retail,30.0,2020-11-09,https://www.bizjournals.com/austin/inno/stories/profiles/2020/11/09/pandemic-forced-worksmith-to-innovate.html,3.8,Unknown,2020-11-12 20:04:09,United States,0.5,Unknown,3.4339872044851463
LivePerson,New York City,Support,30.0,2020-11-01,https://en.globes.co.il/en/article-liveperson-to-lay-off-30-in-israel-1001347824#,42.0,Post-IPO,2023-01-21 22:51:20,United States,,Unknown,3.4339872044851463
Remedy,Austin,Healthcare,82.0,2020-10-29,https://www.bizjournals.com/austin/news/2020/10/29/health-tech-startup-remedy-lays-off-82-employees.html,12.5,Series A,2020-11-03 16:11:13,United States,,Unknown,4.418840607796598
Knotel,New York City,Real Estate,20.0,2020-10-29,https://www.businessinsider.com/knotel-layoffs-job-cuts-coworking-fundraise-amol-sarva-office-demand-2020-10,560.0,Series C,2020-11-03 16:13:56,United States,0.08,Unknown,3.044522437723423
CodeCombat,SF Bay Area,Education,8.0,2020-10-23,https://layoffs.fyi/2020/10/23/codecombat-launches-alumni-talent-directory-following-layoff/,8.0,Series A,2020-10-23 16:33:07,United States,,Unknown,2.1972245773362196
GetYourGuide,Berlin,Travel,90.0,2020-10-14,https://www.reuters.com/article/tech-getyourguide/german-travel-startup-getyourguide-lets-go-of-a-sixth-of-staff-idUSL8N2H544X,656.0,Series E,2020-10-16 19:52:35,Germany,0.17,Unknown,4.51085950651685
OLX India,New Delhi,Marketing,250.0,2020-10-10,https://inc42.com/buzz/olx-india-lays-off-250-employees-set-to-renew-focus-on-2-verticals/,28.0,Acquired,2020-10-12 17:12:32,India,,Unknown,5.5254529391317835
Alto Pharmacy,SF Bay Area,Healthcare,47.0,2020-09-29,https://layoffs.fyi/2020/10/07/alto-pharmacy-lays-off-47-employees/,356.0,Series D,2020-10-07 19:46:03,United States,0.06,Unknown,3.871201010907891
NS8,Las Vegas,Data,240.0,2020-09-11,https://twitter.com/VitalVegas/status/1304355796008853506,157.9,Series A,2020-09-11 15:08:13,United States,0.95,Unknown,5.484796933490655
Bleacher Report,London,Media,20.0,2020-09-11,https://awfulannouncing.com/br/more-layoffs-in-works-at-bleacher-report.html,40.5,Acquired,2020-09-12 01:52:03,United Kingdom,,Unknown,3.044522437723423
Waze,SF Bay Area,Transportation,30.0,2020-09-09,https://www.theverge.com/2020/9/9/21428907/waze-layoff-pandemic-google-navigation-driving,67.0,Acquired,2020-09-10 14:30:43,United States,0.054,Unknown,3.4339872044851463
Big Fish Games,Seattle,Media,250.0,2020-09-01,https://venturebeat.com/2020/09/01/big-fish-games-cuts-250-jobs-and-streamlines-mobile-game-operations/,95.2,Acquired,2020-09-02 18:43:40,United States,,Unknown,5.5254529391317835
GoBear,Singapore,Finance,22.0,2020-09-01,https://layoffs.fyi/2020/09/13/gobear-launches-talent-directory-after-laying-off-22-employees/,97.0,Unknown,2020-09-02 17:45:46,Singapore,0.11,Unknown,3.1354942159291497
MakeMyTrip,New Delhi,Travel,350.0,2020-08-31,https://yourstory.com/2020/08/makemytrip-restructuring-layoffs-deep-kalra,548.0,Post-IPO,2020-09-02 17:45:18,India,0.1,Unknown,5.860786223465865
Salesforce,SF Bay Area,Sales,1000.0,2020-08-26,https://www.bloomberg.com/news/articles/2020-08-26/salesforce-cuts-1-000-jobs-after-banner-quarter-stock-surge,65.4,Post-IPO,2020-08-26 20:28:20,United States,0.0185,Unknown,6.90875477931522
Superloop,Brisbane,Infrastructure,30.0,2020-08-24,https://www.arnnet.com.au/article/682373/superloop-reduces-losses-30-workers-laid-off-amid-covid-19/,36.0,Post-IPO,2022-06-26 23:50:08,Australia,,Unknown,3.4339872044851463
Docly,London,Healthcare,8.0,2020-08-19,https://sifted.eu/articles/docly-slash-in-uk/,15.5,Seed,2020-08-20 17:02:35,United Kingdom,0.8,Unknown,2.1972245773362196
Shopify,Ottawa,Retail,30.0,2020-08-14,https://betakit.com/shopify-cuts-office-staff-amid-remote-work-shift/,122.3,Post-IPO,2020-08-14 16:28:41,Canada,,Unknown,3.4339872044851463
Mozilla,SF Bay Area,Consumer,250.0,2020-08-11,https://layoffs.fyi/2020/08/12/mozilla-lays-off-250-employees-launches-talent-directory/,2.3,Unknown,2020-08-11 15:32:55,United States,0.25,Unknown,5.5254529391317835
Eatsy,Singapore,Food,20.0,2020-08-08,https://www.businesstimes.com.sg/garage/food-ordering-startup-eatsy-shutters-operations-0,0.9755,Seed,2020-08-10 18:04:45,Singapore,1.0,Unknown,3.044522437723423
Glossier,New York City,Retail,150.0,2020-08-07,https://www.glossier.com/blog/retail-update-covid19,186.4,Series D,2020-08-19 17:43:26,United States,0.38,Unknown,5.017279836814924
Thriver,Toronto,Food,75.0,2020-08-06,https://betakit.com/platterz-raises-43-8-million-cad-series-b-rebrands-to-thriver-as-company-pivots-post-pandemic/,53.0,Series B,2020-08-07 17:41:29,Canada,0.5,Unknown,4.330733340286331
Vesta,Atlanta,Sales,56.0,2020-08-05,https://www.americaninno.com/atlanta/roundups/the-atlanta-tech-layoffs-that-happened-this-summer/,20.0,Unknown,2020-08-06 21:47:10,United States,,Unknown,4.04305126783455
Booking.com,Amsterdam,Travel,4375.0,2020-07-30,https://skift.com/2020/08/04/booking-com-restructuring-will-pare-its-workforce-by-up-to-25-percent/,80.0,Acquired,2020-08-04 15:02:25,Netherlands,0.25,Unknown,8.383890344101816
Buy.com / Rakuten,SF Bay Area,Retail,87.0,2020-07-30,https://techcrunch.com/2020/07/30/rakuten-is-shuttering-the-online-shop-formerly-known-as-buy-com/,42.4,Acquired,2020-07-31 16:36:58,United States,1.0,Unknown,4.477336814478207
Procore,Los Angeles,Construction,180.0,2020-07-28,https://www.bloomberg.com/news/articles/2020-07-28/software-startup-procore-said-to-cut-180-jobs-ahead-of-ipo,649.0,Unknown,2020-07-28 23:43:56,United States,0.09,Unknown,5.198497031265826
Swiggy,Bengaluru,Food,350.0,2020-07-27,https://www.livemint.com/companies/news/350-swiggy-employees-lose-their-jobs-in-round-2-of-layoffs-11595951553823.html,1600.0,late_stage,2020-07-28 20:25:53,India,0.05,Unknown,5.860786223465865
Zeitgold,Berlin,Finance,75.0,2020-07-27,https://layoffs.fyi/2020/08/04/bookkeeping-startup-zeitgold-lays-off-75-employees-and-pivots-to-tax-prep-software/,60.18,Series B,2020-08-03 17:27:09,Germany,0.72,Unknown,4.330733340286331
Checkr,SF Bay Area,HR,64.0,2020-07-23,https://layoffs.fyi/2020/07/28/checkr-lays-off-64-employees/,309.0,Series D,2020-07-24 15:51:15,United States,0.12,Unknown,4.174387269895637
LinkedIn,SF Bay Area,Recruiting,960.0,2020-07-21,https://layoffs.fyi/2020/08/04/linkedin-launches-official-talent-directory-after-laying-off-960-employees/,154.0,Acquired,2020-07-21 14:44:13,United States,0.06,Unknown,6.8679744089702925
Lighter Capital,Seattle,Finance,22.0,2020-07-20,https://www.geekwire.com/2020/seattle-based-alternative-vc-firm-lighter-capital-lays-off-employees/,15.0,Series B,2020-07-20 15:15:06,United States,0.49,Unknown,3.1354942159291497
Curefit,Bengaluru,Fitness,120.0,2020-07-17,https://tech.economictimes.indiatimes.com/news/internet/curefit-cuts-jobs-furloughs-600-staff-in-second-round-of-layoffs-as-business-suffers-amid-lockdown/77013891,404.6,Series D,2020-07-17 22:01:22,India,,Unknown,4.795790545596741
Optimizely,SF Bay Area,Marketing,60.0,2020-07-15,https://techcrunch.com/2020/07/15/benchmark-backed-optimizely-confirms-it-has-laid-off-15-percent-of-staff/,251.2,Series D,2020-07-16 15:38:45,United States,0.15,Unknown,4.110873864173311
Skyscanner,Edinburgh,Travel,300.0,2020-07-14,https://layoffs.fyi/2020/08/12/skyscanner-launches-talent-directory-after-laying-off-300-employees/,197.2,Acquired,2020-07-14 22:41:24,United Kingdom,0.2,Unknown,5.707110264748875
Yelp,SF Bay Area,Consumer,63.0,2020-07-13,https://www.cnbc.com/2020/07/13/yelp-will-bring-back-most-of-its-1100-furloughed-employees-next-month.html,56.0,Post-IPO,2020-07-13 21:02:49,United States,,Unknown,4.1588830833596715
Bizongo,Mumbai,Logistics,140.0,2020-07-10,https://www.startupnews.fyi/post/bizongo-lays-off-140-employees-to-cut-costs,70.0,Series C,2020-07-13 16:54:59,India,,Unknown,4.948759890378168
Zilingo,Singapore,Retail,100.0,2020-07-09,https://zilingotrade.com/en-th/blog/BLGCOMPANYANNOUNCEMENT,307.0,Series D,2020-07-09 19:25:14,Singapore,0.12,Unknown,4.61512051684126
PaySense,Mumbai,Finance,40.0,2020-07-09,https://tech.economictimes.indiatimes.com/news/startups/naspers-owned-payu-lays-off-staff-at-credit-lending-unit-paysense/76872229,25.6,Acquired,2020-07-10 02:00:18,India,,Unknown,3.713572066704308
Funding Circle,SF Bay Area,Finance,85.0,2020-07-08,https://www.altfi.com/article/6790_funding-circle-joins-bounce-back-loan-scheme-as-it-cuts-us-headcount-by-85,746.0,Post-IPO,2020-07-09 17:27:35,United States,,Unknown,4.454347296253507
The Wing,New York City,Real Estate,56.0,2020-07-01,https://commercialobserver.com/2020/07/the-wing-lays-off-another-56-employees/,117.0,Series C,2020-07-09 17:33:42,United States,,Unknown,4.04305126783455
Sharethrough,SF Bay Area,Marketing,18.0,2020-07-01,https://blog.sharethrough.com/post/adapting-to-covid-19-evolving-to-a-unified-revenue-team-at-sharethrough,38.0,Series D,2020-07-02 03:34:32,United States,,Unknown,2.9444389791664403
Kongregate,SF Bay Area,Media,12.0,2020-07-01,https://www.forbes.com/sites/lizlanier/2020/07/01/kongregate-shift-in-focus-brings-layoffs-closes-portal-to-new-games/#148558087323,19.0,Series C,2020-07-03 01:22:34,United States,,Unknown,2.5649493574615367
Havenly,Denver,Consumer,5.0,2020-07-01,https://businessden.com/2020/07/01/havenly-begins-to-rehire-after-pandemic-cuts-wont-reopen-retail-locations/,57.8,Series C,2020-07-02 03:38:28,United States,,Unknown,1.791759469228055
G2,Chicago,Marketing,17.0,2020-06-30,https://www.americaninno.com/chicago/inno-news-chicago/layoffs-at-g2-as-the-tech-company-cuts-costs-during-covid/,100.8,Series C,2020-07-01 20:00:24,United States,0.05,Unknown,2.8903717578961645
Katerra,SF Bay Area,Construction,400.0,2020-06-29,https://www.theinformation.com/articles/softbank-backed-katerra-lays-off-more-than-400-employees,1300.0,Series E,2020-06-30 15:49:37,United States,0.07,Unknown,5.993961427306569
Bounce,Bengaluru,Transportation,130.0,2020-06-29,https://inc42.com/buzz/bounce-lays-off-130-employees-as-covid-19-impact-hits-mobility-startup/,214.2,Series D,2020-06-30 15:56:18,India,0.22,Unknown,4.875197323201151
Argo AI,Munich,Transportation,100.0,2020-06-29,https://www.theinformation.com/briefings/58401b,3600.0,Unknown,2020-06-29 18:01:38,Germany,,Unknown,4.61512051684126
Bossa Nova,SF Bay Area,Retail,61.0,2020-06-29,https://www.post-gazette.com/business/tech-news/2020/06/29/Bossa-Nova-Robotics-autonomous-robots-layoffs-furloughs-terminations/stories/202006290098,101.6,Unknown,2020-06-30 15:44:23,United States,,Unknown,4.127134385045092
New Relic,Portland,Infrastructure,20.0,2020-06-29,https://www.bizjournals.com/portland/news/2020/06/29/layoffs-at-new-relic-as-company-combines-2-enginee.html,214.5,Post-IPO,2020-06-30 16:00:12,United States,,Unknown,3.044522437723423
GoDaddy,Austin,Marketing,451.0,2020-06-24,https://domainnamewire.com/2020/06/24/godaddy-plans-layoffs-and-is-closing-austin-offices/,426.0,Post-IPO,2020-06-25 05:21:17,United States,0.06,Unknown,6.113682179832232
Sonos,New York City,Consumer,174.0,2020-06-24,https://www.cnbc.com/2020/06/24/sonos-says-its-cutting-12percent-of-global-employees-because-of-covid-19.html,455.2,Post-IPO,2020-06-25 04:51:19,United States,0.12,Unknown,5.1647859739235145
Gojek,Jakarta,Transportation,430.0,2020-06-23,https://layoffs.fyi/2020/08/06/gojek-creates-talent-directory-following-430-person-layoff/,4800.0,Series F,2020-06-23 22:28:36,Indonesia,0.09,Unknown,6.066108090103747
ScaleFactor,Austin,Finance,90.0,2020-06-23,https://www.forbes.com/sites/davidjeans/2020/06/23/scalefactor-fintech-startup-shuts-down-bessemer-coatue-canaan/#2bef45cf4901,103.0,Series C,2020-06-23 23:45:23,United States,0.9,Unknown,4.51085950651685
Dark,SF Bay Area,Product,6.0,2020-06-23,https://layoffs.fyi/2020/06/29/programming-service-dark-releases-layoff-list/,3.0,Seed,2020-06-29 14:46:47,United States,1.0,Unknown,1.9459101490553132
Intuit,SF Bay Area,Finance,715.0,2020-06-22,https://intuitblog.com/news-social/a-message-from-intuit-ceo-sasan-goodarzi-to-intuit-employees/,18.0,Post-IPO,2020-06-22 22:14:03,United States,0.07,Unknown,6.573680166960646
WeWork,London,Real Estate,200.0,2020-06-19,https://www.wired.co.uk/article/wework-redundancies-uk-restructure,19500.0,late_stage,2020-06-27 18:14:22,United Kingdom,,Unknown,5.303304908059076
Atlas Obscura ,New York City,Media,15.0,2020-06-18,https://www.poynter.org/?locally=atlas-obscura-laid-off-15-including-five-in-editorial-the-company-confirmed-to-poynter,32.0,Series B,2020-06-23 20:46:51,United States,,Unknown,2.772588722239781
Navi,Bengaluru,Finance,40.0,2020-06-17,https://inc42.com/buzz/sachin-bansals-navi-general-insurance-lays-off-40-employees/,582.0,Private Equity,2020-06-20 22:24:58,India,0.25,Unknown,3.713572066704308
PaisaBazaar,Gurugram,Finance,1500.0,2020-06-16,https://thetechportal.com/2020/06/16/policybazaar-paisabazaar-lay-offs/,496.0,late_stage,2020-06-16 23:16:58,India,0.5,Unknown,7.313886831633462
Grab,Singapore,Transportation,360.0,2020-06-16,https://layoffs.fyi/2020/06/24/official-grab-layoff-list-released-following-360-person-layoff/,9900.0,late_stage,2020-06-16 13:43:48,Singapore,0.05,Unknown,5.8888779583328805
Splunk,SF Bay Area,Data,70.0,2020-06-16,https://www.bloomberg.com/news/articles/2020-06-17/splunk-joins-tech-s-belt-tightening-with-plan-to-shed-staff,40.0,Post-IPO,2020-06-18 22:48:46,United States,0.01,Unknown,4.2626798770413155
Redox,Madison,Healthcare,44.0,2020-06-16,https://theredoxpodcast.podbean.com/e/22-layoffs/,50.0,Series C,2020-06-23 13:59:23,United States,0.25,Unknown,3.8066624897703196
Uber,Amsterdam,Transportation,225.0,2020-06-12,https://www.dutchnews.nl/news/2020/06/uber-cuts-amsterdam-workforce-by-15-some-200-jobs-to-go/,24700.0,Post-IPO,2020-06-27 18:25:05,Netherlands,0.25,Unknown,5.420534999272286
SynapseFI,SF Bay Area,Finance,63.0,2020-06-12,https://www.forbes.com/sites/jeffkauflin/2020/06/15/fintech-startup-synapse-lays-off-nearly-50-of-full-time-staff/#6a6f57b0300e,50.0,Series B,2020-06-13 03:44:18,United States,0.48,Unknown,4.1588830833596715
ScaleFocus,Sofia,Infrastructure,120.0,2020-06-11,https://seenews.com/news/bulgarias-scalefocus-lays-off-10-of-workforce-report-702279,172.5,Unknown,2020-06-11 23:23:49,Bulgaria,0.1,Unknown,4.795790545596741
Branch,New York City,Retail,3.0,2020-06-11,https://techcrunch.com/2020/06/11/covid-19-nearly-killed-this-office-furniture-startup-turning-to-home-offices-may-save-it/,2.0,Seed,2020-06-11 23:18:07,United States,0.27,Unknown,1.3862943611198906
Her Campus Media,Boston,Media,10.0,2020-06-10,https://www.weny.com/story/42228087/college-life-will-never-be-the-same-this-media-company-is-documenting-the-change,172.5,Unknown,2020-06-10 23:13:19,United States,0.18,Unknown,2.3978952727983707
Integrate.ai,Toronto,Support,26.0,2020-06-09,https://integrate.ai/blog/integrateai-restructuring-in-response-to-new-market-realities,39.6,Unknown,2020-06-30 16:09:12,Canada,,Unknown,3.295836866004329
The Athletic,SF Bay Area,Media,46.0,2020-06-05,https://www.axios.com/the-athletic-layoffs-pay-cuts-fa15a80d-47b7-46a5-a08f-3e7eba558f30.html,139.0,Series D,2020-06-05 21:06:51,United States,0.08,Unknown,3.8501476017100584
Ethos Life,SF Bay Area,Finance,18.0,2020-06-05,https://coverager.com/layoffs-at-ethos/,106.0,Series C,2020-06-06 03:14:59,United States,0.14,Unknown,2.9444389791664403
Lastline,SF Bay Area,Security,50.0,2020-06-04,https://techcrunch.com/2020/06/04/vmware-lastline-staff-cuts/,52.0,Series C,2020-06-04 22:28:19,United States,0.4,Unknown,3.9318256327243257
Builder,Los Angeles,Product,39.0,2020-06-04,https://www.businessinsider.com/engineerai-builderai-layoffs-14-percent-staff-2020-6,29.0,Series A,2020-06-04 22:26:27,United States,0.14,Unknown,3.6888794541139363
Monzo,London,Finance,120.0,2020-06-03,https://layoffs.fyi/2020/07/21/monzo-launches-layoff-list-amid-multiple-rounds-of-layoffs/,324.0,Series F,2020-06-03 21:53:48,United Kingdom,0.08,Unknown,4.795790545596741
Kitty Hawk,SF Bay Area,Aerospace,70.0,2020-06-03,https://techcrunch.com/2020/06/03/kitty-hawk-ends-flyer-program-shifts-focus-to-once-secret-autonomous-aircraft/,1.0,Unknown,2020-06-03 23:28:41,United States,,Unknown,4.2626798770413155
SpotHero,Chicago,Transportation,40.0,2020-06-03,https://www.americaninno.com/chicago/inno-news-chicago/spothero-cuts-40-employees-in-second-round-of-pandemic-related-layoffs/,117.0,Series D,2020-06-03 23:23:51,United States,0.21,Unknown,3.713572066704308
Credit Sesame,SF Bay Area,Finance,22.0,2020-06-03,https://www.businessinsider.com/credit-sesame-layoffs-credit-business-trouble-2020-6,120.0,Series F,2020-06-04 17:45:27,United States,0.14,Unknown,3.1354942159291497
Circ,Berlin,Transportation,100.0,2020-06-02,https://techcrunch.com/2020/06/02/bird-shuts-down-circ-operations-in-middle-east-scraps-as-many-as-10000-scooters/,55.0,Acquired,2020-06-03 23:27:10,Germany,,Unknown,4.61512051684126
Rivian,Detroit,Transportation,40.0,2020-06-02,https://www.theverge.com/2020/6/2/21278019/rivian-layoffs-new-chief-operating-officer-harley-davidson,3100.0,Private Equity,2020-06-03 13:19:55,United States,0.02,Unknown,3.713572066704308
Fundbox,SF Bay Area,Finance,14.0,2020-06-02,https://www.geektime.com/following-layoffs-management-pay-cuts-fundbox-raises-another-20-million/,453.0,Series C,2020-06-02 22:42:19,United States,0.15,Unknown,2.70805020110221
Descartes Labs,Santa Fe,Data,12.0,2020-06-02,https://www.santafenewmexican.com/news/local_news/descartes-labs-seeks-750-000-state-loan-to-make-lease-payments/article_b0f7eeaa-a4e6-11ea-8b9a-f34e580504e1.html,58.0,Series B,2020-06-03 23:25:29,United States,0.16,Unknown,2.5649493574615367
MakerBot,New York City,Consumer,12.0,2020-06-02,Internal memo,10.0,Acquired,2020-06-02 17:25:26,United States,,Unknown,2.5649493574615367
Stitch Fix,SF Bay Area,Retail,1400.0,2020-06-01,https://www.cnbc.com/2020/06/01/stitch-fix-is-laying-off-1400-in-california-18percent-of-workforce.html,79.0,Post-IPO,2020-06-02 03:59:18,United States,0.18,Unknown,7.244941546337007
MakeMyTrip,Gurugram,Travel,350.0,2020-06-01,https://www.livemint.com/companies/news/covid-19-lockdown-makemytrip-to-lay-off-10-of-its-workforce-as-revenues-hit-11591008074698.html,548.0,Post-IPO,2020-06-03 13:15:29,India,0.1,Unknown,5.860786223465865
CrowdStreet,Portland,Real Estate,24.0,2020-06-01,https://www.oregonlive.com/silicon-forest/2020/06/crowdstreet-portland-real-estate-funding-startup-lays-off-a-fifth-of-its-staff.html,24.0,Series C,2020-06-02 03:55:41,United States,0.22,Unknown,3.2188758248682006
Brex,SF Bay Area,Finance,62.0,2020-05-29,https://layoffs.fyi/2020/06/01/brex-laid-off-62-employees-to-prioritize-building-over-growing/,732.0,Series C,2020-05-29 21:16:18,United States,0.15,Unknown,4.143134726391533
Loftium,Seattle,Real Estate,32.0,2020-05-29,https://www.seattletimes.com/business/real-estate/seattle-based-airbnb-rental-startup-loftium-misses-its-own-rent-payments-slashes-staff-as-coronavirus-undercuts-business/,17.0,Series A,2020-05-29 22:39:07,United States,0.6,Unknown,3.4965075614664802
BookMyShow,Mumbai,Consumer,270.0,2020-05-28,https://www.cnbctv18.com/business/270-bookmyshow-employees-either-laid-off-or-furloughed-18-of-total-workforce-impacted-worldwide-6022801.htm,224.0,Unknown,2020-05-28 17:49:53,India,0.18,Unknown,5.602118820879701
TrueCar,Los Angeles,Transportation,219.0,2020-05-28,https://labusinessjournal.com/news/2020/jun/01/truecar-lays-30-staff/,340.0,Post-IPO,2020-05-29 01:55:32,United States,0.3,Unknown,5.393627546352362
StubHub,SF Bay Area,Consumer,200.0,2020-05-28,https://layoffs.fyi/2020/06/22/stubhub-shifts-200-of-its-furloughed-employees-into-permanent-layoffs-2/,19.0,Acquired,2020-06-18 15:31:55,United States,,Unknown,5.303304908059076
Culture Amp,Melbourne,HR,36.0,2020-05-28,https://www.smh.com.au/business/small-business/tech-unicorn-culture-amp-lays-off-staff-as-growth-halves-20200528-p54x9d.html,157.0,Series E,2020-05-28 22:38:43,Australia,0.08,Unknown,3.6109179126442243
The Sill,New York City,Retail,20.0,2020-05-28,https://www.inc.com/emily-canal/the-sill-houseplants-sales-flourish-coronavirus-pandemic.html,7.0,Series A,2020-05-29 02:05:34,United States,0.25,Unknown,3.044522437723423
Instructure,Salt Lake City,Education,150.0,2020-05-27,https://philonedtech.com/instructure-restructure-significant-layoffs-hitting-canvas-side-of-the-business/,89.0,Acquired,2020-05-27 21:54:42,United States,0.12,Unknown,5.017279836814924
Ebanx,Curitiba,Finance,62.0,2020-05-27,https://exame.com/pme/comeca-uma-era-mais-pe-no-chao-para-as-startups-diz-fundador-do-ebanx/,30.0,Unknown,2020-06-01 03:39:18,Brazil,0.08,Unknown,4.143134726391533
Uber,Bengaluru,Transportation,600.0,2020-05-26,https://www.reuters.com/article/us-india-uber-layoffs/uber-cuts-600-jobs-in-india-as-lockdown-hits-business-idUSKBN2320S3,24700.0,Post-IPO,2020-05-26 13:56:21,India,0.23,Unknown,6.398594934535208
Bluprint,Denver,Education,137.0,2020-05-26,https://businessden.com/2020/05/27/nbcuniversal-shutting-down-bluprint-formerly-known-as-craftsy/,108.0,Acquired,2020-05-27 17:07:47,United States,1.0,Unknown,4.927253685157205
Acorns,Portland,Finance,50.0,2020-05-26,https://techcrunch.com/2020/05/29/amid-unprecedented-growth-on-its-platform-acorns-cuts-roles-and-shuts-down-an-office/,207.0,Unknown,2020-05-30 03:45:49,United States,,Unknown,3.9318256327243257
CarDekho,Gurugram,Transportation,200.0,2020-05-25,https://entrackr.com/2020/05/exclusive-cardekho-lays-off-200-employees-goes-for-pay-cuts/,247.0,Series D,2020-05-26 22:13:20,India,,Unknown,5.303304908059076
Teamwork,Cork,Other,21.0,2020-05-22,https://www.thecurrency.news/articles/17754/not-the-time-for-venture-capital-teamwork-rules-out-raising-vc-money-as-tech-valuations-fall,172.5,Unknown,2020-05-24 17:04:37,Ireland,,Unknown,3.091042453358316
Cvent,Washington D.C.,Marketing,400.0,2020-05-21,https://www.eventmanagerblog.com/cvent-layoffs,146.0,Acquired,2020-05-22 15:16:07,United States,0.1,Unknown,5.993961427306569
PickYourTrail,Chennai,Travel,70.0,2020-05-21,https://www.cnbctv18.com/travel/pickyourtrail-realigns-business-will-enter-domestic-travel-market-5968711.htm,3.0,Series A,2020-09-14 16:26:06,India,0.35,Unknown,4.2626798770413155
Glitch,New York City,Product,18.0,2020-05-21,https://www.theverge.com/2020/5/22/21268007/glitch-layoffs-substantial-number-coding-platform-union,30.0,Series A,2020-05-22 23:41:32,United States,0.36,Unknown,2.9444389791664403
Ola,Bengaluru,Transportation,1400.0,2020-05-20,https://techcrunch.com/2020/05/20/indian-ride-hailing-firm-ola-cuts-1400-jobs/,3800.0,late_stage,2020-05-20 13:48:08,India,0.35,Unknown,7.244941546337007
Samsara,SF Bay Area,Logistics,300.0,2020-05-20,https://layoffs.fyi/2020/05/21/samsara-lays-off-300-employees-launches-public-alumni-directory/,530.0,Series F,2020-05-20 17:51:28,United States,0.18,Unknown,5.707110264748875
Stay Alfred,Spokane,Travel,221.0,2020-05-20,https://www.spokanejournal.com/local-news/stay-alfred-closes-its-doors-permanently/,62.0,Series B,2020-05-21 22:42:57,United States,1.0,Unknown,5.402677381872279
SoFi,SF Bay Area,Finance,112.0,2020-05-20,https://www.businessinsider.com/sofi-cut-7-percent-staff-quarterely-performance-reviews-2020-5,2500.0,Private Equity,2020-05-20 21:23:08,United States,0.07,Unknown,4.727387818712341
ShareChat,Bengaluru,Marketing,101.0,2020-05-20,https://economictimes.indiatimes.com/small-biz/startups/newsbuzz/sharechat-lays-off-101-employees-as-advertising-market-tanks/articleshow/75838995.cms,222.0,Series D,2020-05-20 13:52:46,India,0.25,Unknown,4.624972813284271
Intercom,SF Bay Area,Support,39.0,2020-05-20,https://layoffs.fyi/2020/07/09/intercom-creates-official-layoff-list-after-laying-off-39/,240.0,Series D,2020-05-20 23:34:12,United States,0.06,Unknown,3.6888794541139363
Livspace,Bengaluru,Retail,450.0,2020-05-19,https://tech.economictimes.indiatimes.com/news/startups/livspace-lays-off-450-employees-as-lockdown-hurts-operations/75823519,157.0,Series D,2020-05-19 14:40:12,India,0.15,Unknown,6.111467339502679
Pollen,London,Travel,69.0,2020-05-19,https://techcrunch.com/2020/05/19/pollen-layoffs-and-furloughs/,88.0,Series B,2020-05-19 23:18:09,United Kingdom,0.31,Unknown,4.248495242049359
Dotscience,London,Product,10.0,2020-05-19,https://layoffs.fyi/2020/05/22/devops-startup-dotscience-shuts-down/,172.5,Unknown,2020-05-20 17:54:16,United Kingdom,1.0,Unknown,2.3978952727983707
Uber,SF Bay Area,Transportation,3000.0,2020-05-18,https://layoffs.fyi/2020/05/18/uber-lays-off-3000-more-employees-on-top-of-the-3700-laid-off-earlier-this-month/,24700.0,Post-IPO,2020-05-18 15:28:24,United States,0.13,Unknown,8.006700845440367
Agoda,Singapore,Travel,1500.0,2020-05-18,https://layoffs.fyi/2020/05/24/agoda-laid-off-1500-employees-launches-public-alumni-directory/,80.0,Acquired,2020-05-19 01:16:07,Singapore,0.25,Unknown,7.313886831633462
Swiggy,Bengaluru,Food,1100.0,2020-05-18,https://www.nytimes.com/reuters/2020/05/18/technology/18reuters-india-swiggy-layoffs.html,1600.0,late_stage,2020-05-18 14:15:14,India,0.14,Unknown,7.00397413672268
WeWork,New Delhi,Real Estate,100.0,2020-05-18,https://www.newindianexpress.com/business/2020/may/18/tough-step-needed-for-sustainable-structure-wework-india-lays-off-20-per-cent-staff-amid-covid-19-2144959.html,19500.0,late_stage,2020-05-19 04:25:11,India,0.2,Unknown,4.61512051684126
Rubrik,SF Bay Area,Infrastructure,57.0,2020-05-18,https://www.bizjournals.com/sanfrancisco/news/2020/04/16/exclusive-a-comprehensive-guide-to-locallayoffs.html,553.0,Series E,2020-06-25 02:31:20,United States,,Unknown,4.060443010546419
Intapp,SF Bay Area,Legal,45.0,2020-05-18,https://news.bloomberglaw.com/us-law-week/intapp-cuts-5-of-workforce-due-to-coronavirus-crisis,241.5,Private Equity,2020-05-19 04:27:05,United States,0.05,Unknown,3.828641396489095
Magicbricks,Noida,Real Estate,250.0,2020-05-17,https://www.livemint.com/companies/start-ups/job-losses-mount-in-small-startups-unicorns-11589738073416.html,300.0,Unknown,2020-05-19 14:44:22,India,,Unknown,5.5254529391317835
Zomato,Gurugram,Food,520.0,2020-05-15,https://layoffs.fyi/2020/06/18/zomato-layoff-list-continues-trend-of-company-launched-talent-directories/,914.0,late_stage,2020-05-15 14:34:57,India,0.13,Unknown,6.255750041753367
Lendingkart,Ahmedabad,Finance,500.0,2020-05-15,https://officechai.com/news/lendingkart-lays-off-500-employees-50-workforce-sources/,200.0,Unknown,2020-05-15 15:37:45,India,0.5,Unknown,6.2166061010848646
Lattice,SF Bay Area,HR,16.0,2020-05-15,LinkedIn,49.0,Series C,2020-05-29 22:26:02,United States,0.1,Unknown,2.833213344056216
Cruise,SF Bay Area,Transportation,150.0,2020-05-14,https://www.theverge.com/2020/5/14/21259001/cruise-gm-layoff-self-driving-unit-recruiting-product-design,5300.0,Acquired,2020-05-14 19:22:15,United States,0.08,Unknown,5.017279836814924
Quartz,New York City,Media,80.0,2020-05-14,https://www.nytimes.com/2020/05/14/business/media/quartz-to-lay-off-80-employees.html,80.0,Acquired,2020-05-14 20:19:54,United States,0.4,Unknown,4.394449154672439
Integral Ad Science,New York City,Marketing,70.0,2020-05-14,https://www.wsj.com/articles/ad-verification-firm-integral-ad-science-laying-off-nearly-10-of-workforce-11589481652,116.0,Acquired,2020-05-14 22:15:08,United States,0.1,Unknown,4.2626798770413155
Ridecell,SF Bay Area,Transportation,35.0,2020-05-14,https://layoffs.fyi/2020/05/19/sf-based-ridecell-laid-off-35-employees-half-of-whom-are-engineers/,73.0,Series B,2020-05-19 06:04:44,United States,0.15,Unknown,3.58351893845611
Veem,SF Bay Area,Finance,30.0,2020-05-14,https://www.economist.com/business/2020/05/16/silicon-valley-in-the-pandemic,69.0,Unknown,2020-05-15 04:00:25,United States,,Unknown,3.4339872044851463
Deliv,SF Bay Area,Retail,669.0,2020-05-13,https://www.mercurynews.com/2020/05/15/ccalifornia-unemployment-layoff-rock-delivery-startup-ymca-uber-ross-ui-edd-tech-job-economy/,80.0,Series C,2020-05-07 23:15:15,United States,1.0,Unknown,6.507277712385012
Mercos,Joinville,Sales,51.0,2020-05-13,https://www.linkedin.com/pulse/decis%C3%A3o-mais-dif%C3%ADcil-dos-%C3%BAltimos-10-anos-tiago-brandes/,2.0,Unknown,2020-05-13 21:39:50,Brazil,0.4,Unknown,3.9512437185814275
Kickstarter,New York City,Finance,25.0,2020-05-13,https://www.theverge.com/2020/5/13/21257585/kickstarter-layoffs-employees-union-negotiations-severance,10.0,Unknown,2020-05-13 21:38:18,United States,0.18,Unknown,3.258096538021482
Intersect,Toronto,Product,19.0,2020-05-13,https://betakit.com/intersect-ceo-departs-company-following-recent-layoffs/,80.0,Acquired,2020-05-13 21:17:43,Canada,0.11,Unknown,2.995732273553991
Mode Analytics,SF Bay Area,Data,17.0,2020-05-13,https://www.linkedin.com/posts/dereksteer_today-we-made-the-difficult-decision-to-part-activity-6666425220007628800-Nneq/,46.0,Series C,2020-05-13 21:09:31,United States,,Unknown,2.8903717578961645
Stone,Sao Paulo,Finance,1300.0,2020-05-12,https://www.reuters.com/article/us-stoneco-layoff/brazilian-card-processor-stoneco-lays-off-20-of-workforce-1300-employees-idUSKBN22O31N,426.0,Post-IPO,2020-05-13 21:12:23,Brazil,0.2,Unknown,7.170888478512505
Zeus Living,SF Bay Area,Real Estate,73.0,2020-05-12,https://www.businessinsider.com/zeus-living-cuts-50-of-staff-after-raising-a-downround-2020-5,79.0,Series B,2020-05-12 23:27:18,United States,0.5,Unknown,4.30406509320417
Mixpanel,SF Bay Area,Data,65.0,2020-05-12,https://www.bizjournals.com/sanfrancisco/news/2020/05/12/sf-analytics-company-yc-graduate-cuts-65-obs.html?iana=hpmvp_sfbt_news_headline,77.0,Series B,2020-05-13 21:01:39,United States,0.19,Unknown,4.189654742026425
Hireology,Chicago,Recruiting,36.0,2020-05-12,https://www.americaninno.com/chicago/inno-news-chicago/hireology-lays-off-17-of-its-staff/,52.0,Series D,2020-05-13 17:08:23,United States,0.17,Unknown,3.6109179126442243
Top Hat,Toronto,Education,16.0,2020-05-12,https://betakit.com/top-hat-restructures-makes-staff-reductions-as-covid-19-affects-higher-education/,104.0,Series D,2020-05-12 22:45:07,Canada,0.03,Unknown,2.833213344056216
Revolut,London,Finance,60.0,2020-05-11,https://www.fnlondon.com/articles/digital-bank-revolut-just-cut-about-60-workers-as-covid-19-crisis-bites-20200511,837.0,Series D,2020-05-20 03:27:35,United Kingdom,0.03,Unknown,4.110873864173311
Cadre,New York City,Real Estate,28.0,2020-05-11,https://layoffs.fyi/2020/05/19/real-estate-investing-startup-cadre-laid-off-28-employees/,133.0,Series C,2020-05-11 22:21:03,United States,0.25,Unknown,3.367295829986474
N26,New York City,Finance,9.0,2020-05-08,https://financefwd.com/de/n26-usa-kuendigungen/,782.0,Series D,2020-05-12 15:00:39,United States,0.01,Unknown,2.302585092994046
Jump,New York City,Transportation,500.0,2020-05-07,https://www.nytimes.com/2020/05/07/technology/the-results-are-in-for-the-sharing-economy-they-are-ugly.html,11.0,Acquired,2020-05-08 14:37:11,United States,1.0,Unknown,6.2166061010848646
Glassdoor,SF Bay Area,Recruiting,300.0,2020-05-07,https://www.businessinsider.com/glassdoor-lays-off-300-30-staff-due-to-covid-19-2020-5,204.0,Acquired,2020-05-07 21:09:14,United States,0.3,Unknown,5.707110264748875
Numbrs,Zurich,Finance,62.0,2020-05-07,https://financefwd.com/de/finanzierungsrunde-geplatzt-numbrs/,78.0,Series B,2020-05-08 14:05:29,Switzerland,0.5,Unknown,4.143134726391533
Flywire,Boston,Finance,60.0,2020-05-07,https://www.americaninno.com/boston/inno-news-boston/fintech-startup-flywire-downsizes-12-percent-of-workforce/,263.0,Series E,2020-05-07 22:51:13,United States,0.12,Unknown,4.110873864173311
SalesLoft,Atlanta,Sales,55.0,2020-05-07,https://www.protocol.com/salesloft-shot-money-from-guns-layoffs-coronavirus,145.0,Series D,2020-05-08 14:03:07,United States,,Unknown,4.02535169073515
Tally,SF Bay Area,Finance,28.0,2020-05-07,https://layoffs.fyi/2020/05/13/credit-card-automation-startup-tally-laid-off-28-employees/,92.0,Series C,2020-05-11 14:02:29,United States,0.23,Unknown,3.367295829986474
Uber,SF Bay Area,Transportation,3700.0,2020-05-06,https://layoffs.fyi/2020/05/12/uber-laid-off-3700-employees-with-more-expected/,24700.0,Post-IPO,2020-05-06 13:49:11,United States,0.14,Unknown,8.216358332386156
Validity,Boston,Data,130.0,2020-05-06,https://www.americaninno.com/boston/inno-news-boston/customer-data-quality-startup-validity-lays-off-130/,241.5,Private Equity,2020-05-07 00:30:16,United States,0.33,Unknown,4.875197323201151
Flatiron School,New York City,Education,100.0,2020-05-06,https://www.businessinsider.com/weworks-flatiron-school-lays-off-workers-2020-5,15.0,Acquired,2020-05-07 04:07:08,United States,,Unknown,4.61512051684126
Rubicon Project,Los Angeles,Marketing,50.0,2020-05-06,https://www.adexchanger.com/platforms/post-merger-rubicon-project-cuts-8-of-staff/,60.0,Post-IPO,2020-05-07 03:51:22,United States,0.08,Unknown,3.9318256327243257
Segment,SF Bay Area,Data,50.0,2020-05-06,https://www.businessinsider.com/segment-10-percent-layoffs-downturn-2020-5,283.0,Series D,2020-05-07 22:45:16,United States,0.1,Unknown,3.9318256327243257
Airbnb,SF Bay Area,Travel,1900.0,2020-05-05,https://layoffs.fyi/2020/05/07/airbnb-laid-off-1900-employees/,5400.0,Private Equity,2020-05-05 19:32:52,United States,0.25,Unknown,7.550135342488429
Juul,SF Bay Area,Consumer,900.0,2020-05-05,https://layoffs.fyi/2020/06/03/juul-layoff-list-emerges-1550-employees-have-been-cut-in-the-past-year/,1500.0,Unknown,2020-05-06 15:23:07,United States,0.3,Unknown,6.803505257608338
Andela,New York City,Recruiting,135.0,2020-05-05,https://layoffs.fyi/2020/07/08/andela-layoff-list-emerges/,181.0,Series D,2020-05-06 15:03:16,United States,0.1,Unknown,4.912654885736052
Stack Overflow,New York City,Recruiting,40.0,2020-05-05,https://www.businessinsider.com/stack-overflow-reduces-workforce-furloughs-layoffs-2020-5,68.0,Series D,2020-05-07 03:54:31,United States,0.15,Unknown,3.713572066704308
Pipedrive,Tallinn,Sales,31.0,2020-05-05,https://news.err.ee/1086024/pipedrive-laying-off-14-employees-in-tallinn-tartu-offices,90.0,Series C,2020-05-07 22:42:55,Estonia,,Unknown,3.4657359027997265
Workable,Boston,Recruiting,25.0,2020-05-05,https://www.insider.gr/epiheiriseis/tehnologia/136195/se-mazikes-apolyseis-prohora-i-workable,84.0,Series C,2020-05-06 13:56:58,United States,0.1,Unknown,3.258096538021482
Curefit,Bengaluru,Fitness,800.0,2020-05-04,https://www.reuters.com/article/us-curefit-jobs/fitness-group-cure-fit-lays-off-employees-mulls-all-digital-move-sources-idUSKBN22G1WI,404.0,Series D,2020-05-04 14:34:30,India,0.16,Unknown,6.68586094706836
Careem,Dubai,Transportation,536.0,2020-05-04,https://www.thenational.ae/business/economy/dubai-s-careem-cuts-536-jobs-as-lockdowns-hit-ride-hailing-across-middle-east-1.1014784,771.0,Acquired,2020-05-04 14:36:22,United Arab Emirates,0.31,Unknown,6.285998094508865
Oriente,Hong Kong,Finance,400.0,2020-05-04,https://www.dealstreetasia.com/stories/oriente-lay-off-workforce-187008/,175.0,Series B,2020-05-05 23:48:13,Hong Kong,0.2,Unknown,5.993961427306569
Veriff,Tallinn,Security,63.0,2020-05-04,https://news.err.ee/1085714/estonian-id-verification-company-veriff-to-lay-off-63-staff,7.0,Series A,2020-05-05 14:36:13,Estonia,0.21,Unknown,4.1588830833596715
Element AI,Montreal,Other,62.0,2020-05-04,https://www.theglobeandmail.com/business/article-element-ai-cuts-staff-adds-senior-executives-as-it-attempts-to-live/,257.0,Series B,2020-05-06 22:57:13,Canada,0.15,Unknown,4.143134726391533
Deputy,Sydney,HR,60.0,2020-05-04,https://www.afr.com/young-rich/young-rich-lister-shifts-gears-to-survive-20200403-p54gty,106.0,Series B,2020-05-18 14:26:39,Australia,0.3,Unknown,4.110873864173311
Loopio,Toronto,Sales,11.0,2020-05-04,https://betakit.com/loopio-lays-off-11-staff-as-it-sees-increased-scrutiny-from-buyers-during-pandemic/,11.0,Series A,2020-05-07 03:57:42,Canada,0.08,Unknown,2.4849066497880004
Trax,Tel Aviv,Retail,120.0,2020-05-03,"https://www.calcalistech.com/ctech/articles/0,7340,L-3815332,00.html",386.0,Series D,2020-05-17 14:18:56,Israel,0.1,Unknown,4.795790545596741
LiveTiles,New York City,Other,50.0,2020-05-03,https://medium.com/@ErikRalston/livetiles-time-to-say-goodbye-d86bfb28a93,46.0,Post-IPO,2020-05-09 03:48:28,United States,,Unknown,3.9318256327243257
OYO,London,Travel,150.0,2020-05-01,https://www.yahoo.com/lifestyle/coronavirus-covid-19-oyo-hotels-uk-redundancies-exclusive-155109993.html,2400.0,Series F,2020-05-04 23:56:43,United Kingdom,,Unknown,5.017279836814924
Namely,New York City,HR,110.0,2020-05-01,https://layoffs.fyi/2020/05/11/namely-laid-off-160-employees-citing-challenges-faced-by-its-smb-customers/,217.0,Series E,2020-05-02 14:14:00,United States,0.4,Unknown,4.709530201312334
Culture Trip,London,Media,95.0,2020-05-01,https://www.businessinsider.com/culture-trip-layoffs-2020-5?,102.0,Series B,2020-05-01 21:01:44,United Kingdom,0.32,Unknown,4.564348191467836
Sandbox VR,SF Bay Area,Consumer,80.0,2020-05-01,https://layoffs.fyi/2020/05/08/sandbox-vr-laid-off-its-engineering-team/,82.0,Series A,2020-05-01 22:19:25,United States,0.8,Unknown,4.394449154672439
Virtudent,Boston,Healthcare,70.0,2020-05-01,https://www.americaninno.com/boston/inno-news-boston/teledentisty-startup-virtudent-downsizes-amid-coronavirus-crisis/,10.0,Series A,2020-05-01 23:22:44,United States,,Unknown,4.2626798770413155
Monese,Lisbon,Finance,35.0,2020-05-01,https://www.altfi.com/article/6531_exclusive-monese-looking-to-close-lisbon-and-berlin-offices-with-layoffs-across-the-company,80.0,Unknown,2020-06-01 13:11:04,Portugal,,Unknown,3.58351893845611
TheSkimm,New York City,Media,26.0,2020-05-01,https://www.wsj.com/articles/theskimm-cuts-20-of-staff-amid-coronavirus-pandemic-11588362569,28.0,Series C,2020-05-02 03:21:16,United States,0.2,Unknown,3.295836866004329
Bullhorn,Boston,Sales,100.0,2020-04-30,https://layoffs.fyi/2020/05/05/bullhorn-laid-off-100-employees/,32.0,Acquired,2020-05-02 18:13:58,United States,,Unknown,4.61512051684126
Care.com,Boston,Consumer,81.0,2020-04-30,https://www.bloomberg.com/news/articles/2020-04-30/iac-to-cut-81-care-com-employees-in-restructuring-after-deal,156.0,Acquired,2020-05-01 03:40:19,United States,,Unknown,4.406719247264253
Lyft,SF Bay Area,Transportation,982.0,2020-04-29,https://layoffs.fyi/2020/04/30/lyft-laid-off-982-employees/,4900.0,Post-IPO,2020-04-29 16:16:49,United States,0.17,Unknown,6.890609120147166
WeWork,SF Bay Area,Real Estate,300.0,2020-04-29,https://news.crunchbase.com/news/wework-lays-off-staff-as-part-of-a-realignment/,2250.0,late_stage,2020-04-28 14:35:21,United States,,Unknown,5.707110264748875
Kayak / OpenTable,Stamford,Travel,160.0,2020-04-29,https://skift.com/2020/04/29/kayak-and-opentable-layoffs-and-furloughs-impact-400-employees/,229.0,Acquired,2020-04-30 04:07:09,United States,0.08,Unknown,5.081404364984463
Kitopi,New York City,Food,124.0,2020-04-29,https://commercialobserver.com/2020/04/ghost-kitchen-kitopi-cuts-124-new-york-city-employees/,89.0,Series B,2020-04-29 23:00:21,United States,,Unknown,4.8283137373023015
Lime,SF Bay Area,Transportation,80.0,2020-04-29,https://layoffs.fyi/2020/05/04/lime-laid-off-80-employees/,765.0,Series D,2020-04-29 22:26:47,United States,0.13,Unknown,4.394449154672439
Transfix,New York City,Logistics,24.0,2020-04-29,https://www.freightwaves.com/news/breaking-transfix-lays-off-10-of-its-staff,128.0,Series D,2020-04-29 22:58:38,United States,0.1,Unknown,3.2188758248682006
TripAdvisor,Boston,Travel,900.0,2020-04-28,https://layoffs.fyi/2020/04/30/tripadvisor-laid-off-900-employees/,3.0,Post-IPO,2020-04-28 15:28:12,United States,0.25,Unknown,6.803505257608338
Renmoney,Lagos,Finance,391.0,2020-04-28,https://techcabal.com/2020/04/28/tech-startups-recession/,172.5,Unknown,2020-05-15 04:06:05,Nigeria,0.5,Unknown,5.971261839790462
Deliveroo,London,Food,367.0,2020-04-28,https://layoffs.fyi/2020/06/24/deliveroo-layoff-list-showcases-over-100-of-its-global-employees/,1500.0,late_stage,2020-04-28 17:46:56,United Kingdom,0.15,Unknown,5.908082938168931
App Annie,SF Bay Area,Data,80.0,2020-04-28,https://www.gamesindustry.biz/articles/2020-04-28-app-annie-lays-off-a-small-fraction-of-its-workforce,156.0,Unknown,2020-04-28 14:36:43,United States,0.18,Unknown,4.394449154672439
OpenX,Los Angeles,Marketing,35.0,2020-04-28,https://www.adexchanger.com/platforms/openx-cuts-staff-hours-and-executive-pay-in-response-to-reduced-marketer-spend/,70.0,Unknown,2020-04-29 14:20:19,United States,0.15,Unknown,3.58351893845611
PayJoy,SF Bay Area,Finance,27.0,2020-04-28,https://layoffs.fyi/2020/05/27/exclusive-fintech-startup-payjoy-laid-off-23-employees/,71.0,Series B,2020-05-27 22:09:17,United States,0.25,Unknown,3.332204510175204
Shipsi,Los Angeles,Retail,20.0,2020-04-28,https://dot.la/shipsi-los-angeles-layoffs-2645859647.html,2.0,Seed,2020-04-28 22:17:39,United States,0.5,Unknown,3.044522437723423
Automation Anywhere,SF Bay Area,Other,260.0,2020-04-27,https://siliconangle.com/2020/04/27/automation-anywhere-lays-off-tenth-workforce-due-covid-19/,840.0,Series B,2020-04-27 17:38:59,United States,0.1,Unknown,5.564520407322694
JetClosing,Seattle,Real Estate,20.0,2020-04-27,https://www.nytimes.com/2020/04/27/technology/startups-sba-loans-backlash.html,24.0,Series A,2020-04-28 03:55:45,United States,0.2,Unknown,3.044522437723423
OYO,Sao Paulo,Travel,500.0,2020-04-25,https://headtopics.com/br/oyo-demite-centenas-no-brasil-contaazul-enxuga-um-terco-do-time-link-estad-o-12623044,2400.0,Series F,2020-05-11 14:13:14,Brazil,,Unknown,6.2166061010848646
Stoqo,Jakarta,Food,250.0,2020-04-25,https://www.bloomberg.com/news/articles/2020-04-29/indonesian-startup-stoqo-becomes-latest-casualty-of-the-virus,20.0,Series A,2020-04-26 14:40:18,Indonesia,1.0,Unknown,5.5254529391317835
Submittable,Missoula,Other,30.0,2020-04-25,https://layoffs.fyi/2020/05/15/submittable-laid-off-30-employees-as-university-clients-shut-down-operations/,17.0,Series B,2020-05-14 22:12:19,United States,0.2,Unknown,3.4339872044851463
Divergent 3D,Los Angeles,Transportation,57.0,2020-04-24,https://techcrunch.com/2020/04/24/manufacturing-startup-divergent-3d-reduces-staff-by-one-third/,88.0,Series B,2020-04-24 21:48:15,United States,0.36,Unknown,4.060443010546419
Ada Support,Toronto,Support,36.0,2020-04-24,https://betakit.com/ada-support-lays-off-23-percent-of-staff-amid-uncertainty-caused-by-pandemic/,60.0,Series B,2020-04-24 21:34:02,Canada,0.23,Unknown,3.6109179126442243
UPshow,Chicago,Marketing,19.0,2020-04-24,https://www.chicagobusiness.com/john-pletz-technology/what-covid-19-means-chicagos-tech-sector,7.0,Series A,2020-04-25 05:59:47,United States,0.3,Unknown,2.995732273553991
Lighter Capital,Seattle,Finance,18.0,2020-04-24,https://www.geekwire.com/2020/seattle-investment-company-lighter-capital-trims-staff-preserve-runway/,15.0,Series B,2020-04-27 14:22:34,United States,0.22,Unknown,2.9444389791664403
Horizn Studios,Berlin,Travel,15.0,2020-04-24,https://www.deutsche-startups.de/2020/04/24/horizn-studios-sanierung/,30.0,Series B,2020-04-27 14:26:06,Germany,0.25,Unknown,2.772588722239781
Welkin Health,SF Bay Area,Healthcare,10.0,2020-04-24,https://nypost.com/2020/09/13/welkin-health-startup-cut-staff-three-days-before-ppp-loan/,29.0,Series B,2020-09-16 18:30:24,United States,0.33,Unknown,2.3978952727983707
Jiobit,Chicago,Consumer,6.0,2020-04-24,https://www.chicagobusiness.com/john-pletz-technology/what-covid-19-means-chicagos-tech-sector,12.0,Unknown,2020-04-25 05:58:11,United States,0.21,Unknown,1.9459101490553132
TutorMundi,Sao Paulo,Education,4.0,2020-04-24,Company executive,2.0,Series A,2020-05-03 04:35:28,Brazil,1.0,Unknown,1.6094379124341003
StockX,Detroit,Retail,100.0,2020-04-23,https://www.inputmag.com/style/stockx-layoffs-12-percent-staff-cutting-costs-profit,160.0,Series C,2020-04-24 04:29:44,United States,0.12,Unknown,4.61512051684126
Zenefits,SF Bay Area,HR,87.0,2020-04-23,https://www.businessinsider.com/coronavirus-hr-startup-zenefits-lays-off-15-percent-staff-2020-4,583.0,Series C,2020-04-24 00:53:18,United States,0.15,Unknown,4.477336814478207
Sisense,New York City,Data,80.0,2020-04-23,"https://www.calcalistech.com/ctech/articles/0,7340,L-3810192,00.html?path=5211.Ctech-5220.ctech.News",274.0,Series F,2020-04-23 22:09:58,United States,0.09,Unknown,4.394449154672439
Oscar Health,New York City,Healthcare,70.0,2020-04-23,https://www.bloomberg.com/news/articles/2020-04-24/white-house-linked-oscar-health-laying-off-5-of-staff,1300.0,Unknown,2020-04-24 00:29:21,United States,0.05,Unknown,4.2626798770413155
Simon Data,New York City,Marketing,6.0,2020-04-23,Internal memo,68.0,Series C,2020-05-15 22:59:17,United States,,Unknown,1.9459101490553132
Magic Leap,Miami,Consumer,1000.0,2020-04-22,https://layoffs.fyi/2020/04/27/magic-leap-laid-off-1000-employees/,2600.0,Series E,2020-04-22 16:59:24,United States,0.5,Unknown,6.90875477931522
When I Work,Minneapolis,HR,55.0,2020-04-22,https://www.americaninno.com/minne/inno-news-minne/after-long-period-of-growth-when-i-work-cuts-35-of-minneapolis-staff/,24.0,Series B,2020-04-23 14:34:28,United States,0.35,Unknown,4.02535169073515
Ike,SF Bay Area,Transportation,10.0,2020-04-22,https://www.theinformation.com/briefings/59d773,52.0,Series A,2020-04-22 22:53:18,United States,0.14,Unknown,2.3978952727983707
Swiggy,Bengaluru,Food,800.0,2020-04-21,https://entrackr.com/2020/04/exclusive-swiggy-to-lay-off-cloud-kitchen-staff-shuts-down-kitchens/,1600.0,late_stage,2020-04-22 04:14:08,India,,Unknown,6.68586094706836
Paytm,New Delhi,Finance,500.0,2020-04-21,https://hrnxt.com/news/paytm-to-lay-off-about-500-employees-after-a-performance-review/17875/2020/04/21/,2200.0,Unknown,2020-04-22 04:15:26,India,,Unknown,6.2166061010848646
Lending Club,SF Bay Area,Finance,460.0,2020-04-21,https://www.cnbc.com/2020/04/21/lendingclub-cuts-30percent-of-workforce-as-covid-19-dampens-demand-for-loans.html,392.0,Post-IPO,2020-04-21 21:55:44,United States,0.3,Unknown,6.133398042996649
Houzz,SF Bay Area,Consumer,155.0,2020-04-21,https://techcrunch.com/2020/04/21/houzz-lays-off-155-employees-cuts-executive-salaries/,613.0,Series E,2020-04-21 19:34:23,United States,0.1,Unknown,5.049856007249537
Casper,New York City,Retail,78.0,2020-04-21,https://www.fastcompany.com/90494129/breaking-casper-lays-off-78-corporate-employees-winds-down-europe-business,339.0,Post-IPO,2020-04-21 20:59:26,United States,0.21,Unknown,4.3694478524670215
RealSelf,Seattle,Healthcare,40.0,2020-04-21,https://www.geekwire.com/2020/cosmetic-treatment-review-startup-realself-cuts-staff-elective-medical-procedures-put-hold/,42.0,Series B,2020-04-22 00:09:38,United States,0.13,Unknown,3.713572066704308
Freshbooks,Toronto,Finance,38.0,2020-04-21,https://betakit.com/freshbooks-reduces-headcount-by-9-ceo-says-company-remains-in-growth-mode-despite-covid-19/,75.0,Series B,2020-04-22 17:05:01,Canada,0.09,Unknown,3.6635616461296463
Patreon,SF Bay Area,Media,30.0,2020-04-21,https://techcrunch.com/2020/04/21/patreon-lays-off-13-of-workforce/,165.0,Series D,2020-04-21 21:58:53,United States,0.13,Unknown,3.4339872044851463
Lambda School,SF Bay Area,Education,19.0,2020-04-21,https://techcrunch.com/2020/04/22/lambda-school-cuts-staff-and-exec-pay-amid-market-uncertainty/,48.0,Series B,2020-04-22 04:19:57,United States,,Unknown,2.995732273553991
Politico / Protocol,Washington D.C.,Media,13.0,2020-04-21,https://www.niemanlab.org/2020/04/protocol-11-weeks-into-life-is-already-laying-off-a-big-chunk-of-its-staff/,172.5,Unknown,2020-04-22 00:38:31,United States,,Unknown,2.6390573296152584
Bringg,Tel Aviv,Logistics,10.0,2020-04-21,"https://www.calcalistech.com/ctech/articles/0,7340,L-3809651,00.html",84.0,Series D,2020-04-23 22:11:50,Israel,0.1,Unknown,2.3978952727983707
Klook,Hong Kong,Travel,300.0,2020-04-20,https://layoffs.fyi/2020/08/09/asian-travel-startup-klook-releases-talent-directory/,521.0,Series D,2020-05-06 03:43:48,Hong Kong,0.15,Unknown,5.707110264748875
ConsenSys,New York City,Crypto,91.0,2020-04-20,https://www.coindesk.com/new-layoffs-hit-ethereum-incubator-consensys,10.0,Unknown,2020-04-21 01:48:53,United States,0.14,Unknown,4.5217885770490405
GumGum,Los Angeles,Marketing,90.0,2020-04-20,https://www.businessinsider.com/gumgum-lays-off-25-of-employees-citing-the-coronavirus-impact-2020-4,58.0,Series D,2020-04-24 07:13:10,United States,0.25,Unknown,4.51085950651685
Kueski,Guadalajara,Finance,90.0,2020-04-20,https://elceo.com/tecnologia/fintech-de-prestamos-en-linea-sufriran-estragos-por-el-covid-19/,38.0,Series B,2020-04-21 02:21:01,Mexico,0.3,Unknown,4.51085950651685
Movidesk,Blumenau,Support,33.0,2020-04-20,https://scinova.com.br/demissoes-a-conta-da-covid-19-bate-as-portas-de-empresas-de-tecnologia-em-santa-catarina/,1.0,Seed,2020-04-27 22:02:31,Brazil,0.25,Unknown,3.5263605246161616
Zum,SF Bay Area,Transportation,28.0,2020-04-20,https://layoffs.fyi/2020/04/23/kid-friendly-ride-service-zum-conducts-layoff/,71.0,Series C,2020-04-23 15:25:28,United States,,Unknown,3.367295829986474
Komodo Health,SF Bay Area,Healthcare,23.0,2020-04-20,https://www.businessinsider.com/forward-primary-care-startup-layoffs-amid-coronavirus-pandemic-2020-4,50.0,Series C,2020-04-21 01:53:50,United States,0.09,Unknown,3.1780538303479458
Forward,SF Bay Area,Healthcare,10.0,2020-04-20,https://www.businessinsider.com/forward-primary-care-startup-layoffs-amid-coronavirus-pandemic-2020-4,100.0,Series C,2020-04-21 01:52:14,United States,0.03,Unknown,2.3978952727983707
BlackBuck,Bengaluru,Logistics,200.0,2020-04-17,https://www.cnbctv18.com/startup/coronavirus-effect-blackbuck-to-lay-off-over-200-employees-ecom-express-puts-hiring-on-hold-5704301.htm,293.0,Series D,2020-04-19 04:41:40,India,,Unknown,5.303304908059076
ContaAzul,Joinville,Education,140.0,2020-04-17,https://www.contxto.com/en/brazil/startups-brazil-confirm-layoffs-covid-cause/,37.0,Series D,2020-04-27 21:59:27,Brazil,0.35,Unknown,4.948759890378168
Greenhouse,New York City,Recruiting,120.0,2020-04-17,https://layoffs.fyi/2020/04/20/greenhouse-lays-off-120-employees/,110.0,Series D,2020-04-17 16:31:03,United States,0.28,Unknown,4.795790545596741
QuintoAndar,Sao Paulo,Real Estate,88.0,2020-04-17,https://labs.ebanx.com/en/notes/brazilian-home-rentals-unicorn-quintoandar-lays-off-8-of-employees/,335.0,Series D,2020-04-18 13:37:34,Brazil,0.08,Unknown,4.48863636973214
Loft,Sao Paulo,Real Estate,47.0,2020-04-17,"https://link.estadao.com.br/noticias/inovacao,quinto-andar-demite-cerca-de-8-do-time-por-conta-do-coronavirus,70003274741",263.0,Series C,2020-04-18 13:41:28,Brazil,0.1,Unknown,3.871201010907891
Zilingo,Singapore,Retail,44.0,2020-04-17,https://www.bloomberg.com/news/articles/2020-04-20/singapore-s-zilingo-cuts-jobs-after-putting-global-push-on-hold,307.0,Series D,2020-04-19 04:43:15,Singapore,0.05,Unknown,3.8066624897703196
Labster,Copenhagen,Education,40.0,2020-04-17,LinkedIn,34.0,Series B,2020-04-27 04:21:26,Denmark,,Unknown,3.713572066704308
Sweetgreen,Los Angeles,Food,35.0,2020-04-17,https://dot.la/sweetgreen-layoffs-2645746821.html,478.0,late_stage,2020-04-17 23:26:12,United States,0.1,Unknown,3.58351893845611
People.ai,SF Bay Area,Marketing,30.0,2020-04-17,https://techcrunch.com/2020/04/17/sales-startup-people-ai-lays-off-18-of-staff-raises-debt-round-amid-covid-19-uncertainty/,100.0,Series C,2020-04-17 21:18:04,United States,0.18,Unknown,3.4339872044851463
Tor,Boston,Security,13.0,2020-04-17,https://blog.torproject.org/covid19-impact-tor,1.0,Unknown,2020-04-18 16:55:23,United States,0.37,Unknown,2.6390573296152584
CarGurus,Boston,Transportation,130.0,2020-04-16,https://layoffs.fyi/2020/05/04/cargurus-laid-off-130-employees/,1.0,Post-IPO,2020-04-16 23:46:47,United States,0.13,Unknown,4.875197323201151
Funding Societies,Singapore,Finance,65.0,2020-04-16,https://www.techinasia.com/raising-40m-funding-societies-streamlines-business-pandemic,42.0,Series B,2020-04-19 05:16:40,Singapore,0.18,Unknown,4.189654742026425
CleverTap,Mumbai,Marketing,60.0,2020-04-16,https://inc42.com/buzz/startupsvscovid19-indian-startup-layoffs-pay-cut-tracker/,76.0,Series C,2020-04-21 15:07:21,India,0.2,Unknown,4.110873864173311
Opendoor,SF Bay Area,Real Estate,600.0,2020-04-15,https://layoffs.fyi/2020/04/16/opendoor-lays-off-600-people-amid-declining-real-estate-activity/,1500.0,Series E,2020-04-15 19:27:35,United States,0.35,Unknown,6.398594934535208
GoPro,SF Bay Area,Consumer,200.0,2020-04-15,https://techcrunch.com/2020/04/16/gopro-lays-off-200-employees-representing-20-of-the-company/,288.0,Post-IPO,2020-04-15 23:42:26,United States,0.2,Unknown,5.303304908059076
Shop101,Mumbai,Retail,200.0,2020-04-15,https://inc42.com/buzz/exclusive-shop101-lays-off-200-employees-remaining-to-get-pay-cuts/,19.0,Series C,2020-04-21 06:10:20,India,0.4,Unknown,5.303304908059076
Zume,SF Bay Area,Food,200.0,2020-04-15,https://www.businessinsider.com/zume-employee-layoffs-softbank-robotics-startup-zoom-2020-4,423.0,Unknown,2020-04-15 20:52:52,United States,0.67,Unknown,5.303304908059076
Carta,SF Bay Area,Finance,161.0,2020-04-15,https://layoffs.fyi/2020/04/22/carta-laid-off-161-employees-citing-customer-slowdown/,447.0,Series E,2020-04-15 17:32:19,United States,0.16,Unknown,5.087596335232384
Akulaku,Jakarta,Finance,100.0,2020-04-15,https://www.techinasia.com/indonesia-online-lenders-tighten-credit-cut-jobs,160.0,Series D,2020-04-20 15:15:00,Indonesia,,Unknown,4.61512051684126
Parsable,SF Bay Area,HR,40.0,2020-04-15,Company executive,72.0,Series C,2020-04-28 17:43:40,United States,0.25,Unknown,3.713572066704308
Kodiak Robotics,SF Bay Area,Transportation,15.0,2020-04-15,https://www.freightwaves.com/news/kodiak-robotics-lays-of-20-of-its-staff,40.0,Series A,2020-04-16 22:41:52,United States,0.2,Unknown,2.772588722239781
Tulip Retail,Toronto,Retail,14.0,2020-04-15,https://www.linkedin.com/posts/aliasaria_today-tulip-made-the-difficult-decision-to-activity-6656277826045571072-PEPm,51.0,Series B,2020-04-16 06:30:55,Canada,,Unknown,2.70805020110221
Trove Recommerce,SF Bay Area,Retail,13.0,2020-04-15,https://layoffs.fyi/2020/04/22/trove-recommerce-laid-off-13-employees/,34.0,Series C,2020-04-22 06:24:02,United States,,Unknown,2.6390573296152584
The RealReal,SF Bay Area,Retail,235.0,2020-04-14,https://techcrunch.com/2020/04/14/the-real-real-layoffs-furloughs/,358.0,Post-IPO,2020-04-15 04:11:39,United States,0.1,Unknown,5.4638318050256105
TouchBistro,Toronto,Food,131.0,2020-04-14,https://betakit.com/touchbistro-furloughs-131-employees-as-restaurants-hit-hard-by-covid-19-pandemic/,224.0,Series E,2020-04-14 21:58:15,Canada,0.23,Unknown,4.882801922586371
Envoy,SF Bay Area,HR,58.0,2020-04-14,https://www.forbes.com/sites/alexandrawilson1/2020/04/15/smart-office-startup-envoy-furloughs-and-lays-off-30-of-employees-cuts-salaries-of-others/#e0729a7b94cf,59.0,Series B,2020-04-15 23:16:24,United States,0.3,Unknown,4.07753744390572
VSCO,SF Bay Area,Consumer,45.0,2020-04-14,https://layoffs.fyi/2020/04/15/vsco-lays-off-45-employees-30/,90.0,Series B,2020-04-14 22:26:51,United States,0.35,Unknown,3.828641396489095
Skillz,SF Bay Area,Consumer,21.0,2020-04-14,https://fortune.com/2020/04/14/coronavirus-layoffs-startup-jobs-tech-industry-covid-19-jobs/,132.0,Series D,2020-04-24 04:25:38,United States,,Unknown,3.091042453358316
DataStax,SF Bay Area,Data,15.0,2020-04-14,https://www.businessinsider.com/967-million-datastax-april-layoffs-third-cuts-under-ceo-kapoor-2020-4,190.0,Series E,2020-04-15 23:55:23,United States,,Unknown,2.772588722239781
Xerpa,Sao Paulo,HR,10.0,2020-04-14,https://www.linkedin.com/posts/nreise_ex-xerpas-incr%C3%ADveis-e-dispon%C3%ADveis-covid-activity-6655927070826221568-kunx/,5.0,Unknown,2020-04-14 22:00:39,Brazil,,Unknown,2.3978952727983707
Groupon,Chicago,Retail,2800.0,2020-04-13,https://layoffs.fyi/2020/04/17/groupon-laid-off-or-furloughed-2800-employees/,1400.0,Post-IPO,2020-04-13 21:14:40,United States,0.44,Unknown,7.937731775260109
Zoox,SF Bay Area,Transportation,100.0,2020-04-13,https://www.theinformation.com/briefings/b836b8,955.0,Series B,2020-04-14 04:07:36,United States,0.1,Unknown,4.61512051684126
Neon,Sao Paulo,Finance,70.0,2020-04-13,"https://link.estadao.com.br/noticias/inovacao,neon-demite-funcionarios-e-eventbrite-fecha-operacoes-no-brasil,70003269607",120.0,Series B,2020-04-14 21:51:39,Brazil,0.1,Unknown,4.2626798770413155
EasyPost,SF Bay Area,Logistics,50.0,2020-04-13,LinkedIn,12.0,Series A,2020-04-14 14:31:24,United States,0.25,Unknown,3.9318256327243257
Clearbanc,Toronto,Finance,17.0,2020-04-13,https://techcrunch.com/2020/04/13/clearbanc-cuts-number-of-staff-to-navigate-long-term-economic-impact-of-covid-19/,119.0,Series B,2020-04-13 21:21:43,Canada,0.08,Unknown,2.8903717578961645
Meow Wolf,Santa Fe,Media,201.0,2020-04-10,https://www.sfreporter.com/news/2020/04/10/meow-wolf-cuts-significant-portion-of-staff/,185.0,Unknown,2020-04-12 05:45:20,United States,,Unknown,5.308267697401205
Frontdesk,Milwaukee,Travel,35.0,2020-04-10,https://www.linkedin.com/posts/jessedepinto_today-was-one-of-the-hardest-days-weve-experienced-activity-6654491888835448832-rAdg/,3.0,Unknown,2020-04-11 04:59:06,United States,0.16,Unknown,3.58351893845611
BeeTech,Sao Paulo,Finance,30.0,2020-04-10,https://valorinveste.globo.com/mercados/brasil-e-politica/noticia/2020/04/10/demisses-em-startups-j-somam-quase-mil-pessoas-no-brasil.ghtml,14.0,Series B,2020-04-29 21:56:07,Brazil,,Unknown,3.4339872044851463
Built In,Chicago,Recruiting,28.0,2020-04-10,https://www.americaninno.com/chicago/roundups-chicago/chicago-layoffs-local-tech-companies-that-have-cut-staff-due-to-coronavirus/,29.0,Series C,2020-05-14 23:13:32,United States,,Unknown,3.367295829986474
NuoDB,Boston,Data,20.0,2020-04-10,https://www.americaninno.com/boston/inno-news-boston/cambridge-database-startup-nuodb-lays-off-nearly-one-third-of-its-staff/,85.0,Unknown,2020-04-11 15:33:55,United States,0.29,Unknown,3.044522437723423
Rhumbix,SF Bay Area,Construction,16.0,2020-04-10,Company executive,35.0,Series B,2020-04-13 21:19:35,United States,0.27,Unknown,2.833213344056216
Atsu,Seattle,Infrastructure,6.0,2020-04-10,Company executive,1.0,Unknown,2020-04-17 17:55:53,United States,1.0,Unknown,1.9459101490553132
Geekwire,Seattle,Media,5.0,2020-04-10,https://www.geekwire.com/2020/geekwire-reduces-staff-due-economic-impact-covid-19-pandemic/,172.5,Unknown,2020-04-12 07:49:25,United States,0.31,Unknown,1.791759469228055
Yelp,SF Bay Area,Consumer,1000.0,2020-04-09,https://layoffs.fyi/2020/04/14/yelp-laid-off-1000-employees-and-furloughed-another-1100/,56.0,Post-IPO,2020-04-09 13:20:33,United States,0.17,Unknown,6.90875477931522
Monzo,Las Vegas,Finance,165.0,2020-04-09,https://techcrunch.com/2020/04/09/monzo-to-shutter-las-vegas/,324.0,Series F,2020-04-09 21:56:12,United States,,Unknown,5.111987788356544
OneTrust,Atlanta,Legal,150.0,2020-04-09,https://www.americaninno.com/atlanta/atlanta-startups/atlanta-privacy-unicorn-onetrust-announces-layoffs/,410.0,Series B,2020-04-10 04:43:00,United States,0.1,Unknown,5.017279836814924
Omie,Sao Paulo,Finance,136.0,2020-04-09,"https://link.estadao.com.br/noticias/inovacao,onda-de-demissoes-em-startups-atinge-getninjas-creditas-e-omie,70003263878",26.0,Series B,2020-04-09 21:59:05,Brazil,0.31,Unknown,4.919980925828125
Domo,Salt Lake City,Data,90.0,2020-04-09,https://www.ksl.com/article/46740514/domo-forced-to-lay-off-10-of-workforce-due-to-economic-impact-caused-by-covid-19,689.0,Post-IPO,2020-04-11 04:56:24,United States,0.1,Unknown,4.51085950651685
Matterport,SF Bay Area,Data,90.0,2020-04-09,https://layoffs.fyi/2020/04/24/matterport-laid-off-90-employees/,114.0,Series D,2020-04-14 22:16:51,United States,0.34,Unknown,4.51085950651685
Clinc,Ann Arbor,Support,40.0,2020-04-09,https://www.mlive.com/news/ann-arbor/2020/04/ann-arbor-ai-startup-clinc-lays-off-32-of-its-workers.html,59.0,Series B,2020-04-02 21:11:13,United States,0.32,Unknown,3.713572066704308
Mejuri,Toronto,Retail,36.0,2020-04-09,https://betakit.com/mejuri-lays-off-15-percent-of-staff-as-its-forced-to-close-all-retail-stores-due-to-pandemic/,28.0,Series B,2020-04-10 04:15:08,Canada,0.15,Unknown,3.6109179126442243
Code42,Minneapolis,Data,25.0,2020-04-09,https://www.bizjournals.com/twincities/inno/stories/news/2020/04/09/cuts-at-code42-cybersecurity-company-eliminates-25.html,137.5,Series B,2020-09-08 17:47:34,United States,0.05,Unknown,3.258096538021482
Lighthouse Labs,Toronto,Education,14.0,2020-04-09,https://betakit.com/as-lighthouse-labs-faces-staff-cuts-extends-coding-scholarships-to-covid-19-jobless/,172.5,Unknown,2020-04-10 04:17:23,Canada,0.07,Unknown,2.70805020110221
LoopMe,London,Marketing,8.0,2020-04-09,https://www.adweek.com/programmatic/multiple-ad-tech-companies-suffer-layoffs-as-unemployment-spikes/,32.0,Unknown,2020-04-10 06:08:04,United Kingdom,0.04,Unknown,2.1972245773362196
Eventbrite,SF Bay Area,Consumer,500.0,2020-04-08,https://layoffs.fyi/2020/04/13/eventbrite-laid-off-500-employees/,332.0,Post-IPO,2020-04-08 20:36:31,United States,0.45,Unknown,6.2166061010848646
Meesho,Bengaluru,Retail,200.0,2020-04-08,https://entrackr.com/2020/04/exclusive-meesho-lays-off-over-200-employees-due-to-covid-19/,215.0,Series D,2020-04-10 04:54:31,India,0.28,Unknown,5.303304908059076
Scoop,SF Bay Area,Transportation,92.0,2020-04-08,https://layoffs.fyi/2020/04/10/scoop-announces-layoff/,95.0,Series C,2020-04-09 04:48:26,United States,0.33,Unknown,4.532599493153256
Unison,SF Bay Area,Finance,89.0,2020-04-08,https://www.bizjournals.com/sanfrancisco/news/2020/04/03/exclusive-s-f-proptech-raises-doubts-about-its.html,40.0,Series B,2020-04-04 04:34:16,United States,0.45,Unknown,4.499809670330265
Lever,SF Bay Area,Recruiting,86.0,2020-04-08,https://layoffs.fyi/2020/04/13/lever-laid-off-109-employees/,72.0,Series C,2020-04-09 00:03:19,United States,0.4,Unknown,4.465908118654584
Unbabel,Lisbon,Support,80.0,2020-04-08,https://www.time24.news/i/2020/04/unbabel-will-lay-off-35-of-employees-there-are-more-than-80-people-observer.html,91.0,Series C,2020-04-09 21:39:49,Portugal,0.35,Unknown,4.394449154672439
Button,New York City,Marketing,48.0,2020-04-08,LinkedIn,64.0,Series C,2020-04-10 14:31:17,United States,0.35,Unknown,3.8918202981106265
Eden / Managed By Q,New York City,Real Estate,40.0,2020-04-08,https://layoffs.fyi/2020/04/08/remainder-of-managed-by-q-team-furloughed-or-laid-off-by-eden/,40.0,Series B,2020-04-08 17:15:35,United States,0.4,Unknown,3.713572066704308
Quantcast,SF Bay Area,Marketing,30.0,2020-04-08,https://www.adexchanger.com/platforms/quantcast-lays-off-5-and-cuts-salaries-due-to-economic-impact-of-the-coronavirus/,65.0,Series C,2020-04-08 15:33:01,United States,0.05,Unknown,3.4339872044851463
BVAccel,San Diego,Marketing,25.0,2020-04-08,https://www.businessinsider.com/bvaccel-cuts-employees-due-to-coronavirus-impact-on-dtc-brands-2020-4,172.5,Unknown,2020-04-12 06:35:16,United States,0.25,Unknown,3.258096538021482
VideoAmp,Los Angeles,Marketing,21.0,2020-04-08,https://www.businessinsider.com/videoamp-cuts-staff-and-2020-revenue-projections-due-to-coronavirus-2020-4,106.0,Series C,2020-04-10 04:28:51,United States,0.1,Unknown,3.091042453358316
Kenoby,Sao Paulo,Recruiting,18.0,2020-04-08,"https://link.estadao.com.br/noticias/inovacao,onda-de-demissoes-em-startups-atinge-getninjas-creditas-e-omie,70003263878",23.0,Unknown,2020-04-12 06:37:34,Brazil,0.16,Unknown,2.9444389791664403
Connected,Toronto,Product,17.0,2020-04-08,https://layoffs.fyi/2020/04/13/connected-laid-off-17-employees/,172.5,Unknown,2020-04-11 06:09:33,Canada,0.1,Unknown,2.8903717578961645
GetNinjas,Sao Paulo,Consumer,11.0,2020-04-08,"https://link.estadao.com.br/noticias/inovacao,onda-de-demissoes-em-startups-atinge-getninjas-creditas-e-omie,70003263878",16.0,Series B,2020-04-12 06:41:02,Brazil,0.1,Unknown,2.4849066497880004
Spyce,Boston,Food,4.0,2020-04-08,https://www.americaninno.com/boston/inno-news-boston/robotic-kitchen-spyce-lays-off-staff-amid-coronavirus-crisis/,26.0,Series A,2020-04-08 23:49:19,United States,0.12,Unknown,1.6094379124341003
Toast,Boston,Food,1300.0,2020-04-07,https://layoffs.fyi/2020/04/10/toast-cuts-1300-employees/,902.0,Series F,2020-04-07 21:23:31,United States,0.5,Unknown,7.170888478512505
ezCater,Boston,Food,400.0,2020-04-07,https://www.axios.com/ezcater-corporate-catering-unicorn-lays-off-hundreds-084d76ff-45fc-4011-8121-e938924e3819.html,319.0,Series D,2020-04-07 22:55:49,United States,0.44,Unknown,5.993961427306569
Sage Therapeutics,Boston,Healthcare,340.0,2020-04-07, https://www.biopharmadive.com/news/sage-restructuring-layoffs-340-employees/575641/,438.0,Post-IPO,2020-04-08 22:22:07,United States,0.53,Unknown,5.831882477283517
Redfin,Seattle,Real Estate,236.0,2020-04-07,https://www.geekwire.com/2020/redfin-lays-off-7-staff-furloughs-hundreds-agents-due-covid-19-impact-housing-demand/,319.0,Post-IPO,2020-04-07 21:49:36,United States,0.07,Unknown,5.4680601411351315
Branch Metrics,SF Bay Area,Marketing,100.0,2020-04-07,https://news.crunchbase.com/news/branch-metrics-lays-off-20-percent-of-employees/,367.0,Series E,2020-04-09 21:50:48,United States,0.2,Unknown,4.61512051684126
Newfront Insurance,SF Bay Area,Finance,94.0,2020-04-07,https://layoffs.fyi/2020/06/15/newfront-insurance-layoff-list-released/,172.5,Unknown,2020-04-08 05:54:37,United States,,Unknown,4.553876891600541
Ibotta,Denver,Retail,87.0,2020-04-07,https://businessden.com/2020/04/14/rebate-app-ibotta-cuts-15-percent-of-staff/,85.0,Series D,2020-04-12 06:44:26,United States,0.15,Unknown,4.477336814478207
Virta Health,SF Bay Area,Healthcare,65.0,2020-04-07,https://www.statnews.com/2020/04/07/coronavirus-related-layoffs-hit-health-tech-startups/,175.0,Series C,2020-04-07 23:40:13,United States,,Unknown,4.189654742026425
Away,New York City,Retail,60.0,2020-04-07,https://techcrunch.com/2020/04/07/away-the-high-flying-travel-brand-startup-just-furloughed-half-its-employees-and-laid-off-10/,181.0,Series D,2020-04-07 21:05:22,United States,0.1,Unknown,4.110873864173311
MediaMath,New York City,Marketing,53.0,2020-04-07,https://www.adexchanger.com/platforms/mediamath-cuts-8-of-staff-citing-coronavirus/,607.0,Private Equity,2020-04-08 04:37:00,United States,0.08,Unknown,3.9889840465642745
Group Nine Media,New York City,Media,50.0,2020-04-07,https://www.axios.com/group-nine-media-layoffs-76644172-c473-42aa-b9a3-3a7e60b1baed.html,190.0,Unknown,2020-04-07 23:38:46,United States,0.07,Unknown,3.9318256327243257
Payfactors,Boston,HR,46.0,2020-04-07,LinkedIn,172.5,Unknown,2020-04-09 05:03:45,United States,,Unknown,3.8501476017100584
Nav,Salt Lake City,Finance,30.0,2020-04-07,https://layoffs.fyi/2020/04/20/nav-laid-off-30-employees/,99.0,Series C,2020-04-19 18:10:08,United States,,Unknown,3.4339872044851463
Metromile,SF Bay Area,Finance,100.0,2020-04-06,https://layoffs.fyi/2020/04/08/metromile-laid-off-100-employees/,293.0,Series E,2020-04-07 04:50:58,United States,0.33,Unknown,4.61512051684126
Rock Content,Belo Horizonte,Marketing,100.0,2020-04-06,"https://link.estadao.com.br/noticias/inovacao,startups-brasileiras-fazem-demissoes-por-conta-do-coronavirus,70003262126",0.7,Series A,2020-04-06 21:18:32,Brazil,0.2,Unknown,4.61512051684126
BounceX,New York City,Marketing,77.0,2020-04-06,https://www.adweek.com/programmatic/multiple-ad-tech-companies-suffer-layoffs-as-unemployment-spikes/,75.0,Series B,2020-04-06 23:03:47,United States,0.2,Unknown,4.356708826689592
C6 Bank,Sao Paulo,Finance,60.0,2020-04-06,"https://link.estadao.com.br/noticias/inovacao,startups-brasileiras-fazem-demissoes-por-conta-do-coronavirus,70003262126",172.5,Unknown,2020-04-06 21:17:19,Brazil,0.06,Unknown,4.110873864173311
Wordstream,Boston,Marketing,26.0,2020-04-06,https://www.linkedin.com/posts/hkogan_earlier-this-week-our-executive-team-made-activity-6654464027185475585-tEV3,28.0,Acquired,2020-04-09 05:31:05,United States,0.1,Unknown,3.295836866004329
Cogito,Boston,Support,24.0,2020-04-06,https://www.americaninno.com/boston/inno-news-boston/more-coronavirus-layoffs-emotional-ai-startup-cogito-makes-cuts/,92.0,Series C,2020-04-06 22:01:47,United States,0.14,Unknown,3.2188758248682006
BusBud,Montreal,Transportation,23.0,2020-04-06,https://www.journaldemontreal.com/2020/04/06/busbud-licencie-le-tiers-de-ses-employes,21.0,Series B,2020-04-28 03:56:37,Canada,0.32,Unknown,3.1780538303479458
Borrowell,Toronto,Finance,15.0,2020-04-06,https://betakit.com/borrowell-lays-off-20-percent-of-staff-citing-financial-institutions-pulling-back-amid-covid-19/,72.0,Series B,2020-04-06 23:55:30,Canada,0.2,Unknown,2.772588722239781
PerkSpot,Chicago,HR,10.0,2020-04-06,https://www.americaninno.com/chicago/inno-news-chicago/layoffs-at-hr-tech-company-perkspot-amid-covid-19/,50.0,Private Equity,2020-04-10 04:44:38,United States,0.1,Unknown,2.3978952727983707
Astra,SF Bay Area,Aerospace,40.0,2020-04-05,https://www.cnbc.com/2020/04/05/rocket-startup-astra-trims-staff-to-survive-pandemic-until-next-year.html,100.0,Unknown,2020-04-05 17:55:01,United States,0.25,Unknown,3.713572066704308
Iflix,Kuala Lumpur,Consumer,50.0,2020-04-04,https://technode.global/2020/04/07/iflix-job-cuts-coronavirus/,348.0,Unknown,2020-06-11 23:20:28,Malaysia,0.12,Unknown,3.9318256327243257
Gympass,Sao Paulo,Fitness,467.0,2020-04-03,https://forbes.com.br/negocios/2020/04/exclusivo-gympass-desliga-um-terco-dos-colaboradores/,300.0,Series D,2020-04-05 21:25:43,Brazil,0.33,Unknown,6.148468295917647
Sojern,SF Bay Area,Marketing,300.0,2020-04-03,https://www.adweek.com/programmatic/sojern-lays-off-50-of-staff-as-coronavirus-cuts-through-the-travel-industry/,162.0,Series D,2020-04-03 22:12:07,United States,0.5,Unknown,5.707110264748875
MaxMilhas,Belo Horizonte,Travel,167.0,2020-04-03,https://revistapegn.globo.com/Startups/noticia/2020/04/por-novo-coronavirus-startups-gympass-e-maxmilhas-cortam-equipes.html,172.5,Unknown,2020-04-06 05:08:41,Brazil,0.42,Unknown,5.123963979403259
Minted,SF Bay Area,Retail,147.0,2020-04-03,https://www.theinformation.com/briefings/d4f745,297.0,Series E,2020-04-05 17:53:20,United States,0.37,Unknown,4.997212273764115
Velodyne Lidar,SF Bay Area,Transportation,140.0,2020-04-03,https://www.bloomberg.com/news/articles/2020-04-04/silicon-valley-startup-firings-over-virus-face-early-court-test,225.0,Unknown,2020-04-05 04:34:31,United States,,Unknown,4.948759890378168
Zoox,SF Bay Area,Transportation,120.0,2020-04-03,https://www.theverge.com/2020/4/6/21210000/zoox-layoff-coronavirus-self-driving-car-safety-drivers,955.0,Series B,2020-04-07 00:03:11,United States,,Unknown,4.795790545596741
Traveloka,Jakarta,Travel,100.0,2020-04-03,https://asia.nikkei.com/Business/Startups/Coronavirus-drives-Indonesia-s-Traveloka-to-lay-off-staff,172.5,Unknown,2020-04-07 14:51:54,Indonesia,0.1,Unknown,4.61512051684126
Arrive Logistics,Austin,Logistics,75.0,2020-04-03,https://www.freightwaves.com/news/citing-coronavirus-arrive-logistics-cuts-10-of-workforce,35.0,Series B,2020-04-05 04:41:38,United States,0.07,Unknown,4.330733340286331
Salsify,Boston,Retail,60.0,2020-04-03,https://www.americaninno.com/boston/inno-news-boston/salsify-lays-off-60-cuts-executive-pay-amid-coronavirus-driven-uncertainty/,97.0,Series D,2020-04-04 02:02:44,United States,0.13,Unknown,4.110873864173311
Jetty,New York City,Finance,35.0,2020-04-03,https://layoffs.fyi/2020/04/17/jetty-laid-off-40-of-staff-after-pausing-sales-of-new-insurance-policies/,40.0,Series B,2020-04-06 21:21:41,United States,0.4,Unknown,3.58351893845611
D2iQ,SF Bay Area,Infrastructure,34.0,2020-04-03,https://www.businessinsider.com/d2iq-mesosphere-layoffs-34-coronavirus-crisis-2020-4,247.0,Series D,2020-04-22 23:02:23,United States,0.13,Unknown,3.5553480614894135
Bustle Digital Group,New York City,Media,24.0,2020-04-03,https://digiday.com/media/bustle-digital-group-g-o-media-announce-layoffs-and-cost-saving-measures/,80.0,Series E,2020-04-03 21:51:33,United States,0.08,Unknown,3.2188758248682006
Bustle Digital Group,New York City,Media,19.0,2020-04-03,https://www.adweek.com/media/bdg-input-mic-layoffs/,80.0,Series E,2022-09-21 04:06:44,United States,,Unknown,2.995732273553991
Opencare,Toronto,Healthcare,18.0,2020-04-03,https://betakit.com/opencare-lays-off-one-quarter-of-staff-as-it-prepares-to-weather-the-storm-of-covid-19/,24.0,Series A,2020-04-04 04:32:27,Canada,0.25,Unknown,2.9444389791664403
Anagram,Los Angeles,Healthcare,17.0,2020-04-03,https://www.statnews.com/2020/04/07/coronavirus-related-layoffs-hit-health-tech-startups/,14.0,Series A,2020-04-05 05:21:14,United States,,Unknown,2.8903717578961645
G/O Media Group,New York City,Media,14.0,2020-04-03,https://digiday.com/media/bustle-digital-group-g-o-media-announce-layoffs-and-cost-saving-measures/,172.5,Unknown,2020-04-08 04:48:14,United States,0.05,Unknown,2.70805020110221
DSCO,Salt Lake City,Retail,12.0,2020-04-03,https://www.linkedin.com/posts/claytonperkins_recommendationsoverresumes-c19-activity-6651856309597675520-BGA9/,4.0,Series A,2020-04-07 00:36:21,United States,,Unknown,2.5649493574615367
Tripbam,Dallas,Travel,10.0,2020-04-03,https://www.bizjournals.com/dallas/news/2020/04/03/more-travel-tech-companies-reduce-salaries-cut.html,172.5,Unknown,2020-04-04 04:37:21,United States,0.25,Unknown,2.3978952727983707
Avantage Entertainment,Minneapolis,Media,5.0,2020-04-03,https://www.bizjournals.com/twincities/news/2020/04/03/minnesota-tech-firms-used-to-growth-slam-on-hiring.html,172.5,Unknown,2020-04-04 04:45:52,United States,0.2,Unknown,1.791759469228055
MindBody,San Luis Obispo,Fitness,700.0,2020-04-02,https://www.sanluisobispo.com/news/business/article241730706.html,114.0,Post-IPO,2020-04-02 22:47:10,United States,0.35,Unknown,6.55250788703459
Katerra,SF Bay Area,Construction,240.0,2020-04-02,https://www.constructiondive.com/news/katerra-ceos-salary-cut-to-0-amid-layoffs-operation-shutdowns/575460/,1200.0,Series D,2020-04-04 16:11:24,United States,0.03,Unknown,5.484796933490655
Ritual,Toronto,Food,196.0,2020-04-02,https://layoffs.fyi/2020/04/02/ritual-lays-off-196-employees-due-to-covid-19-impact-on-restaurants/,112.0,Series C,2020-04-02 17:07:42,Canada,0.54,Unknown,5.2832037287379885
ClassPass,New York City,Fitness,154.0,2020-04-02,https://layoffs.fyi/2020/04/03/classpass-laid-off-or-furloughed-half-its-staff/,549.0,Series E,2020-04-02 22:29:06,United States,0.22,Unknown,5.043425116919247
eGym,Munich,Fitness,100.0,2020-04-02,https://www.tz.de/muenchen/stadt/muenchen-ort29098/corona-muenchen-kuendigung-video-videocall-start-up-mitarbeiter-erklaerung-firma-13637702.html,109.0,Series D,2020-04-20 14:43:02,Germany,0.25,Unknown,4.61512051684126
Voi,Stockholm,Transportation,100.0,2020-04-02,https://www.businessinsider.com/scooter-startup-voi-layoffs-furloughs-staff-covid-19-2020-4,167.0,Series B,2020-04-02 22:49:31,Sweden,,Unknown,4.61512051684126
Industrious,New York City,Real Estate,90.0,2020-04-02,https://commercialobserver.com/2020/04/industrious-cuts-a-third-of-its-workforce/,222.0,Series D,2020-04-03 14:21:11,United States,0.2,Unknown,4.51085950651685
1stdibs,New York City,Retail,70.0,2020-04-02,https://twitter.com/eringriffith/status/1246147841350762497,253.0,Series D,2020-04-08 05:51:30,United States,0.17,Unknown,4.2626798770413155
ThirdLove,SF Bay Area,Retail,65.0,2020-04-02,https://www.businessinsider.com/victorias-secret-challenger-thirdlove-sees-layoffs-due-to-coronavirus-2020-4,68.0,Series B,2020-04-02 22:24:30,United States,0.3,Unknown,4.189654742026425
Latch,New York City,Security,60.0,2020-04-02,LinkedIn,152.0,Series B,2020-04-04 04:54:20,United States,,Unknown,4.110873864173311
The Predictive Index,Boston,HR,59.0,2020-04-02,https://layoffs.fyi/2020/04/06/the-predictive-index-lays-off-59-employees,65.0,Acquired,2020-04-03 21:49:53,United States,0.25,Unknown,4.0943445622221
Shuttl,New Delhi,Transportation,40.0,2020-04-02,https://inc42.com/buzz/startupsvscovid19-startups-choose-layoffs-to-keep-businesses-running/,122.0,Series C,2020-04-10 05:00:15,India,,Unknown,3.713572066704308
Jobcase,Boston,Recruiting,39.0,2020-04-02,LinkedIn,118.0,Private Equity,2020-04-02 17:11:31,United States,0.2,Unknown,3.6888794541139363
Copper,SF Bay Area,Marketing,35.0,2020-04-02,LinkedIn,102.0,Series C,2020-04-07 00:53:19,United States,,Unknown,3.58351893845611
Dynamic Signal,SF Bay Area,HR,35.0,2020-04-02,LinkedIn,114.0,Series E,2020-04-10 04:21:15,United States,0.19,Unknown,3.58351893845611
FiscalNote,Washington D.C.,Media,30.0,2020-04-02,https://www.adweek.com/digital/dozens-fired-at-cq-roll-publication-known-for-reporting-inside-washington/,50.0,Series D,2020-04-15 17:39:10,United States,,Unknown,3.4339872044851463
Sauce Labs,SF Bay Area,Infrastructure,30.0,2020-04-02,LinkedIn,151.0,Unknown,2020-04-14 21:56:36,United States,0.15,Unknown,3.4339872044851463
Humu,SF Bay Area,HR,26.0,2020-04-02,https://www.bloomberg.com/news/articles/2020-04-02/humu-a-startup-run-by-former-google-hr-boss-cuts-jobs,40.0,Series B,2020-04-03 15:02:40,United States,,Unknown,3.295836866004329
TripleLift,New York City,Marketing,23.0,2020-04-02,https://www.adweek.com/programmatic/triplelift-confirms-staff-salary-cuts-amid-wave-of-industry-austerity/,16.0,Series B,2020-04-10 21:09:47,United States,0.07,Unknown,3.1780538303479458
Coding Dojo,Seattle,Education,7.0,2020-04-02,https://www.geekwire.com/2020/engineering-bootcamp-coding-dojo-cuts-jobs-launches-volunteer-program-help-small-businesses/,2.0,Unknown,2020-04-12 21:17:03,United States,0.07,Unknown,2.0794415416798357
Instamojo,Bengaluru,Finance,6.0,2020-04-02,https://www.business-standard.com/article/companies/covid-19-crisis-consumer-internet-start-ups-brace-for-salary-cuts-layoffs-120040101707_1.html,8.0,Unknown,2020-04-12 05:58:54,India,0.06,Unknown,1.9459101490553132
Synergysuite,Salt Lake City,Food,5.0,2020-04-02,https://www.linkedin.com/feed/update/urn:li:activity:6651167936918753280?commentUrn=urn%3Ali%3Acomment%3A%28activity%3A6651167936918753280%2C6651190820756172801%29,6.0,Series A,2020-04-03 13:29:40,United States,0.07,Unknown,1.791759469228055
Booksy,SF Bay Area,Consumer,200.0,2020-04-01,LinkedIn,48.0,Series B,2020-04-07 14:32:38,United States,,Unknown,5.303304908059076
Flymya,Yangon,Travel,200.0,2020-04-01,https://www.techinasia.com/myanmar-travel-startup-lays-staff-bookings-drop,172.5,Unknown,2020-05-06 03:47:36,Myanmar,0.33,Unknown,5.303304908059076
PatientPop,Los Angeles,Healthcare,100.0,2020-04-01,LinkedIn,75.0,Series B,2020-04-01 21:43:38,United States,0.2,Unknown,4.61512051684126
Showpad,Chicago,Marketing,52.0,2020-04-01,https://www.americaninno.com/chicago/inno-news-chicago/showpad-lays-off-52-employees-globally-18-in-chicago/,159.0,Series D,2020-04-01 21:33:22,United States,0.12,Unknown,3.970291913552122
Highsnobiety,Berlin,Media,51.0,2020-04-01,https://digiday.com/media/highsnobiety-closes-commerce-cuts-25-of-staff/,8.5,Series A,2020-04-08 04:49:58,Germany,0.25,Unknown,3.9512437185814275
Earnin,SF Bay Area,Finance,50.0,2020-04-01,LinkedIn,190.0,Series C,2020-04-03 13:56:06,United States,0.2,Unknown,3.9318256327243257
Wonolo,SF Bay Area,Recruiting,46.0,2020-04-01,https://www.bizjournals.com/sanfrancisco/news/2020/04/01/wonolo-cuts-workforce-amid-covid-19-outbreak.html,52.0,Series C,2020-03-28 20:52:49,United States,0.13,Unknown,3.8501476017100584
Acko,Mumbai,Finance,45.0,2020-04-01,https://entrackr.com/2020/04/exclusive-acko-insurance-layoff/,143.0,Unknown,2020-04-08 05:56:21,India,0.09,Unknown,3.828641396489095
Moovel,Portland,Transportation,28.0,2020-04-01,https://www.oregonlive.com/silicon-forest/2020/04/transit-tech-company-moovel-says-second-round-of-portland-layoffs-will-reduce-staff-nearly-40.html,172.5,Unknown,2020-04-02 22:08:47,United States,0.37,Unknown,3.367295829986474
Aqua Security,Tel Aviv,Security,24.0,2020-04-01,https://www.bizjournals.com/boston/news/2020/04/02/cybersecurity-company-lays-off-workers-via-zoom.html,100.0,Series C,2020-04-04 02:15:40,Israel,0.09,Unknown,3.2188758248682006
Crayon,Boston,Marketing,20.0,2020-04-01,LinkedIn,16.0,Series A,2020-04-07 13:57:52,United States,0.2,Unknown,3.044522437723423
Pana,Denver,Travel,18.0,2020-04-01,https://businessden.com/2020/04/01/business-travel-startup-pana-cuts-18-employees/,11.0,Series A,2020-04-02 04:00:39,United States,,Unknown,2.9444389791664403
Sensibill,Toronto,Finance,17.0,2020-04-01,https://betakit.com/following-layoffs-sensibill-secures-5-million-in-debt-financing/,50.0,Series B,2020-05-22 23:39:37,Canada,0.2,Unknown,2.8903717578961645
Usermind,Seattle,Marketing,15.0,2020-04-01,https://www.geekwire.com/2020/seattle-marketing-software-startup-usermind-lays-off-15-employees/,46.0,Series C,2020-04-02 04:01:05,United States,0.25,Unknown,2.772588722239781
Incredible Health,SF Bay Area,Healthcare,9.0,2020-04-01,https://www.statnews.com/2020/04/07/coronavirus-related-layoffs-hit-health-tech-startups/,15.0,Series A,2020-04-07 14:18:08,United States,0.4,Unknown,2.302585092994046
KeepTruckin,SF Bay Area,Logistics,349.0,2020-03-31,https://layoffs.fyi/2020/03/31/keeptruckin-lays-off-another-149-employees-one-month-after-previous-layoff/,227.0,Series D,2020-04-01 04:11:33,United States,0.18,Unknown,5.857933154483459
AdRoll,Salt Lake City,Marketing,210.0,2020-03-31,https://www.adexchanger.com/online-advertising/nextroll-lays-off-30-institutes-20-paycuts/,89.0,Series C,2020-04-01 05:33:52,United States,0.3,Unknown,5.351858133476067
Rover,Seattle,Consumer,194.0,2020-03-31,https://www.geekwire.com/2020/pet-care-startup-rover-lays-off-41-workforce-194-employees-due-covid-19-impact/,310.0,late_stage,2020-03-31 20:59:42,United States,0.41,Unknown,5.272999558563747
Turo,SF Bay Area,Transportation,108.0,2020-03-31,https://layoffs.fyi/2020/04/21/turo-laid-off-108-employees/,467.0,Series E,2020-04-01 05:44:11,United States,0.3,Unknown,4.6913478822291435
uShip,Austin,Logistics,65.0,2020-03-31,https://www.bizjournals.com/austin/news/2020/03/31/austin-layoffs-rounded-up-incredibly-talented.html,69.0,Series D,2020-04-01 00:51:48,United States,0.37,Unknown,4.189654742026425
SkySlope,Sacramento,Real Estate,50.0,2020-03-31,https://www.bizjournals.com/sacramento/news/2020/04/03/skyslope-said-to-cut-sacramento-staff-as-housing.html,80.0,Acquired,2020-05-14 00:15:38,United States,0.25,Unknown,3.9318256327243257
Siteimprove,Minneapolis,Marketing,40.0,2020-03-31,https://www.bizjournals.com/twincities/news/2020/04/03/minnesota-tech-firms-used-to-growth-slam-on-hiring.html,55.0,Unknown,2020-04-04 04:44:01,United States,,Unknown,3.713572066704308
AngelList,SF Bay Area,Recruiting,20.0,2020-03-31,https://techcrunch.com/2020/04/06/angellist-lays-off-a-number-of-staff-and-cuts-executive-salaries/,26.0,Series B,2020-04-06 15:00:40,United States,,Unknown,3.044522437723423
Zenoti,Seattle,Fitness,17.0,2020-03-31,https://www.geekwire.com/2020/spa-salon-software-startup-zenoti-makes-small-layoff-beauty-industry-faces-covid-19-upheaval/,91.0,Series C,2020-03-31 21:10:35,United States,0.04,Unknown,2.8903717578961645
DialSource,Sacramento,Marketing,5.0,2020-03-31,Company executive,26.0,Series B,2020-04-07 17:25:45,United States,0.14,Unknown,1.791759469228055
Thumbtack,SF Bay Area,Consumer,250.0,2020-03-30,https://layoffs.fyi/2020/04/06/thumbtack-laid-off-250-employees/,423.0,Series F,2020-03-30 21:20:55,United States,0.3,Unknown,5.5254529391317835
RigUp,Austin,Energy,120.0,2020-03-30,https://www.americaninno.com/austin/inno-news/austin-tech-unicorn-rigup-sheds-100-plus-jobs/,423.0,Series D,2020-03-31 21:00:51,United States,0.25,Unknown,4.795790545596741
FabHotels,New Delhi,Travel,80.0,2020-03-30,https://entrackr.com/2020/04/exclusive-fabhotels-lays-off-80-employees-slashes-salary/,48.0,Series B,2020-04-10 05:04:32,India,0.2,Unknown,4.394449154672439
Hibob,Tel Aviv,HR,70.0,2020-03-30,https://www.teamblind.com/post/Hibob-layoffs---70-ppl-org-wide-5BmyRsoZ,45.0,Series A,2020-03-31 03:54:56,Israel,0.3,Unknown,4.2626798770413155
PeerStreet,Los Angeles,Finance,51.0,2020-03-30,https://layoffs.fyi/2020/03/31/breaking-la-based-peerstreet-lays-off-50-employees/,110.0,Series C,2020-03-31 21:41:47,United States,0.3,Unknown,3.9512437185814275
Maven,Seattle,Media,31.0,2020-03-30,https://www.businesswire.com/news/home/20200330005734/en/Maven-Announces-Broad-Cost-Containment-Initiative-Including-9,77.0,Post-IPO,2020-04-08 04:50:39,United States,0.09,Unknown,3.4657359027997265
Blume Global,SF Bay Area,Logistics,30.0,2020-03-30,LinkedIn,172.5,Unknown,2020-04-01 05:29:59,United States,0.1,Unknown,3.4339872044851463
Catalant,Boston,Other,30.0,2020-03-30,https://www.americaninno.com/boston/inno-news-boston/catalant-technologies-cuts-workforce-amid-coronavirus-uncertainty/,110.0,Series E,2020-03-31 21:09:44,United States,,Unknown,3.4339872044851463
Starship Technologies,Tallinn,Transportation,30.0,2020-03-30,https://digi.geenius.ee/rubriik/uudis/karmid-numbrid-robotkullerite-tootja-starshipi-pohiari-kukkus-sisuliselt-kokku/,82.0,Series A,2020-04-08 04:33:36,Estonia,,Unknown,3.4339872044851463
Loftsmart,New York City,Real Estate,25.0,2020-03-30,https://www.linkedin.com/posts/swbernstein_founder-operator-and-investor-friends-activity-6647864445718585344-4i-K,18.0,Series A,2020-04-06 14:35:39,United States,0.75,Unknown,3.258096538021482
Caliva,SF Bay Area,Retail,20.0,2020-03-30,https://www.businessinsider.com/cannabis-startup-caliva-laid-off-20-corporate-employees-2020-5,75.0,Series A,2020-05-29 22:37:29,United States,,Unknown,3.044522437723423
Iris Nova,New York City,Food,9.0,2020-03-30,https://www.businessinsider.com/coca-cola-backed-startup-iris-nova-layoffs-due-to-coronavirus-2020-3,15.0,Seed,2020-04-01 00:45:36,United States,0.5,Unknown,2.302585092994046
ZipRecruiter,Los Angeles,Recruiting,400.0,2020-03-29,https://www.wsj.com/articles/ziprecruiter-downsizes-as-employers-scale-back-hiring-11585498957,219.0,Series B,2020-03-29 22:32:22,United States,0.39,Unknown,5.993961427306569
Amplero,Seattle,Marketing,17.0,2020-03-29,https://www.geekwire.com/2020/canary-coal-mine-seattle-marketing-tech-startup-amplero-shuts-lays-off-17-employees/,25.0,Series B,2020-04-01 00:44:13,United States,1.0,Unknown,2.8903717578961645
Polarr,SF Bay Area,Consumer,10.0,2020-03-29,https://medium.com/@derekzhyan/drawing-a-blank-18068b4aff1d,13.0,Series A,2020-04-08 05:53:45,United States,,Unknown,2.3978952727983707
TravelTriangle,Gurugram,Travel,250.0,2020-03-28,https://entrackr.com/2020/03/exclusive-traveltriangle-lays-off-250-employees-covid-crisis/,47.0,Series D,2020-04-01 00:58:22,India,0.5,Unknown,5.5254529391317835
WeWork,New York City,Real Estate,250.0,2020-03-28,https://www.reuters.com/article/wework-layoffs/wework-cuts-about-250-more-jobs-to-reduce-costs-source-idUSL4N2BL0DJ,2250.0,late_stage,2020-03-29 22:30:34,United States,,Unknown,5.5254529391317835
OneWeb,London,Aerospace,451.0,2020-03-27,https://spacenews.com/oneweb-files-for-chapter-11-bankruptcy/,3000.0,Unknown,2020-03-28 20:52:49,United Kingdom,0.85,Unknown,6.113682179832232
Bird,Los Angeles,Transportation,406.0,2020-03-27,https://layoffs.fyi/2020/03/30/bird-lays-off-over-400-employees,623.0,Series D,2020-03-28 20:52:49,United States,0.3,Unknown,6.008813185442595
HOOQ,Singapore,Consumer,250.0,2020-03-27,https://techcrunch.com/2020/03/27/streaming-service-hooq-files-for-liquidation/,95.0,Unknown,2020-04-18 13:33:15,Singapore,1.0,Unknown,5.5254529391317835
Everlane,SF Bay Area,Retail,227.0,2020-03-27,https://www.vice.com/en_ca/article/akw9ej/everlane-reassures-workers-then-lays-off-and-furloughs-hundreds,18.0,Unknown,2020-03-29 22:31:11,United States,,Unknown,5.429345628954441
DataRobot,Boston,Data,200.0,2020-03-27,https://www.americaninno.com/boston/inno-news-boston/datarobot-cuts-workforce-as-coronavirus-roils-the-startup-economy/,430.0,Series E,2020-03-28 20:52:49,United States,,Unknown,5.303304908059076
Restaurant365,Los Angeles,Food,175.0,2020-03-27,https://news.crunchbase.com/news/restaurant365-confirms-coronavirus-related-layoffs/,127.0,Series C,2020-03-28 20:52:49,United States,,Unknown,5.170483995038151
Blueground,New York City,Real Estate,130.0,2020-03-27,https://layoffs.fyi/2020/04/08/blueground-laid-off-130-employees/,77.0,Series B,2020-03-30 14:19:23,United States,0.25,Unknown,4.875197323201151
Knotel,New York City,Real Estate,127.0,2020-03-27,https://commercialobserver.com/2020/03/knotel-cuts-half-of-its-staff-amid-coronavirus-pandemic/,560.0,Series C,2020-03-28 20:52:49,United States,0.3,Unknown,4.852030263919617
Getaround,SF Bay Area,Transportation,100.0,2020-03-27,https://www.bizjournals.com/sanfrancisco/news/2020/03/27/getaround-issues-another-layoff-round-as-it-seeks.html,403.0,Series D,2020-03-29 22:30:11,United States,0.25,Unknown,4.61512051684126
Zipcar,Boston,Transportation,100.0,2020-03-27,https://layoffs.fyi/2020/04/03/zipcar-laid-off-20-of-staff-amid-widescale-travel-disruption,107.0,Acquired,2020-03-28 20:52:49,United States,0.2,Unknown,4.61512051684126
Mogo,Vancouver,Finance,78.0,2020-03-27,https://betakit.com/mogo-lays-off-30-percent-of-staff-makes-company-wide-cuts-citing-covid-19-uncertainty/,201.0,Post-IPO,2020-04-03 14:40:07,Canada,0.3,Unknown,4.3694478524670215
DISCO,Austin,Legal,75.0,2020-03-27,https://www.americaninno.com/austin/inno-news/layoffs-at-fast-rising-austin-startup-disco/,133.0,Series E,2020-03-28 20:52:49,United States,,Unknown,4.330733340286331
Raken,San Diego,Construction,60.0,2020-03-27,LinkedIn,12.0,Series A,2020-04-05 21:21:50,United States,,Unknown,4.110873864173311
Bench,Vancouver,Finance,47.0,2020-03-27,https://betakit.com/bench-re-hires-workers-as-sales-rebound-following-shift-to-helping-us-businesses-with-covid-relief/,49.0,Series B,2020-06-23 01:22:09,Canada,0.1,Unknown,3.871201010907891
Loft,Sao Paulo,Real Estate,47.0,2020-03-27,https://br.financas.yahoo.com/noticias/startup-loft-demitiu-47-antes-165500949.html,263.0,Series C,2020-04-08 20:43:37,Brazil,,Unknown,3.871201010907891
Oh My Green,SF Bay Area,Food,40.0,2020-03-27,https://finance.yahoo.com/news/tech-startups-ask-workers-trade-110029332.html,20.0,Seed,2020-03-29 23:31:27,United States,,Unknown,3.713572066704308
Bevi,Boston,Food,30.0,2020-03-27,https://www.americaninno.com/boston/inno-news-boston/boston-hospitality-startups-downsize-as-the-coronavirus-disruption-continues/,60.0,Series C,2020-03-28 20:52:49,United States,0.2,Unknown,3.4339872044851463
Textio,Seattle,Recruiting,30.0,2020-03-27,https://www.geekwire.com/2020/textio-lays-off-30-amid-covid-19-seattle-startup-hopes-ai-writing-tech-will-aid-job-seekers/,41.0,Unknown,2020-03-28 20:52:49,United States,0.2,Unknown,3.4339872044851463
Opal,Portland,Marketing,20.0,2020-03-27,https://www.oregonlive.com/silicon-forest/2020/03/portland-marketing-technology-startup-opal-lays-off-20-amid-coronavirus-outbreak.html,25.0,Series B,2020-03-28 20:52:49,United States,,Unknown,3.044522437723423
ThirdLove,New York City,Retail,10.0,2020-03-27,https://www.vox.com/the-goods/2020/3/27/21195664/coronavirus-layoffs-furlough-severance,68.0,Series B,2020-04-02 04:05:59,United States,,Unknown,2.3978952727983707
B8ta,SF Bay Area,Retail,250.0,2020-03-26,https://www.retaildive.com/news/b8ta-announces-corporate-layoffs-and-store-associate-furloughs/574955/,88.0,Series C,2020-03-29 22:31:33,United States,0.5,Unknown,5.5254529391317835
Fareportal,Gurugram,Travel,200.0,2020-03-26,https://hrnxt.com/news/exclusive-travel-tech-firm-fareportal-lays-off-employees/16389/2020/03/26/,172.5,Unknown,2020-03-30 14:02:41,India,,Unknown,5.303304908059076
Puppet,Portland,Infrastructure,50.0,2020-03-26,https://www.oregonlive.com/silicon-forest/2020/03/portland-marketing-technology-startup-opal-lays-off-20-amid-coronavirus-outbreak.html,149.0,Series F,2020-03-28 20:52:49,United States,0.1,Unknown,3.9318256327243257
Ecobee,Toronto,Energy,47.0,2020-03-26,https://layoffs.fyi/2020/04/10/ecobee-laid-off-47-employees/,149.0,Series C,2020-03-28 20:52:49,Canada,0.1,Unknown,3.871201010907891
Passport,Charlotte,Transportation,44.0,2020-03-26,https://layoffs.fyi/2020/04/09/passport-lays-off-employees-and-furloughs-others/,123.0,Series D,2020-03-28 20:52:49,United States,,Unknown,3.8066624897703196
Peerspace,SF Bay Area,Real Estate,41.0,2020-03-26,https://www.peerspace.com/blog/ceo-letter-to-the-peerspace-community/,34.0,Series B,2020-03-31 13:33:10,United States,0.75,Unknown,3.7376696182833684
GoSpotCheck,Denver,Retail,23.0,2020-03-26,https://businessden.com/2020/03/26/software-firm-gospotcheck-cuts-23-employees-in-bid-to-extend-runway/,47.0,Series B,2020-03-28 20:52:49,United States,0.2,Unknown,3.1780538303479458
Consider.co,SF Bay Area,Other,13.0,2020-03-26,https://www.consider.co/,5.0,Seed,2020-03-28 20:52:49,United States,1.0,Unknown,2.6390573296152584
TripActions,SF Bay Area,Travel,300.0,2020-03-25,https://layoffs.fyi/2020/03/31/tripactions-laid-off-300-employees-via-a-group-zoom-call/,981.0,Series D,2020-03-28 20:52:49,United States,0.25,Unknown,5.707110264748875
Lyric,SF Bay Area,Real Estate,100.0,2020-03-25,https://therealdeal.com/2020/03/25/another-bloodbath-lyric-to-slash-jobs-drop-units/,179.1,Series B,2020-07-04 03:10:31,United States,,Unknown,4.61512051684126
Rangle,Toronto,Product,78.0,2020-03-25,https://betakit.com/rangle-temporarily-lays-off-78-employees-as-financial-pressures-from-pandemic-hit-cdntech/,172.5,Unknown,2020-03-28 20:52:49,Canada,0.3,Unknown,4.3694478524670215
O'Reilly Media,SF Bay Area,Media,75.0,2020-03-25,https://www.businessinsider.com/oreilly-media-layoffs-events-business-2020-3,172.5,Unknown,2020-03-30 14:03:56,United States,0.15,Unknown,4.330733340286331
WanderJaunt,SF Bay Area,Travel,56.0,2020-03-25,https://www.nytimes.com/2020/04/01/technology/virus-start-ups-pummeled-layoffs-unwinding.html,26.0,Series B,2020-04-01 21:08:37,United States,0.23,Unknown,4.04305126783455
OutboundEngine,Austin,Marketing,52.0,2020-03-25,https://www.bizjournals.com/austin/news/2020/03/25/outbound-engine-lays-off-dozens-amid-coronavirus.html,48.0,Series C,2020-03-28 20:52:49,United States,0.28,Unknown,3.970291913552122
Wonderschool,SF Bay Area,Education,50.0,2020-03-25,https://layoffs.fyi/2020/03/26/wonderschool-lays-off-75-of-employees/,24.0,Series A,2020-03-28 20:52:49,United States,0.75,Unknown,3.9318256327243257
Overtime,New York City,Media,30.0,2020-03-25,https://frntofficesport.com/overtime-coronavirus-job-cuts/,35.0,Series B,2020-04-02 22:27:38,United States,0.23,Unknown,3.4339872044851463
Jama,Portland,Product,12.0,2020-03-25,https://www.oregonlive.com/silicon-forest/2020/03/jama-software-will-lay-off-a-dozen-but-says-business-is-solid-during-coronavirus-outbreak.html,233.0,Unknown,2020-03-28 20:52:49,United States,0.05,Unknown,2.5649493574615367
Element Analytics,SF Bay Area,Data,10.0,2020-03-25,Company executive,22.0,Series A,2020-04-18 18:20:15,United States,,Unknown,2.3978952727983707
Sonder,SF Bay Area,Travel,400.0,2020-03-24,https://layoffs.fyi/2020/03/27/sonder-lays-off-400-employees-bookings-down-20/,359.0,Series D,2020-03-28 20:52:49,United States,0.33,Unknown,5.993961427306569
Takl,Nashville,Consumer,130.0,2020-03-24,https://www.bizjournals.com/nashville/news/2020/03/24/hours-before-nashville-company-laid-off-staff-it.html,172.5,Unknown,2020-04-02 21:07:32,United States,,Unknown,4.875197323201151
Foodsby,Minneapolis,Food,87.0,2020-03-24,https://www.americaninno.com/minne/inno-news-minne/layoffs-at-foodsby-after-drop-in-business-from-coronavirus/,20.0,Series B,2020-03-28 20:52:49,United States,0.67,Unknown,4.477336814478207
Zeus Living,SF Bay Area,Real Estate,80.0,2020-03-24,https://layoffs.fyi/2020/03/30/zeus-living-laid-off-80-employees,79.0,Series B,2020-03-28 20:52:49,United States,0.3,Unknown,4.394449154672439
TravelBank,SF Bay Area,Travel,20.0,2020-03-24,https://www.teamblind.com/post/TravelBank-had-layoffs-t0kHoLwb,35.0,Series B,2020-04-01 17:24:19,United States,,Unknown,3.044522437723423
Compass,New York City,Real Estate,375.0,2020-03-23,https://layoffs.fyi/2020/04/14/compass-laid-off-375-employees-showings-have-dropped-by-60/,1600.0,late_stage,2020-03-28 20:52:49,United States,0.15,Unknown,5.929589143389895
Convene,New York City,Real Estate,150.0,2020-03-23,https://layoffs.fyi/2020/04/08/convene-laid-off-150-employees/,280.0,Series D,2020-03-28 20:52:49,United States,0.18,Unknown,5.017279836814924
Leafly,Seattle,Retail,91.0,2020-03-23,https://www.geekwire.com/2020/leafly-lays-off-additional-91-employees-eliminating-50-percent-staff-2020/,2.0,Acquired,2020-03-28 20:52:49,United States,0.5,Unknown,4.5217885770490405
The Guild,Austin,Travel,38.0,2020-03-23,https://www.americaninno.com/austin/inno-news/report-austin-startup-the-guild-lays-off-38-people/,36.0,Series B,2020-03-28 20:52:49,United States,0.22,Unknown,3.6635616461296463
Drip,Salt Lake City,Marketing,20.0,2020-03-23,LinkedIn,0.0,Acquired,2020-04-01 21:32:19,United States,,Unknown,3.044522437723423
GrayMeta,Los Angeles,Data,20.0,2020-03-23,LinkedIn,7.0,Unknown,2020-04-01 05:31:34,United States,0.4,Unknown,3.044522437723423
Triplebyte,SF Bay Area,Recruiting,15.0,2020-03-23,https://layoffs.fyi/2020/03/26/triplebyte-lays-off-15-talent-managers-and-technical-writers/,48.0,Series B,2020-03-28 20:52:49,United States,0.17,Unknown,2.772588722239781
Ladder Life,SF Bay Area,Finance,13.0,2020-03-23,LinkedIn,94.0,Series C,2020-04-07 13:49:37,United States,0.25,Unknown,2.6390573296152584
Flywheel Sports,New York City,Fitness,784.0,2020-03-20,https://stayfit305.com/solidcore-and-flywheel-announce-layoffs-as-a-result-of-covid-19/,120.0,Acquired,2020-04-09 21:45:39,United States,0.98,Unknown,6.665683717782408
Peek,Salt Lake City,Travel,45.0,2020-03-20,https://layoffs.fyi/2020/04/06/peek-conducted-a-mass-layoff/,39.0,Series B,2020-04-03 14:42:45,United States,,Unknown,3.828641396489095
CTO.ai,Vancouver,Infrastructure,30.0,2020-03-20,LinkedIn,7.0,Seed,2020-04-02 04:13:56,Canada,0.5,Unknown,3.4339872044851463
Yonder,Austin,Media,18.0,2020-03-20,https://www.americaninno.com/austin/inno-news/austin-startup-yonder-lays-off-18-employees-citing-coronavirus-disruptions/,16.0,Series A,2020-03-28 20:52:49,United States,,Unknown,2.9444389791664403
Bounce,Bengaluru,Transportation,120.0,2020-03-19,https://www.cqai520.com/tech/scooter-rental-startup-bounce-lays-off-120-employees-amid-coronavirus-scare-report/#more-18179,214.0,Series D,2020-03-28 20:52:49,India,,Unknown,4.795790545596741
Ejento,SF Bay Area,Recruiting,84.0,2020-03-19,https://layoffs.fyi/list/ejento/,172.5,Unknown,2020-03-28 20:52:49,United States,1.0,Unknown,4.442651256490317
Remote Year,Chicago,Travel,50.0,2020-03-19,https://techcrunch.com/2020/03/19/remote-year-which-helps-you-work-while-traveling-the-world-lays-off-50-of-staff/,17.0,Series B,2020-03-28 20:52:49,United States,0.5,Unknown,3.9318256327243257
Lola,Boston,Travel,34.0,2020-03-19,https://layoffs.fyi/2020/03/19/lola-lays-off-34-employees-due-to-impact-of-the-coronavirus/,81.0,Series C,2020-03-28 20:52:49,United States,,Unknown,3.5553480614894135
Flytedesk,Boulder,Marketing,4.0,2020-03-18,https://businessden.com/2020/03/18/boulder-advertising-startup-flytedesk-lays-off-staff-amid-coronavirus/,4.0,Seed,2020-04-01 00:56:54,United States,0.2,Unknown,1.6094379124341003
Inspirato,Denver,Travel,130.0,2020-03-16,https://businessden.com/2020/03/16/inspirato-cuts-20-of-workforce/,79.0,Series C,2020-03-31 14:45:56,United States,0.22,Unknown,4.875197323201151
Help.com,Austin,Support,16.0,2020-03-16,LinkedIn,6.0,Seed,2020-04-16 06:36:06,United States,1.0,Unknown,2.833213344056216
HopSkipDrive,Los Angeles,Transportation,8.0,2020-03-13,https://layoffs.fyi/2020/04/02/hopskipdrive-laid-off-10-of-team-due-to-school-closures/,45.0,Unknown,2020-04-03 04:47:03,United States,0.1,Unknown,2.1972245773362196
Panda Squad,SF Bay Area,Consumer,6.0,2020-03-13,https://twitter.com/danielsinger/status/1238545571092160514,1.0,Seed,2020-04-17 00:12:49,United States,0.75,Unknown,1.9459101490553132
Tamara Mellon,Los Angeles,Retail,20.0,2020-03-12,https://layoffs.fyi/list/tamara-mellon/,90.0,Series C,2020-03-31 16:04:23,United States,0.4,Unknown,3.044522437723423
EasyPost,Salt Lake City,Logistics,75.0,2020-03-11,https://www.bizjournals.com/louisville/news/2020/03/11/logistics-company-ceasing-operations-planning.html,12.0,Series A,2020-03-31 13:21:54,United States,,Unknown,4.330733340286331
