Industry,Stage,Country,Funds_Raised,Cash_Reserves,Profit_Margin,Revenue_Growth,Laid_Off
Hardware,Post-IPO,United States,1200.0,90943000000.0,0.19587931620761073,0.045112804036393284,0
Hardware,Post-IPO,United States,1200.0,76826000000.0,0.25803354301456405,0.7224489165043742,0
Hardware,Post-IPO,United States,1200.0,69834000000.0,0.2637747812109305,-0.19611626091404266,0
Hardware,Post-IPO,United States,1200.0,61696000000.0,0.2670137780288332,-0.09097606715484907,0
Hardware,Post-IPO,United States,1200.0,62639000000.0,0.2465331094049904,0.023651054841957952,0
Hardware,Post-IPO,United States,1200.0,63913000000.0,0.2793981201339304,0.48686420345489445,0
Hardware,Post-IPO,United States,1200.0,51511000000.0,0.25709821336787353,-0.2151518818830933,0
Hardware,Post-IPO,United States,1200.0,48231000000.0,0.2343567304331055,-0.1471966940109788,0
Hardware,Post-IPO,United States,1200.0,48304000000.0,0.22986044860559537,0.086633156137369,0
Hardware,Post-IPO,United States,1200.0,51355000000.0,0.2560561312460522,0.29960286646107415,0
Hardware,Post-IPO,United States,1200.0,55872000000.0,0.25475557805052934,-0.19050139133106847,0
Hardware,Post-IPO,United States,1200.0,62482000000.0,0.24305292370135825,-0.13748998270698887,0
Hardware,Post-IPO,United States,1200.0,61555000000.0,0.25649735189613176,0.09414770712862319,0
Hardware,Post-IPO,United States,1200.0,73100000000.0,0.2836378841731131,0.33606337571789324,1
Hardware,Post-IPO,United States,1200.0,67150000000.0,0.26044318094167684,-0.24103700606314027,1
Travel,Post-IPO,United States,6400.0,9627586000.0,0.4209431345353675,0.37072243346007605,1
Travel,Post-IPO,United States,6400.0,9622000000.0,0.16771819137749738,-0.34049930651872395,1
Healthcare,Post-IPO,United States,238.0,99450000.0,-56.59065934065934,0.045112804036393284,0
Healthcare,Post-IPO,United States,238.0,279262000.0,-15.35672514619883,1.114010989010989,0
Healthcare,Post-IPO,United States,238.0,252569000.0,-17.331955922865014,-0.05653021442495132,0
Healthcare,Post-IPO,United States,238.0,226004000.0,-36.01221001221001,-0.43595041322314054,1
Healthcare,Post-IPO,United States,238.0,206021000.0,-28.622754491017965,0.22344322344322354,1
Healthcare,Post-IPO,United States,238.0,144258000.0,-18.404255319148938,-0.18497109826589597,1
Healthcare,Post-IPO,United States,238.0,124587000.0,-12.376596376596376,1.6532702915681639,1
Marketing,Post-IPO,United States,2.0,1014400000.0,0.2961240310077519,0.045112804036393284,0
Marketing,Post-IPO,United States,2.0,5992000000.0,0.657126168224299,0.061705426356589044,0
Marketing,Post-IPO,United States,2.0,4963000000.0,0.3229193341869398,0.14047897196261672,0
Marketing,Post-IPO,United States,2.0,5768000000.0,0.2910039113428944,-0.017925736235595346,0
Marketing,Post-IPO,United States,2.0,6164000000.0,0.308005082592122,0.026075619295958363,0
Marketing,Post-IPO,United States,2.0,5798000000.0,0.3,0.044472681067344366,0
Marketing,Post-IPO,United States,2.0,4701000000.0,0.2970436414828719,0.03698296836982973,0
Marketing,Post-IPO,United States,2.0,5299000000.0,0.26858185134518925,0.029094321914594046,0
Marketing,Post-IPO,United States,2.0,5764000000.0,0.25625986916309496,0.010715914272685811,1
Marketing,Post-IPO,United States,2.0,6096000000.0,0.25988950276243095,0.02075344010827873,1
Manufacturing,Post-IPO,United States,426.0,1090264000.0,0.24905984056434288,0.045112804036393284,0
Manufacturing,Post-IPO,United States,426.0,1055860000.0,0.2532446217801932,0.04818162589208708,0
Manufacturing,Post-IPO,United States,426.0,1048063000.0,0.24929706158266696,0.021072597368136492,0
Manufacturing,Post-IPO,United States,426.0,1305216000.0,0.25454629720471866,0.06605824475218447,0
Manufacturing,Post-IPO,United States,426.0,1480701000.0,0.2861586499838247,0.05865269617860047,0
Manufacturing,Post-IPO,United States,426.0,1977964000.0,0.0323508442584272,0.33016687579917137,0
Manufacturing,Post-IPO,United States,426.0,1790399000.0,0.1043392058914582,0.14734557832899076,0
Manufacturing,Post-IPO,United States,426.0,1737733000.0,0.2635451322717142,0.10720550997972289,0
Manufacturing,Post-IPO,United States,426.0,1524960000.0,0.24084048259096813,0.04637046846905046,0
Manufacturing,Post-IPO,United States,426.0,1470572000.0,0.288272127242653,0.04432196740710248,0
Manufacturing,Post-IPO,United States,426.0,1670462000.0,0.29587183771690934,0.0005893372450054279,0
Manufacturing,Post-IPO,United States,426.0,1177609000.0,0.2996251835007187,0.004092773638844971,0
Manufacturing,Post-IPO,United States,426.0,1149246000.0,0.28507083547998613,-0.057137296846699104,1
Manufacturing,Post-IPO,United States,426.0,958061000.0,0.18348350293982957,-0.1170198553873808,1
Healthcare,Post-IPO,United States,406.0,835080000.0,-1.3962127837560363,0.045112804036393284,0
Healthcare,Post-IPO,United States,406.0,688269000.0,-1.4765612058969686,0.14776227232974648,0
Healthcare,Post-IPO,United States,406.0,714264000.0,-1.0572290723687634,0.27354646347523603,0
Healthcare,Post-IPO,United States,406.0,598413000.0,-1.280379171536164,0.0016388325269236503,0
Healthcare,Post-IPO,United States,406.0,415040000.0,-1.4164491853953936,0.024983768341773738,1
Healthcare,Post-IPO,United States,406.0,353061000.0,-1.6196414447666754,-0.038943927838447356,1
Other,Post-IPO,United States,426.0,1519500000.0,0.10754572335998248,0.045112804036393284,0
Other,Post-IPO,United States,426.0,1615500000.0,0.13880722385552288,0.04304019274997262,0
Other,Post-IPO,United States,426.0,1776200000.0,0.8770696958028494,0.09071818563628731,0
Other,Post-IPO,United States,426.0,923200000.0,0.1577350859453994,-0.04793993068925684,0
Other,Post-IPO,United States,426.0,924900000.0,0.1090874775879966,0.07148634984833158,0
Other,Post-IPO,United States,426.0,1792100000.0,0.12142476461183159,0.0623761441917523,0
Other,Post-IPO,United States,426.0,1764000000.0,0.07356340819022457,0.07585716823592104,0
Other,Post-IPO,United States,426.0,1585000000.0,0.12478632478632479,-0.034015852047556194,0
Other,Post-IPO,United States,426.0,1525000000.0,0.15036378334680678,0.057264957264957284,0
Other,Post-IPO,United States,426.0,1804000000.0,0.1546875,0.0347615198059823,1
Other,Post-IPO,United States,426.0,2072000000.0,0.22230652503793627,0.02968750000000009,1
Finance,Post-IPO,United States,1500.0,1014400000.0,-0.13041496561965488,0.045112804036393284,0
Finance,Post-IPO,United States,1500.0,1014400000.0,-1.2444497431339823,0.1304835792806347,0
Finance,Post-IPO,United States,1500.0,520741000.0,-0.47146458858583545,0.1348925931545748,0
Finance,Post-IPO,United States,1500.0,1623672000.0,-1.1382036861740632,0.029051111620444603,0
Finance,Post-IPO,United States,1500.0,3042780000.0,-0.44246574204110123,0.34013029678712625,0
Finance,Post-IPO,United States,1500.0,2878960000.0,-0.1541061331258703,-0.017309721864430694,0
Finance,Post-IPO,United States,1500.0,2850544000.0,-0.5118884806142794,0.026417711028802415,0
Finance,Post-IPO,United States,1500.0,2767423000.0,-0.6948349667057496,-0.006893066838032147,1
Finance,Post-IPO,United States,1500.0,2355256000.0,-0.8069842175604043,0.10489901112758004,1
Finance,Post-IPO,United States,1500.0,2100891000.0,-0.34595516637901347,0.11377109852520606,1
Finance,Post-IPO,United States,1500.0,1950788000.0,-0.28235353825853055,0.1904411868362914,1
Security,Post-IPO,United States,35.0,1444036000.0,0.20006810915122122,0.045112804036393284,0
Security,Post-IPO,United States,35.0,1098073000.0,0.13396164658088805,0.06740535665861547,0
Security,Post-IPO,United States,35.0,1288059000.0,0.18475557369812556,-0.004229061772188403,0
Security,Post-IPO,United States,35.0,1416488000.0,0.18350445109424687,0.012004158023894318,0
Security,Post-IPO,United States,35.0,1917285000.0,0.20796133590133123,0.008804864778664712,0
Security,Post-IPO,United States,35.0,1078195000.0,0.17731549287685092,0.05233438680138969,0
Security,Post-IPO,United States,35.0,506869000.0,0.14759745785688438,-0.0018898601437221663,0
Security,Post-IPO,United States,35.0,690689000.0,0.15259063113008284,-0.0003485874462041405,0
Security,Post-IPO,United States,35.0,864148000.0,0.14025916888159148,-0.023729924324611518,0
Security,Post-IPO,United States,35.0,1425847000.0,0.13878520639074607,0.05202767673285735,1
Security,Post-IPO,United States,35.0,751913000.0,0.10604587975511577,-0.013021419971782078,1
Data,Post-IPO,United States,311.0,317763000.0,-0.8039715875354606,0.045112804036393284,0
Data,Post-IPO,United States,311.0,307445000.0,-0.4431450307542894,0.08688672399006014,0
Data,Post-IPO,United States,311.0,300422000.0,-0.4187317440874399,0.07366866299773389,0
Data,Post-IPO,United States,311.0,310024000.0,-0.4226389127816962,0.0954489776688967,0
Data,Post-IPO,United States,311.0,247248000.0,-0.3658908689583536,0.05993462927920179,0
Data,Post-IPO,United States,311.0,230465000.0,-0.36846057188390696,0.059142402700684826,1
Data,Post-IPO,United States,311.0,267294000.0,-0.395851196654482,0.01867970210548897,1
Retail,Post-IPO,United States,108.0,68402000000.0,0.06584845805814135,0.045112804036393284,0
Retail,Post-IPO,United States,108.0,84396000000.0,0.05752060849826769,0.30589214207707105,0
Retail,Post-IPO,United States,108.0,73270000000.0,0.07470650030409702,-0.13569352076779095,0
Retail,Post-IPO,United States,108.0,89894000000.0,0.0687831623629289,0.04203910871929084,0
Retail,Post-IPO,United States,108.0,78988000000.0,0.028480669963541854,-0.020056597099398665,0
Retail,Post-IPO,United States,108.0,96049000000.0,0.1042339824760574,0.24004620438219693,0
Retail,Post-IPO,United States,108.0,66385000000.0,-0.03301157638006252,-0.15259220446540334,0
Retail,Post-IPO,United States,108.0,60710000000.0,-0.01672798059950179,0.04113565318951595,1
Retail,Post-IPO,United States,108.0,58662000000.0,0.022596203019645794,0.04839401488031414,1
Retail,Post-IPO,United States,108.0,70026000000.0,0.0018632208251789495,0.1739010708019606,1
Retail,Post-IPO,United States,108.0,64405000000.0,0.024906170008951147,-0.14641698613978182,1
Retail,Post-IPO,United States,108.0,63970000000.0,0.050229567728060844,0.0551594717253725,1
Retail,Post-IPO,United States,108.0,64169000000.0,0.06904384168629397,0.06474033173838944,1
Retail,Post-IPO,United States,108.0,86780000000.0,0.06250845782267697,0.18784901071406113,1
Marketing,Post-IPO,United States,1600.0,317235000.0,-0.03681961097370336,0.045112804036393284,0
Marketing,Post-IPO,United States,1600.0,761075000.0,-0.017422422115761983,0.18445110888381966,0
Marketing,Post-IPO,United States,1600.0,1183743000.0,0.021565296962048786,0.10752024004888416,0
Marketing,Post-IPO,United States,1600.0,1049617000.0,0.00024485831919895566,0.08693851430758692,0
Marketing,Post-IPO,United States,1600.0,1520504000.0,0.039530164971580524,0.09150410412806376,1
Marketing,Post-IPO,United States,1600.0,1413256000.0,-0.1842870642335323,-0.21178998575875585,1
Real Estate,Post-IPO,United States,30.0,176717000.0,1.6373236924101515,0.045112804036393284,0
Real Estate,Post-IPO,United States,30.0,168519000.0,-0.007082504970178927,-0.13859619912946264,0
Real Estate,Post-IPO,United States,30.0,148085000.0,0.006069360499740247,0.08958747514910548,0
Real Estate,Post-IPO,United States,30.0,151588000.0,0.022697663971248876,0.128216824419356,0
Real Estate,Post-IPO,United States,30.0,160478000.0,-0.001471678026072707,0.0760220125786164,0
Real Estate,Post-IPO,United States,30.0,122447000.0,-0.013922594142259414,-0.0021814234570864954,0
Real Estate,Post-IPO,United States,30.0,127925000.0,-0.1356841665400395,0.10142259414225951,0
Real Estate,Post-IPO,United States,30.0,118051000.0,-0.25517241379310346,0.11542698678012453,0
Real Estate,Post-IPO,United States,30.0,139250000.0,-0.033274970218821705,0.06495530012771389,0
Real Estate,Post-IPO,United States,30.0,160066000.0,-0.1587966918699318,-0.008162841084434658,1
Real Estate,Post-IPO,United States,30.0,168947000.0,-0.2579720793534166,0.09706750068516334,1
Real Estate,Post-IPO,United States,30.0,163971000.0,-0.12851266360700322,0.0806392358559882,1
Other,Post-IPO,United States,453.0,423864000.0,-1.2441897971309737,0.045112804036393284,0
Other,Post-IPO,United States,453.0,386274000.0,-0.8996767540844535,0.1606654783125372,0
Other,Post-IPO,United States,453.0,386307000.0,-0.7911259504649616,0.12145855577820353,0
Other,Post-IPO,United States,453.0,373585000.0,-0.763930798632066,0.16700794282211473,0
Other,Post-IPO,United States,453.0,343396000.0,-0.6904731056340134,0.12135944030934986,0
Other,Post-IPO,United States,453.0,312031000.0,-0.8043752065672761,0.11572998993392258,0
Other,Post-IPO,United States,453.0,281385000.0,-0.8194884206687333,0.077687161118009,0
Other,Post-IPO,United States,453.0,238912000.0,-0.837452556043174,0.11811415214760546,1
Other,Post-IPO,United States,453.0,545413000.0,-0.7134170914669928,0.048504032736330194,1
Data,Post-IPO,United States,613.0,723211000.0,0.03358850420530848,0.045112804036393284,0
Data,Post-IPO,United States,613.0,756336000.0,0.13726662804388046,0.2375170563611555,0
Data,Post-IPO,United States,613.0,839497000.0,-0.34234036999301104,-0.26019298934135693,0
Data,Post-IPO,United States,613.0,661876000.0,-0.3617889564420755,0.011039163347619896,0
Data,Post-IPO,United States,613.0,596445000.0,-0.46994761176022865,0.028574997917881317,0
Data,Post-IPO,United States,613.0,659249000.0,-0.2180284447515403,0.40622343138921946,0
Data,Post-IPO,United States,613.0,458374000.0,-0.6683951602180561,-0.09056831922611852,0
Data,Post-IPO,United States,613.0,408903000.0,-0.5911602209944752,0.1459975560494109,0
Data,Post-IPO,United States,613.0,379907000.0,-0.3488372093023256,0.18784530386740328,0
Data,Post-IPO,United States,613.0,342000000.0,-0.10631229235880399,0.3999999999999999,1
Data,Post-IPO,United States,613.0,801025000.0,-0.4472165435211742,-0.33858139534883724,1
Retail,Post-IPO,United States,426.0,38278000.0,-0.06289212890346499,0.045112804036393284,0
Retail,Post-IPO,United States,426.0,321000000.0,-0.21090760675475742,0.04810708683872811,0
Retail,Post-IPO,United States,426.0,272599000.0,0.053719145819809924,0.021733585021172397,0
Retail,Post-IPO,United States,426.0,228692000.0,-0.09403317899042696,0.1718513340323895,0
Retail,Post-IPO,United States,426.0,199397000.0,-0.2849580053715865,-0.08512058631366648,0
Retail,Post-IPO,United States,426.0,177242000.0,-0.1174837971788029,0.018039836678931165,0
Retail,Post-IPO,United States,426.0,166310000.0,-0.0739774987136162,0.0965611894776972,1
Retail,Post-IPO,United States,426.0,164181000.0,-0.15833668319263924,-0.06591847803412743,1
Marketing,Post-IPO,United States,145.0,30332000.0,0.026770434357428083,0.045112804036393284,0
Marketing,Post-IPO,United States,145.0,37472000.0,0.0376420189979512,0.09383913291500279,0
Marketing,Post-IPO,United States,145.0,35152000.0,0.093584107120054,0.020990873533246468,0
Marketing,Post-IPO,United States,145.0,40387000.0,0.016902393534348772,-0.0610212160461171,0
Marketing,Post-IPO,United States,145.0,45285000.0,-0.019554090063838354,0.01342477463475289,0
Marketing,Post-IPO,United States,145.0,45739000.0,0.00792158203681541,0.00916358338285761,0
Marketing,Post-IPO,United States,145.0,26705000.0,-0.030667490960864758,0.014019490511198551,0
Marketing,Post-IPO,United States,145.0,27804000.0,-0.005528311936378497,0.020007868262799988,0
Marketing,Post-IPO,United States,145.0,31348000.0,-0.03114340797864452,-0.009238341873748834,0
Marketing,Post-IPO,United States,145.0,31894000.0,-0.10961046346317885,-0.08723861782589348,1
Marketing,Post-IPO,United States,145.0,12478000.0,-0.23875425473370973,-0.003554165481944871,1
Consumer,Post-IPO,United States,313.0,128029000.0,-0.16139028835473954,0.045112804036393284,0
Consumer,Post-IPO,United States,313.0,246002000.0,2.002132233631885,0.04758252075675484,0
Consumer,Post-IPO,United States,313.0,252021000.0,-0.03803626951352455,0.09081909403501776,0
Consumer,Post-IPO,United States,313.0,291575000.0,-0.03682204602630218,0.06943512139063568,0
Consumer,Post-IPO,United States,313.0,369175000.0,-0.060093216450530076,0.039659146258793854,0
Consumer,Post-IPO,United States,313.0,308788000.0,0.07713659953339999,0.014417155690791938,0
Consumer,Post-IPO,United States,313.0,334645000.0,-0.01569300110398438,0.04368899680997962,0
Consumer,Post-IPO,United States,313.0,365105000.0,0.07764390321485219,0.0612802569272739,0
Consumer,Post-IPO,United States,313.0,402559000.0,-0.4576042511629447,0.03863926512751514,0
Consumer,Post-IPO,United States,313.0,388955000.0,-0.006631048619457662,0.005462943036403045,0
Consumer,Post-IPO,United States,313.0,381019000.0,0.02599957649142395,0.069097090735466,0
Consumer,Post-IPO,United States,313.0,439184000.0,0.06050960037748176,0.06073497988334253,1
Consumer,Post-IPO,United States,313.0,355642000.0,-0.0951114067176588,-0.006798301332075041,1
Healthcare,Post-IPO,United States,585.0,1505673000.0,1.6460346823718917,0.045112804036393284,0
Healthcare,Post-IPO,United States,585.0,1065386000.0,0.03766281736807065,-0.05173621598040201,0
Healthcare,Post-IPO,United States,585.0,1087491000.0,0.03574059214451783,0.07500934492620281,0
Healthcare,Post-IPO,United States,585.0,1123397000.0,0.02579465928366551,0.032226405777421085,0
Healthcare,Post-IPO,United States,585.0,1079476000.0,-0.08928370463519775,-0.18527466000123582,0
Healthcare,Post-IPO,United States,585.0,1013875000.0,-0.1287165692181143,0.10047413772012659,0
Healthcare,Post-IPO,United States,585.0,1056238000.0,0.23259055874645476,0.15461861674929422,0
Healthcare,Post-IPO,United States,585.0,1109747000.0,0.05182484760152717,0.027801578484246914,1
Healthcare,Post-IPO,United States,585.0,1273768000.0,-0.013163310536980749,-0.053304808185868024,1
Marketing,Post-IPO,United States,212.0,287639000.0,-0.3332537598472189,0.045112804036393284,0
Marketing,Post-IPO,United States,212.0,293239000.0,-0.10102561044691571,0.45580416241671906,0
Marketing,Post-IPO,United States,212.0,613548000.0,-0.46768739432650763,-0.20649354521332097,0
Marketing,Post-IPO,United States,212.0,250603000.0,-0.8037992965524272,0.10563591959421381,0
Marketing,Post-IPO,United States,212.0,237372000.0,-0.6852302105133571,0.10417480842098104,0
Marketing,Post-IPO,United States,212.0,233467000.0,-0.13142844451354263,0.3857103286962944,0
Marketing,Post-IPO,United States,212.0,208293000.0,0.4863679189730303,-0.24565514331086413,0
Marketing,Post-IPO,United States,212.0,157038000.0,-1.674822624494397,0.11007242963137442,1
Marketing,Post-IPO,United States,212.0,138514000.0,0.08619646246527109,-0.03579338240169749,1
Healthcare,Acquired,United States,80.0,892477000.0,0.26059986570934035,0.045112804036393284,0
Healthcare,Acquired,United States,80.0,1058088000.0,0.10143545814591136,0.019253685869451642,0
Healthcare,Acquired,United States,80.0,1474223000.0,0.12412071671405657,-0.005194888980484258,0
Healthcare,Acquired,United States,80.0,884892000.0,0.02245195657471572,0.04970319460317141,0
Healthcare,Acquired,United States,80.0,782174000.0,0.11975332021776923,0.0077027365617416965,0
Healthcare,Acquired,United States,80.0,842469000.0,0.12038848321472959,-0.010668430546548424,0
Healthcare,Acquired,United States,80.0,880712000.0,0.14416621613777023,-0.0155021465728854,0
Data,Post-IPO,United States,455.0,1043873000.0,-0.9980982136792773,0.045112804036393284,0
Data,Post-IPO,United States,455.0,1030942000.0,-0.9326898703324559,0.16110846974122128,0
Data,Post-IPO,United States,455.0,2016017000.0,-0.9542308718564472,0.1692307692307693,0
Data,Post-IPO,United States,455.0,1990637000.0,-0.8957340711437383,0.05178940697751977,0
Data,Post-IPO,United States,455.0,1957526000.0,-0.8437955052472258,0.10518554927500623,0
Data,Post-IPO,United States,455.0,1939719000.0,-0.7648287770542799,0.08841019461002686,1
Data,Post-IPO,United States,455.0,1926825000.0,-0.627773232305266,0.11160467139430041,1
Retail,Post-IPO,United States,451.0,153842000.0,-0.019305718886095845,0.045112804036393284,0
Retail,Post-IPO,United States,451.0,505828000.0,-0.018432659932659932,0.04832224319781808,0
Retail,Post-IPO,United States,451.0,563345000.0,0.010302435815354977,0.14647138047138042,0
Retail,Post-IPO,United States,451.0,637525000.0,0.01813385113559619,0.045112804036393284,0
Retail,Post-IPO,United States,451.0,724997000.0,-0.007742794087894587,0.009300395564210584,0
Retail,Post-IPO,United States,451.0,726919000.0,-0.014574436489929982,0.026507677829975984,0
Retail,Post-IPO,United States,451.0,603079000.0,-0.026368420369390744,0.1143094919402341,0
Retail,Post-IPO,United States,451.0,604761000.0,0.0076068832574855035,-0.014890273229718698,0
Retail,Post-IPO,United States,451.0,606800000.0,0.00919164907110663,0.0011052877145458773,0
Retail,Post-IPO,United States,451.0,675011000.0,0.0009126732440222074,0.04159216062782112,0
Retail,Post-IPO,United States,451.0,678585000.0,0.0024824567192415145,0.0771755863264092,0
Retail,Post-IPO,United States,451.0,803172000.0,0.008191313889041183,0.02313403286477933,0
Retail,Post-IPO,United States,451.0,905426000.0,0.007254868592346539,-0.0019124652095809935,1
Retail,Post-IPO,United States,451.0,957181000.0,-0.012881868256930851,-0.014155377047085027,1
Real Estate,Post-IPO,United States,1600.0,273243000.0,-0.06475381320084447,0.045112804036393284,1
Real Estate,Post-IPO,United States,1600.0,243684000.0,-0.06475381320084447,0.045112804036393284,1
Real Estate,Post-IPO,United States,1600.0,207177000.0,-0.06475381320084447,0.045112804036393284,1
Manufacturing,Post-IPO,United States,426.0,475604000.0,0.024274587925531412,0.045112804036393284,0
Manufacturing,Post-IPO,United States,426.0,543575000.0,0.0004416459900690992,0.029366915968694673,0
Manufacturing,Post-IPO,United States,426.0,368177000.0,-0.4230551202999075,0.14699757401404057,0
Manufacturing,Post-IPO,United States,426.0,409227000.0,0.07646572787984607,0.058230075244263046,0
Manufacturing,Post-IPO,United States,426.0,456534000.0,0.05376409973600494,-0.010321938351370408,0
Manufacturing,Post-IPO,United States,426.0,392552000.0,0.07871118081075247,-0.018298380796274438,0
Manufacturing,Post-IPO,United States,426.0,402020000.0,0.0909660619550302,-0.037198282476001765,0
Crypto,Post-IPO,United States,549.0,1061850000.0,0.30213873583177236,0.045112804036393284,0
Crypto,Post-IPO,United States,549.0,1983318000.0,0.42832594530490053,2.0782345944024394,0
Crypto,Post-IPO,United States,549.0,4365982000.0,0.7209947925503217,0.2369924802011203,0
Crypto,Post-IPO,United States,549.0,6352775000.0,0.30954914521445104,-0.41116230887241345,0
Crypto,Post-IPO,United States,549.0,7123478000.0,0.33628995106191284,0.904449854715422,1
Crypto,Post-IPO,United States,549.0,6116388000.0,-0.3683519713040407,-0.5331385735950462,1
Crypto,Post-IPO,United States,549.0,5682068000.0,-1.3529879689481334,-0.30701298656763,1
Crypto,Post-IPO,United States,549.0,100119708000.0,-0.9225800768710859,-0.2696761822286827,1
Crypto,Post-IPO,United States,549.0,79838209000.0,-0.885382160137846,0.06567243566831937,1
Sales,Post-IPO,United States,65.0,9283000000.0,0.5096097845078625,0.045112804036393284,1
Sales,Post-IPO,United States,65.0,13503000000.0,0.003778167588719471,0.011602511602511578,1
Sales,Post-IPO,United States,65.0,13533000000.0,0.008808290155440414,0.0416947780326542,1
Sales,Post-IPO,United States,65.0,11918000000.0,0.026795967844838585,0.015155440414507781,1
Sales,Post-IPO,United States,65.0,13977000000.0,0.024129986661816417,-0.01634064885496178,1
Sales,Post-IPO,United States,65.0,12397000000.0,0.14727420667209112,0.04316721231963139,1
Sales,Post-IPO,United States,65.0,11863000000.0,0.14036697247706423,0.013599907009182788,1
Infrastructure,Post-IPO,United States,2.0,29419000000.0,0.21688333059075202,0.045112804036393284,0
Infrastructure,Post-IPO,United States,2.0,30012000000.0,0.1822449492832593,-0.01851242389336849,0
Infrastructure,Post-IPO,United States,2.0,30588000000.0,0.21279264214046822,0.002598709028418078,0
Infrastructure,Post-IPO,United States,2.0,23579000000.0,0.22361946418808093,0.07048494983277598,0
Infrastructure,Post-IPO,United States,2.0,24518000000.0,0.22923967697699224,0.025228462079200265,0
Infrastructure,Post-IPO,United States,2.0,23346000000.0,0.2310077519379845,-0.01721773579155872,0
Infrastructure,Post-IPO,United States,2.0,21113000000.0,0.2337264150943396,-0.013953488372092981,0
Infrastructure,Post-IPO,United States,2.0,20108000000.0,0.23716400467471757,0.009040880503144555,0
Infrastructure,Post-IPO,United States,2.0,19267000000.0,0.2148526942451534,0.020802493182703552,1
Infrastructure,Post-IPO,United States,2.0,19784000000.0,0.19586267605633803,0.040451839413830015,1
Infrastructure,Post-IPO,United States,2.0,23288000000.0,0.220437856015373,0.07202766333137145,1
Infrastructure,Post-IPO,United States,2.0,26146000000.0,0.26034335328553576,0.04337382472033502,1
Infrastructure,Post-IPO,United States,2.0,23523000000.0,0.24802290700845378,-0.03519042294284025,1
Infrastructure,Post-IPO,United States,2.0,25671000000.0,0.20592604174810414,-0.12796563948731932,1
Infrastructure,Acquired,United States,20.0,924781000.0,0.1280381141076945,0.045112804036393284,0
Infrastructure,Acquired,United States,20.0,877008000.0,0.13844274605511475,0.05538016345790364,0
Infrastructure,Acquired,United States,20.0,498176000.0,0.11607623948458684,-0.041857282599029766,0
Infrastructure,Acquired,United States,20.0,521012000.0,0.07728746439833964,0.046850467795701345,0
Infrastructure,Acquired,United States,20.0,449665000.0,0.06652621572493882,-0.04145492426527897,0
Infrastructure,Acquired,United States,20.0,527179000.0,0.12093581932378052,0.0930097823224505,0
Infrastructure,Acquired,United States,20.0,739118000.0,0.07297858574305315,-0.02998185339802173,0
Infrastructure,Acquired,United States,20.0,872799000.0,0.1343269863947636,0.04141818261124541,0
Transportation,Post-IPO,United States,1600.0,173704000.0,-0.0045336787564766836,0.045112804036393284,0
Transportation,Post-IPO,United States,1600.0,301000000.0,-0.034482758620689655,0.1832901554404145,0
Transportation,Post-IPO,United States,1600.0,370000000.0,-0.016035634743875277,0.2287903667214013,0
Transportation,Post-IPO,United States,1600.0,201000000.0,0.006594724220623501,0.4859688195991092,0
Transportation,Post-IPO,United States,1600.0,297000000.0,-0.009195402298850575,0.043165467625899234,0
Transportation,Post-IPO,United States,1600.0,403000000.0,-0.023714361843858247,0.07844827586206904,1
Transportation,Post-IPO,United States,1600.0,247000000.0,-0.07434944237918216,-0.06821209698907538,1
Transportation,Post-IPO,United States,1600.0,1047000000.0,-0.061277033985581875,0.11066628538747492,1
Transportation,Post-IPO,United States,1600.0,316000000.0,-0.08357944477259303,-0.12821833161688978,1
Support,Post-IPO,United States,429.0,1014400000.0,-0.27256259899572,0.045112804036393284,0
Support,Post-IPO,United States,429.0,1014400000.0,-0.21807706837929733,0.07046810231523604,0
Support,Post-IPO,United States,429.0,1014400000.0,-0.27213892942962864,0.06776539478655086,1
Support,Post-IPO,United States,429.0,530858000.0,-0.1744264647049897,0.06863915793198005,1
Support,Post-IPO,United States,429.0,544114000.0,-0.03726526381390261,0.04395538737303317,1
Support,Post-IPO,United States,429.0,578626000.0,-0.004034331129673201,0.051382821094937414,1
Support,Post-IPO,United States,429.0,662555000.0,0.10886837240676185,0.04230242855226085,1
Support,Post-IPO,United States,429.0,610079000.0,0.05426673062595046,0.009016152867816318,1
Other,Post-IPO,United States,1700.0,1226500000.0,0.06709068732047599,0.045112804036393284,1
Other,Post-IPO,United States,1700.0,1121300000.0,-0.6859750049593335,0.03426343865408299,1
Other,Post-IPO,United States,1700.0,1343400000.0,0.5482631930527722,0.013197969543147225,1
Other,Post-IPO,United States,1700.0,1253100000.0,0.11291114383897889,0.020541082164328595,1
Hardware,Post-IPO,United States,426.0,11221000000.0,0.04610038270355871,0.045112804036393284,0
Hardware,Post-IPO,United States,426.0,11304000000.0,0.03543139425943276,0.03294769718031065,0
Hardware,Post-IPO,United States,426.0,9508000000.0,0.06611703847397349,-0.2096925304488544,0
Hardware,Post-IPO,United States,426.0,14244000000.0,0.03926516157591855,0.21726479146459754,0
Hardware,Post-IPO,United States,426.0,11719000000.0,0.03435161837046836,0.07087206728640982,0
Hardware,Post-IPO,United States,426.0,22406000000.0,0.1454359673024523,0.09230705634326819,0
Hardware,Post-IPO,United States,426.0,9477000000.0,7.144898542440698e-05,0.05933999394489864,0
Hardware,Post-IPO,United States,426.0,6654000000.0,0.04104763363455353,-0.06701914832809375,0
Hardware,Post-IPO,United States,426.0,5507000000.0,0.01933774834437086,0.01183182723234788,0
Hardware,Post-IPO,United States,426.0,4909000000.0,0.009910602321912544,-0.064484389782403,1
Hardware,Post-IPO,United States,426.0,8607000000.0,0.024521746076121252,0.01286355729946198,1
Hardware,Post-IPO,United States,426.0,8298000000.0,0.0452114511707339,-0.029781111014214656,1
Hardware,Post-IPO,United States,426.0,7366000000.0,0.059906801684738775,0.003011100624691121,1
Healthcare,Post-IPO,United States,426.0,189752000.0,-0.18517315012533656,0.045112804036393284,0
Healthcare,Post-IPO,United States,426.0,387498000.0,-0.2129423703927623,0.07494661591310003,0
Healthcare,Post-IPO,United States,426.0,338822000.0,-0.1711954353204054,0.08228791052188367,0
Healthcare,Post-IPO,United States,426.0,346418000.0,-0.1005719733079123,0.08826111244114587,0
Healthcare,Post-IPO,United States,426.0,349626000.0,-0.0526297445191872,0.051954242135366924,1
Healthcare,Post-IPO,United States,426.0,331873000.0,0.16279146520569646,0.056062876860339506,1
Consumer,Post-IPO,United States,719.0,1140907000.0,-2.619831047306453,0.045112804036393284,0
Consumer,Post-IPO,United States,719.0,1817258000.0,-0.8249918317438544,1.4257204372308712,0
Consumer,Post-IPO,United States,719.0,2818128000.0,-1.1090957998693463,-0.030869925486386784,0
Consumer,Post-IPO,United States,719.0,2646500000.0,-1.0266158162665278,-0.0469808758918393,0
Consumer,Post-IPO,United States,719.0,2394865000.0,-2.5609931444090988,-0.2848944070160112,0
Consumer,Post-IPO,United States,719.0,2152892000.0,-0.6893719959858449,1.224073038591479,0
Healthcare,Post-IPO,United States,82.0,142534000.0,0.322146745242701,0.045112804036393284,0
Healthcare,Post-IPO,United States,82.0,726454000.0,0.3622177269537217,0.08970264069458822,0
Healthcare,Post-IPO,United States,82.0,742661000.0,0.4547952110901071,0.09193741485365159,0
Healthcare,Post-IPO,United States,82.0,765578000.0,0.568545915239691,0.2334719596723378,0
Healthcare,Post-IPO,United States,82.0,798113000.0,0.621998227499386,-0.04314643017695863,0
Healthcare,Post-IPO,United States,82.0,776254000.0,0.2469466785820673,-0.03218263162952606,0
Healthcare,Post-IPO,United States,82.0,749991000.0,0.25736654107745754,0.1273844592283675,0
Healthcare,Post-IPO,United States,82.0,800965000.0,0.2903645607398796,0.12797377305866808,0
Healthcare,Post-IPO,United States,82.0,840999000.0,0.27637294306364113,-0.03727160729468515,1
Healthcare,Post-IPO,United States,82.0,873173000.0,0.26188127483428447,-0.022502388118883276,1
Sales,Post-IPO,United States,536.0,674039000.0,-0.1886566396558828,0.045112804036393284,0
Sales,Post-IPO,United States,536.0,598574000.0,-0.1527487249394787,0.11897407724519216,0
Sales,Post-IPO,United States,536.0,773505000.0,-0.16804905105152496,0.12528628470998093,0
Sales,Post-IPO,United States,536.0,780632000.0,-0.017809404832458568,0.08860565609494597,0
Sales,Post-IPO,United States,536.0,822869000.0,-0.04982182071099788,0.09117033840853761,0
Sales,Post-IPO,United States,536.0,818458000.0,-0.010405838709500003,0.06568212189651534,0
Sales,Post-IPO,United States,536.0,802822000.0,-0.052416550166314295,0.0648348283934932,0
Sales,Post-IPO,United States,536.0,967615000.0,-0.04649799895361242,0.013539292182883855,1
Sales,Post-IPO,United States,536.0,994725000.0,-0.07245123629022926,0.05689222887350254,1
Sales,Post-IPO,United States,536.0,975350000.0,-0.04627066152513777,0.03741497692001072,1
Sales,Post-IPO,United States,536.0,1031666000.0,0.007372918359673487,0.021864924867885493,1
Sales,Post-IPO,United States,536.0,1590217000.0,0.05540239370321564,0.01851714515469971,1
Sales,Post-IPO,United States,536.0,1045462000.0,0.03823910071225431,0.017082583189253375,1
Marketing,Post-IPO,United States,426.0,9629000.0,0.22778555108836188,0.045112804036393284,0
Marketing,Post-IPO,United States,426.0,246585000.0,-0.07732164208848147,-0.2889959441030091,0
Marketing,Post-IPO,United States,426.0,252271000.0,-0.07250401698042094,0.25575428457552807,0
Marketing,Post-IPO,United States,426.0,242610000.0,-0.04988497158699884,0.00884727539624297,0
Marketing,Post-IPO,United States,426.0,238480000.0,0.01881158193797981,0.6264231079300784,0
Marketing,Post-IPO,United States,426.0,247936000.0,-0.07487860376738839,-0.48462793930967785,0
Marketing,Post-IPO,United States,426.0,207248000.0,-0.06642578125,0.20106031105585398,1
Marketing,Post-IPO,United States,426.0,199665000.0,-0.06401802170796642,-0.04628906249999998,1
Retail,Post-IPO,United States,1200.0,3660000000.0,0.2940655447298494,0.045112804036393284,0
Retail,Post-IPO,United States,1200.0,156221382.0,0.341000807102502,0.09743135518157664,0
Retail,Post-IPO,United States,1200.0,3367000000.0,0.24298711144806673,0.06456820016142051,0
Retail,Post-IPO,United States,1200.0,17220000000.0,4.0232383808095955,0.011372251705837666,0
Retail,Post-IPO,United States,1200.0,14561000000.0,0.10555777688924431,-0.06259370314842583,0
Retail,Post-IPO,United States,1200.0,7323000000.0,0.7535399923459625,0.04478208716513388,0
Retail,Post-IPO,United States,1200.0,5569000000.0,-0.5400724929520742,-0.04975124378109452,0
Retail,Post-IPO,United States,1200.0,3225000000.0,-0.21924029727497935,-0.02456705598066855,0
Retail,Post-IPO,United States,1200.0,3494000000.0,-0.028991596638655463,-0.017341040462427793,1
Retail,Post-IPO,United States,1200.0,4779000000.0,0.26772908366533865,0.054621848739495826,1
Retail,Post-IPO,United States,1200.0,7132000000.0,0.0673228346456693,0.01195219123505975,1
Retail,Post-IPO,United States,1200.0,8717000000.0,0.522,-0.015748031496062964,1
Retail,Post-IPO,United States,1200.0,4518000000.0,0.282591725214676,0.024799999999999933,1
Support,Post-IPO,United States,253.0,153229000.0,-0.2974685014674793,0.045112804036393284,0
Support,Post-IPO,United States,253.0,148615000.0,-0.2942897903939715,0.05848233991311291,0
Support,Post-IPO,United States,253.0,152868000.0,-0.31118236029823315,0.05877748106961267,0
Support,Post-IPO,United States,253.0,140519000.0,-0.29600814416795324,0.024931073321402097,0
Support,Post-IPO,United States,253.0,147596000.0,-0.27926126803776796,0.02177621066966906,0
Support,Post-IPO,United States,253.0,244903000.0,-0.2777451967821309,0.03508251021067976,0
Support,Post-IPO,United States,253.0,136050000.0,-0.2513177337185453,0.15616354526562715,0
Support,Post-IPO,United States,253.0,141631000.0,-0.13880716341541413,0.0344485367090841,1
Support,Post-IPO,United States,253.0,130923000.0,-0.06211143663715586,-0.0012312120243044289,1
Support,Post-IPO,United States,253.0,130405000.0,-0.14116052060737527,-0.015950776192839466,1
Energy,Post-IPO,United States,116.0,661792000.0,0.22051170008347198,0.045112804036393284,0
Energy,Post-IPO,United States,116.0,679379000.0,0.2756051789955407,0.48366694117185705,0
Energy,Post-IPO,United States,116.0,1489010000.0,0.10504583203536656,0.13938657070899674,0
Energy,Post-IPO,United States,116.0,1312261000.0,0.12450602264781353,0.047399537371501266,0
Energy,Post-IPO,United States,116.0,1394123000.0,0.062042165572842436,0.1122012801488339,0
Energy,Post-IPO,United States,116.0,1016651000.0,0.12742568188040773,0.17410154216415052,0
Energy,Post-IPO,United States,116.0,1063471000.0,0.11743018228293284,0.06923112335511572,0
Energy,Post-IPO,United States,116.0,1247801000.0,0.14518404514556882,0.20146297689511705,0
Energy,Post-IPO,United States,116.0,1417296000.0,0.18088805491615895,0.1971289862616843,0
Energy,Post-IPO,United States,116.0,1612843000.0,0.2121749474230389,0.14170026452900752,0
Energy,Post-IPO,United States,116.0,1778397000.0,0.20229994931241185,0.0018822828060918173,0
Energy,Post-IPO,United States,116.0,1800492000.0,0.22104770235038348,-0.02052020892101547,1
Energy,Post-IPO,United States,116.0,1783884000.0,0.2067804791301476,-0.22504844484319053,1
Other,Post-IPO,United States,476.0,468908000.0,-0.33969069271359603,0.045112804036393284,0
Other,Post-IPO,United States,476.0,467171000.0,-0.3251772299227595,0.061075558549455566,0
Other,Post-IPO,United States,476.0,734752000.0,-0.2650407493005717,0.08731880224314881,0
Other,Post-IPO,United States,476.0,559851000.0,-0.39032187330494295,0.053995864250091286,0
Other,Post-IPO,United States,476.0,546522000.0,-0.2964256920182747,0.11652759985689398,0
Other,Post-IPO,United States,476.0,488035000.0,-0.10219006496285059,0.06286564819217322,0
Other,Post-IPO,United States,476.0,492054000.0,-0.19001743462017434,-0.023855370132648712,0
Other,Post-IPO,United States,476.0,474634000.0,-0.35132930689608294,0.026012453300124472,1
Other,Post-IPO,United States,476.0,486906000.0,-0.198202888663477,0.08171013535820393,1
Travel,Post-IPO,United States,3300.0,4376000000.0,-0.1276595744680851,0.045112804036393284,0
Travel,Post-IPO,United States,3300.0,3387000000.0,-0.41630434782608694,-0.38829787234042556,0
Travel,Post-IPO,United States,3300.0,4314000000.0,-0.463884430176565,0.3543478260869566,0
Travel,Post-IPO,United States,3300.0,5475000000.0,-0.08147797252486973,0.6942215088282504,0
Travel,Post-IPO,United States,3300.0,5031000000.0,0.12694125590817015,0.40312648034107057,0
Travel,Post-IPO,United States,3300.0,4311000000.0,0.16937253181219833,-0.23058744091829841,0
Travel,Post-IPO,United States,3300.0,5552000000.0,-0.0542463317029791,-0.013163668275559481,0
Travel,Post-IPO,United States,3300.0,5594000000.0,-0.05815781200880226,0.4144064028457093,0
Travel,Post-IPO,United States,3300.0,4637000000.0,0.13318596297319701,0.1376925495127319,0
Travel,Post-IPO,United States,3300.0,4144000000.0,0.06760886172650879,-0.276595744680851,0
Travel,Post-IPO,United States,3300.0,5948000000.0,-0.054409005628517824,0.0179526355996944,0
Travel,Post-IPO,United States,3300.0,6301000000.0,0.11465157832042883,0.2600375234521577,1
Travel,Post-IPO,United States,3300.0,5056000000.0,0.10817001781623822,0.17004169148302561,1
Travel,Post-IPO,United States,3300.0,4253000000.0,0.0457222029788708,-0.2652074319165182,1
Healthcare,Post-IPO,United States,1200.0,488805000.0,-7.7644879597777186,0.045112804036393284,0
Healthcare,Post-IPO,United States,1200.0,482916000.0,-3.341155007549069,1.1032019052659434,0
Healthcare,Post-IPO,United States,1200.0,790135000.0,-4.04676000718004,-0.29906894816305984,0
Healthcare,Post-IPO,United States,1200.0,695596000.0,-4.11072174172383,0.20373362053491295,0
Healthcare,Post-IPO,United States,1200.0,678701000.0,-3.044499121265378,0.0606173575902178,0
Healthcare,Post-IPO,United States,1200.0,615910000.0,-4.020212080379635,0.19992970123022857,0
Healthcare,Post-IPO,United States,1200.0,573772000.0,-3.567394373845987,0.07879782061046336,0
Healthcare,Post-IPO,United States,1200.0,568850000.0,-4.102916599277589,0.007331378299120228,0
Healthcare,Post-IPO,United States,1200.0,505136000.0,-5.577932047259862,-0.19235538303951694,1
Healthcare,Post-IPO,United States,1200.0,436227000.0,-1.2706961854089638,1.960817034910887,1
Security,Post-IPO,United States,426.0,1209889000.0,0.12631909384271067,0.045112804036393284,0
Security,Post-IPO,United States,426.0,1373344000.0,0.14037081923802908,0.01594135481184611,0
Security,Post-IPO,United States,426.0,643271000.0,0.06701049300543789,0.03309227894853972,0
Security,Post-IPO,United States,426.0,767919000.0,0.13753175291436115,0.009651519401444597,0
Security,Post-IPO,United States,426.0,910607000.0,0.16234382262678576,0.04678633646193875,0
Security,Post-IPO,United States,426.0,858954000.0,0.1361650414786785,0.007482437606030512,0
Security,Post-IPO,United States,426.0,887134000.0,0.08866898761320921,-0.07695531945859413,0
Security,Post-IPO,United States,426.0,738341000.0,0.12308447296319579,0.06348545624258928,1
Security,Post-IPO,United States,426.0,884566000.0,0.12763112596120468,0.03787317194672113,1
Security,Post-IPO,United States,426.0,659754000.0,0.10337560574432664,0.0004928339092584721,1
Security,Post-IPO,United States,426.0,755254000.0,0.11581185337931525,0.003993557764521372,1
Security,Post-IPO,United States,426.0,690607000.0,0.1266306312460684,-0.0007579905428947153,1
Security,Post-IPO,United States,426.0,803323000.0,0.21519037475211253,0.006165301817995461,1
Other,Acquired,United States,234.0,378093000.0,-0.34518156740378964,0.045112804036393284,0
Other,Acquired,United States,234.0,369792000.0,-0.25797428189712757,0.08316374983041652,0
Other,Acquired,United States,234.0,364365000.0,-0.3424614808807935,0.003945390781563196,0
Other,Acquired,United States,234.0,347211000.0,-0.46919898483545525,-0.008649907470941742,0
Other,Acquired,United States,234.0,342513000.0,-0.18787358296118173,0.2211338800679572,0
Other,Acquired,United States,234.0,336051000.0,-0.2596539835964926,0.09108553761593963,0
Other,Acquired,United States,234.0,335714000.0,-0.4028316678016566,-0.005982085228972145,0
Other,Acquired,United States,234.0,321710000.0,-0.4938061903781484,-0.07695231458752361,1
Marketing,Post-IPO,United States,800.0,826200000.0,0.09659310878823074,0.01742983751846383,1
Marketing,Post-IPO,United States,800.0,774000000.0,0.09000865467833445,0.0064847077042198276,1
Healthcare,Post-IPO,United States,910.0,1075024000.0,-0.35621880629107244,0.045112804036393284,0
Healthcare,Post-IPO,United States,910.0,968691000.0,-1.9425962590527797,0.09320555630709215,0
Healthcare,Post-IPO,United States,910.0,990463000.0,0.010396993099837314,0.04485359245558285,0
Healthcare,Post-IPO,United States,910.0,894703000.0,0.1758485011464319,0.10100292337515815,0
Healthcare,Post-IPO,United States,910.0,912023000.0,-0.09261309468893195,0.10454892858153819,0
Healthcare,Post-IPO,United States,910.0,941109000.0,-0.18716472221180178,0.09304876423614306,0
Healthcare,Post-IPO,United States,910.0,845427000.0,0.06045866551254371,-0.04654968676145099,1
Healthcare,Post-IPO,United States,910.0,730540000.0,-0.007377553467710821,-0.05671104466160759,1
Healthcare,Post-IPO,United States,550.0,1013404000.0,-1.041585645509528,0.045112804036393284,0
Healthcare,Post-IPO,United States,550.0,1794880000.0,-1.197009551049594,0.050248762890745535,0
Healthcare,Post-IPO,United States,550.0,1940450000.0,-1.393987160744931,0.004456305224985968,0
Healthcare,Post-IPO,United States,550.0,1791662000.0,-1.0594347509799025,0.17080022881840717,0
Healthcare,Post-IPO,United States,550.0,1485971000.0,-1.1344918178077423,0.029076774410701223,0
Healthcare,Post-IPO,United States,550.0,932748000.0,-0.840927590927591,0.14063241857373465,0
Healthcare,Post-IPO,United States,550.0,962266000.0,-1.2823026254175383,-0.11108336108336103,0
Healthcare,Post-IPO,United States,550.0,853690000.0,-2.1021036428937916,0.13574542919281152,0
Healthcare,Post-IPO,United States,550.0,958037000.0,-1.3797996661101837,0.07567983581323756,1
Healthcare,Post-IPO,United States,550.0,1011231000.0,-1.1027890078886604,0.08080644611767918,1
Consumer,Post-IPO,United States,26.0,132596000000.0,0.24358391267623936,0.045112804036393284,0
Consumer,Post-IPO,United States,26.0,136694000000.0,0.26761924847973567,0.23227860437918268,0
Consumer,Post-IPO,United States,26.0,135104000000.0,0.32414940159814876,-0.027839291363492613,0
Consumer,Post-IPO,United States,26.0,135863000000.0,0.29936974789915966,0.11870412553783849,0
Consumer,Post-IPO,United States,26.0,142003000000.0,0.290795171841887,0.05232708468002589,0
Consumer,Post-IPO,United States,26.0,139649000000.0,0.2740391636242947,0.15674621456432947,0
Consumer,Post-IPO,United States,26.0,133970000000.0,0.24166678919586537,-0.09709923664122133,0
Consumer,Post-IPO,United States,26.0,124997000000.0,0.22963335007533903,0.024613665436473475,0
Consumer,Post-IPO,United States,26.0,116259000000.0,0.20132576854049672,-0.008509722321876967,1
Consumer,Post-IPO,United States,26.0,113762000000.0,0.17915001051967178,0.10067735772593056,1
Consumer,Post-IPO,United States,26.0,115102000000.0,0.21567054035851949,-0.08232958131706292,1
Consumer,Post-IPO,United States,26.0,118332000000.0,0.2462066377137955,0.069024316849843,1
Consumer,Post-IPO,United States,26.0,119935000000.0,0.25672486406842865,0.028001179561417677,1
Consumer,Post-IPO,United States,26.0,110916000000.0,0.2396825396825397,0.12539605961430644,1
Consumer,Post-IPO,United States,26.0,108090000000.0,0.2937955524652653,-0.06686363109720772,1
Retail,Post-IPO,United States,1400.0,403006000.0,-0.2207931124445604,-0.31296546903146594,1
Retail,Post-IPO,United States,1400.0,315595000.0,-0.5826610797827904,-0.0006783198539003221,1
Retail,Post-IPO,United States,1400.0,307998000.0,-0.37996398642565277,-0.05760494987468667,1
Retail,Post-IPO,United States,1400.0,281279000.0,-0.4024122733009807,0.02610291571438461,1
Food,Acquired,United States,284.0,466770000.0,-0.018701124132304684,0.045112804036393284,0
Food,Acquired,United States,284.0,413358000.0,-0.13456373240904515,0.01975379619863915,0
Food,Acquired,United States,284.0,404661000.0,-0.13705429791933046,0.0930104677223722,0
Product,Post-IPO,United States,413.0,924745000.0,-0.6171706586826348,0.045112804036393284,0
Product,Post-IPO,United States,413.0,934703000.0,-0.5885264023857267,0.16461077844311367,0
Product,Post-IPO,United States,413.0,934781000.0,-0.2985916459780109,0.12354105609542909,0
Product,Post-IPO,United States,413.0,930190000.0,-0.5841589057907186,0.1559829304289131,0
Product,Post-IPO,United States,413.0,927752000.0,-0.42887742186739364,0.11816985184232154,1
Product,Post-IPO,United States,413.0,936651000.0,-0.3240580276143751,0.08785548012497668,1
Security,Post-IPO,United States,349.0,1355828000.0,-2.359023237984729,0.045112804036393284,0
Security,Post-IPO,United States,349.0,1340900000.0,-0.7752163097019733,0.04531562425535873,0
Security,Post-IPO,United States,349.0,1291834000.0,-0.6566136497369646,0.12850728961217883,1
Security,Post-IPO,United States,349.0,1274901000.0,-0.5740978610350963,0.10080535380237654,1
Finance,Post-IPO,United States,5600.0,5077752000.0,-0.8884955752212389,0.045112804036393284,0
Finance,Post-IPO,United States,5600.0,6166705000.0,-3.6082191780821917,-0.35398230088495575,0
Finance,Post-IPO,United States,5600.0,6253000000.0,-1.165289256198347,-0.005479452054794498,1
Finance,Post-IPO,United States,5600.0,6231000000.0,-1.3110367892976589,-0.1763085399449036,1
Finance,Post-IPO,United States,5600.0,6008000000.0,-0.9150943396226415,0.0635451505016722,1
Finance,Post-IPO,United States,5600.0,6339000000.0,-0.4473684210526316,0.05263157894736836,1
Finance,Post-IPO,United States,5600.0,6303000000.0,-1.1496598639455782,0.16052631578947363,1
Marketing,Post-IPO,United States,100.0,1184510000.0,-0.09850909648181798,0.045112804036393284,0
Marketing,Post-IPO,United States,100.0,1251196000.0,-0.061158828080058715,0.10368456772555112,0
Marketing,Post-IPO,United States,100.0,1179833000.0,-0.08230945568922929,0.11623985876658804,0
Marketing,Post-IPO,United States,100.0,1213731000.0,-0.07906354170688701,0.10457235263803244,0
Marketing,Post-IPO,United States,100.0,1170674000.0,-0.04049293179439555,0.09140314297849339,0
Marketing,Post-IPO,United States,100.0,1197975000.0,-0.044328732849727465,0.08878078981117055,0
Marketing,Post-IPO,United States,100.0,1234882000.0,-0.02361229426768015,0.07118700058758387,0
Marketing,Post-IPO,United States,100.0,1246043000.0,-0.13363445602304655,0.0661174573242096,0
Marketing,Post-IPO,United States,100.0,1284356000.0,-0.07075218827006158,0.05264430771419426,1
Marketing,Post-IPO,United States,100.0,1412684000.0,-0.021790416815711925,0.05788385387806949,1
Consumer,Post-IPO,United States,426.0,1911610000.0,-0.17791442982770525,0.045112804036393284,0
Consumer,Post-IPO,United States,426.0,1826517000.0,-0.6378556577553921,0.028095326122632214,0
Consumer,Post-IPO,United States,426.0,1623727000.0,-0.04906061260618602,-0.045267033666255396,0
Consumer,Post-IPO,United States,426.0,1656763000.0,-0.00113843041013179,-0.04185406883383136,0
Consumer,Post-IPO,United States,426.0,1600974000.0,0.38530496527159724,-0.1301148137956265,0
Consumer,Post-IPO,United States,426.0,1442547000.0,-0.0801060463894479,0.02519480830899279,0
Consumer,Post-IPO,United States,426.0,1425929000.0,-0.35141149296210616,-0.00022310404295111663,1
Consumer,Post-IPO,United States,426.0,1446443000.0,-0.8451564990020578,-1.3489460030719644,1
Marketing,Acquired,United States,116.0,77366000.0,0.019545889482497407,0.12422402008023137,1
Marketing,Acquired,United States,116.0,73645000.0,0.007568356965947327,0.010116816840762377,1
Data,Post-IPO,United States,426.0,577765000.0,-0.00879267663317207,0.045112804036393284,0
Data,Post-IPO,United States,426.0,582329000.0,-0.08199677990748282,0.02674784115778528,0
Data,Post-IPO,United States,426.0,647648000.0,-0.04194638541098156,-0.00023653434182979716,1
Data,Post-IPO,United States,426.0,716135000.0,-0.010985979773359312,0.07213315732448633,1
Data,Post-IPO,United States,426.0,821496000.0,-0.4055076225836995,0.028889174700559073,1
Data,Post-IPO,United States,426.0,869093000.0,0.1940361706762482,0.08663840335329853,1
Hardware,Post-IPO,United States,12.0,6343000000.0,0.233240604374625,0.045112804036393284,0
Hardware,Post-IPO,United States,12.0,8157000000.0,0.29317248973871257,0.08972890416189383,0
Hardware,Post-IPO,United States,12.0,7609000000.0,0.17084328775479082,-0.015266793472820117,0
Hardware,Post-IPO,United States,12.0,7760000000.0,0.25780653048749425,-0.0021349057083311918,0
Hardware,Post-IPO,United States,12.0,11874000000.0,0.35551271363067943,-0.0223625897814681,0
Hardware,Post-IPO,United States,12.0,29253000000.0,0.2252045985970382,0.06961233847436432,0
Hardware,Post-IPO,United States,12.0,38696000000.0,0.4420530703427233,-0.10595284489477785,0
Hardware,Post-IPO,United States,12.0,27044000000.0,-0.02963253051367404,-0.16520459870320925,1
Hardware,Post-IPO,United States,12.0,22559000000.0,0.06643630199504498,0.0011095881469878055,1
Hardware,Post-IPO,United States,12.0,28338000000.0,-0.04728671129468737,-0.08449602294953706,1
Hardware,Post-IPO,United States,12.0,27534000000.0,-0.23542466922748612,-0.1657171343113517,1
Hardware,Post-IPO,United States,12.0,24257000000.0,0.114371766159549,0.10533504054630805,1
Hardware,Post-IPO,United States,12.0,25030000000.0,0.02097753920045204,0.09336628311066497,1
Hardware,Post-IPO,United States,12.0,25034000000.0,0.1732441905751006,0.0881480435089701,1
Hardware,Post-IPO,United States,12.0,21311000000.0,-0.029943414020748193,-0.1740880176554589,1
Transportation,Post-IPO,United States,8300.0,4797385000.0,-2260.3577586206898,0.045112804036393284,0
Transportation,Post-IPO,United States,8300.0,6262905000.0,-39.62109730221279,112.75862068965517,0
Transportation,Post-IPO,United States,8300.0,5391844000.0,-1.4093801473775467,1.1853213094877235,0
Transportation,Post-IPO,United States,8300.0,4294082000.0,-2.264578367715953,0.6876636324230603,0
Transportation,Post-IPO,United States,8300.0,3342181000.0,-2.712110592099541,1.0080648475384235,1
Transportation,Post-IPO,United States,8300.0,3912996000.0,-1.8340091497130528,0.3185150698107513,1
Transportation,Post-IPO,United States,8300.0,3859745000.0,-4.160113521390255,0.14031230499078462,1
Transportation,Post-IPO,United States,8300.0,3994389000.0,-3.941524835012157,0.0991975870341264,1
Hardware,Post-IPO,United States,426.0,6657908000.0,0.25918484898082517,0.045112804036393284,0
Hardware,Post-IPO,United States,426.0,6042232000.0,0.2514957741613205,0.08786590202324152,0
Hardware,Post-IPO,United States,426.0,5789467000.0,0.2783828795416636,0.11324946755676768,0
Hardware,Post-IPO,United States,426.0,5729135000.0,0.27614175407141645,0.07732633963448898,0
Hardware,Post-IPO,United States,426.0,4611623000.0,0.2740744784775808,0.03842680858896563,0
Hardware,Post-IPO,United States,426.0,5329134000.0,0.28269267714694823,-0.018088426784745648,0
Hardware,Post-IPO,United States,426.0,4354791000.0,0.25164367394867915,-0.03931951041545412,0
Hardware,Post-IPO,United States,426.0,3657732000.0,0.2607960127311644,0.14164509252253965,0
Hardware,Post-IPO,United States,426.0,4377050000.0,0.28101005080485864,0.09460940375195714,1
Hardware,Post-IPO,United States,426.0,4587846000.0,0.27825443873874506,0.04009522043325342,1
Transportation,Post-IPO,United States,4900.0,2236531000.0,-0.22491734003369215,-0.09728300820778346,1
Transportation,Post-IPO,United States,4900.0,1807048000.0,-0.3807688736187204,0.13153984524455353,1
Transportation,Post-IPO,United States,4900.0,1783398000.0,-0.40063862898787267,0.06366099149329596,1
Transportation,Post-IPO,United States,4900.0,1796792000.0,-0.5005412802810573,0.11498358353418991,1
Transportation,Post-IPO,United States,4900.0,1754796000.0,-0.18754622466888146,-0.14846398954205642,1
Legal,Post-IPO,United States,951.0,166972000.0,-0.25523159965964687,0.045112804036393284,0
Legal,Post-IPO,United States,951.0,310704000.0,-0.2682936725295681,-0.01697112316528393,0
Legal,Post-IPO,United States,951.0,239297000.0,-0.14613365977894566,-0.038829042663258484,0
Legal,Post-IPO,United States,951.0,247504000.0,-0.16569193254711215,0.09350134025623169,0
Legal,Post-IPO,United States,951.0,215537000.0,-0.07834662371118174,0.04646554330972097,0
Legal,Post-IPO,United States,951.0,211812000.0,-0.07715888380120688,-0.045324594679340136,0
Legal,Post-IPO,United States,951.0,190077000.0,0.011894207030131082,-0.055713338099010135,0
Legal,Post-IPO,United States,951.0,204126000.0,-0.014210297946196123,0.13169560650907752,0
Legal,Post-IPO,United States,951.0,238937000.0,0.008261575088538028,0.017585093047921996,1
Legal,Post-IPO,United States,951.0,212147000.0,0.04503987469660557,-0.009357196157627312,1
Other,Acquired,United States,80.0,254739435.0,0.33394258681862166,0.045112804036393284,0
Other,Acquired,United States,80.0,19919000.0,0.22783781954378285,-0.046962692183636134,0
Other,Acquired,United States,80.0,100608.0,0.18785537250328035,-0.07145596895376904,0
Other,Acquired,United States,80.0,91662000.0,0.09083548187765017,0.14037517616756578,0
Other,Acquired,United States,80.0,77935000.0,0.4094607342190079,0.08423003984573096,0
Other,Acquired,United States,80.0,67777000.0,0.6512911383059232,0.0647158242276551,0
Other,Acquired,United States,80.0,55857000.0,-0.24181925781521965,0.06045000646030596,0
Other,Acquired,United States,80.0,47604000.0,0.20056952688098262,0.01465571259486187,1
Other,Acquired,United States,80.0,34170000.0,-0.10225742574257425,-0.13370158163790447,1
Healthcare,Post-IPO,United States,5900.0,10817000000.0,0.07484247733210389,0.045112804036393284,0
Healthcare,Post-IPO,United States,5900.0,14277000000.0,0.0639466457434288,0.17519594283079765,0
Healthcare,Post-IPO,United States,5900.0,14639000000.0,0.16321543408360129,0.016738590296848432,0
Healthcare,Post-IPO,United States,5900.0,10817000000.0,0.16609672691744015,0.05311897106109331,0
Healthcare,Post-IPO,United States,5900.0,10573000000.0,0.09553023663453111,-0.0245481191988276,0
Healthcare,Post-IPO,United States,5900.0,10669000000.0,0.16707021791767554,-0.01752848378615246,0
Healthcare,Post-IPO,United States,5900.0,11221000000.0,0.19051912920262784,-0.01070472792149868,0
Healthcare,Post-IPO,United States,5900.0,10573000000.0,0.1837062677710471,0.04199407445575165,0
Healthcare,Post-IPO,United States,5900.0,8873000000.0,0.1260344593677927,-0.08876251699839288,0
Healthcare,Post-IPO,United States,5900.0,11430000000.0,0.056295319709953856,0.029032695699362288,1
Healthcare,Post-IPO,United States,5900.0,11137000000.0,0.15801734178853372,0.018721160184574925,1
Consumer,Acquired,United States,57.0,55620000000.0,0.3654401490451793,0.045112804036393284,0
Consumer,Acquired,United States,57.0,61954000000.0,0.39965089769165,0.3074988355845365,0
Consumer,Acquired,United States,57.0,64219000000.0,0.3628825799549119,-0.06771872328298656,0
Consumer,Acquired,United States,57.0,64080000000.0,0.35746466279189737,0.11103893622712158,0
Consumer,Acquired,United States,57.0,58075000000.0,0.31692519820751464,-0.0023042267083949186,0
Consumer,Acquired,United States,57.0,47998000000.0,0.30545573342045085,0.16066873491899347,0
Consumer,Acquired,United States,57.0,43890000000.0,0.26748602551239786,-0.1711561878174096,0
Consumer,Acquired,United States,57.0,40489000000.0,0.2320102699326903,0.032750465816253405,1
Consumer,Acquired,United States,57.0,41776000000.0,0.15858410911452694,-0.03844285615155085,1
Consumer,Acquired,United States,57.0,40738000000.0,0.1446603450956008,0.1606047485025619,1
Consumer,Acquired,United States,57.0,61123000000.0,0.33921982076963625,0.06709584674521074,1
Consumer,Acquired,United States,57.0,65403000000.0,0.3494552616489242,0.17469103262461205,1
Marketing,Post-IPO,United States,1100.0,206334000.0,-0.2737008666128745,0.045112804036393284,0
Marketing,Post-IPO,United States,1100.0,224390000.0,-0.18111413716266403,0.05811650546479585,0
Marketing,Post-IPO,United States,1100.0,247418000.0,-0.28981016246651936,0.013102253032929001,0
Marketing,Post-IPO,United States,1100.0,283199000.0,-0.26726817317536933,0.06934641928483454,0
Marketing,Post-IPO,United States,1100.0,300695000.0,-0.1995834567858201,0.04901638145385401,0
Marketing,Post-IPO,United States,1100.0,305525000.0,-0.35334321896678084,0.022552590759363556,0
Marketing,Post-IPO,United States,1100.0,238035000.0,-0.31949976920315254,-0.003033866816655628,0
Marketing,Post-IPO,United States,1100.0,209447000.0,-0.23760225693433087,0.027157095720855562,1
Marketing,Post-IPO,United States,1100.0,193096000.0,-0.1674974253347065,0.01008629944325623,1
Data,Post-IPO,United States,272.0,4467000.0,-1.279147331786543,0.045112804036393284,1
Other,Post-IPO,United States,1.0,107262000000.0,0.3502653525398029,-0.033606478357273706,1
Other,Post-IPO,United States,1.0,99508000000.0,0.3113921170872277,0.052372211803200175,1
Other,Post-IPO,United States,1.0,104427000000.0,0.3461982329681972,0.002085426659335976,1
Other,Post-IPO,United States,1.0,111262000000.0,0.357383117692075,0.06303800821083305,1
Other,Post-IPO,United States,1.0,143951000000.0,0.39441230072367606,0.005837441492106965,1
Other,Post-IPO,United States,1.0,81017000000.0,0.3526281844566269,0.09736893324132567,1
Other,Post-IPO,United States,1.0,80021000000.0,0.3546671408710272,-0.0026120606256045953,1
Data,Post-IPO,United States,409.0,456199000.0,-1.4171184923935358,-0.07649303614399261,1
Data,Post-IPO,United States,409.0,445611000.0,-1.428867490585589,0.04140127388535042,1
Hardware,Post-IPO,United States,50.0,8142000000.0,0.16314398943196828,0.045112804036393284,0
Hardware,Post-IPO,United States,50.0,7032000000.0,0.1390957907500433,-0.046730515191545585,0
Hardware,Post-IPO,United States,50.0,7184000000.0,0.0966966003848621,0.08020093538887929,0
Hardware,Post-IPO,United States,50.0,8349000000.0,0.23376448396658583,0.19018601667735724,0
Hardware,Post-IPO,United States,50.0,8633000000.0,0.3287406333091612,0.11479385610347626,0
Hardware,Post-IPO,United States,50.0,9580000000.0,0.29998699102380644,-0.0709451293207638,0
Hardware,Post-IPO,United States,50.0,10122000000.0,0.2906498844079116,0.012878886431637815,0
Hardware,Post-IPO,United States,50.0,10227000000.0,0.30386484610043973,0.10994091959928065,0
Hardware,Post-IPO,United States,50.0,9331000000.0,0.22459732048773146,-0.23131219625086785,1
Hardware,Post-IPO,United States,50.0,10581000000.0,-0.04773561811505508,-0.3850669878067139,1
Transportation,Acquired,United States,15000.0,899135000.0,0.03904616294232761,0.21051912275877505,1
Transportation,Acquired,United States,15000.0,681558000.0,0.13638129096696933,0.1498735882968516,1
Finance,Post-IPO,United States,1100.0,1014400000.0,-0.09497698619171503,0.045112804036393284,0
Finance,Post-IPO,United States,1100.0,1014400000.0,-0.32573690970268865,0.2569008071509573,0
Finance,Post-IPO,United States,1100.0,1014400000.0,-0.27347004326136487,0.057487979110719456,1
Finance,Post-IPO,United States,1100.0,106451000.0,-0.2239306336423036,0.05690224537524968,1
Security,Post-IPO,United States,332.0,1051297000.0,-0.23184597326606052,0.045112804036393284,0
Security,Post-IPO,United States,332.0,1032096000.0,-0.27016660578434953,0.10304654788808887,0
Security,Post-IPO,United States,332.0,1035224000.0,-0.2894715874108145,0.09631847275383953,0
Security,Post-IPO,United States,332.0,1033542000.0,-0.2329624478442281,0.10411068052587735,0
Security,Post-IPO,United States,332.0,1813877000.0,-0.6227842666248905,0.13067809063951508,0
Security,Post-IPO,United States,332.0,1821843000.0,-0.4003233537883014,0.12329196330658498,0
Security,Post-IPO,United States,332.0,1725240000.0,-0.19503975641829313,0.09592656873075889,0
Security,Post-IPO,United States,332.0,1641848000.0,-0.2709270543286841,0.1053415469889285,0
Security,Post-IPO,United States,332.0,1636262000.0,-0.16759829352745836,0.08246736910330599,0
Security,Post-IPO,United States,332.0,1649937000.0,-0.16715325809974518,0.08210527974410797,0
Security,Post-IPO,United States,332.0,1715592000.0,-0.1312380460067201,0.0563341827448125,0
Security,Post-IPO,United States,332.0,1584620000.0,-0.306219894066011,0.06313086930300682,0
Security,Post-IPO,United States,332.0,1574305000.0,-0.07012750183997163,0.08787529092948332,1
Security,Post-IPO,United States,332.0,1673744000.0,-0.07687469135632172,0.08006483851455437,1
Infrastructure,Post-IPO,United States,214.0,784617000.0,-0.32238788024528076,0.001722331289821355,1
Infrastructure,Post-IPO,United States,214.0,816075000.0,-0.3571978757043824,0.038048575207406454,1
Infrastructure,Post-IPO,United States,214.0,828679000.0,-0.26980539678836657,0.01061441812260866,1
Infrastructure,Post-IPO,United States,214.0,867324000.0,-0.23209476159457448,0.05203837629767882,1
Infrastructure,Post-IPO,United States,214.0,800171000.0,-0.10846127217293744,0.05663428994500075,1
Infrastructure,Post-IPO,United States,214.0,879812000.0,-0.23599541428170825,0.011382073130549841,1
Media,Post-IPO,United States,121900.0,8392391000.0,0.12275024212832389,0.045112804036393284,0
Media,Post-IPO,United States,121900.0,8205550000.0,0.08159541463376459,0.032445117709404725,0
Media,Post-IPO,United States,121900.0,8403705000.0,0.23825880371595032,0.07808631635282537,0
Media,Post-IPO,United States,121900.0,7777530000.0,0.184289580029467,0.02491804734198655,0
Media,Post-IPO,United States,121900.0,7526681000.0,0.19363631856731645,0.019299142428324867,0
Media,Post-IPO,United States,121900.0,6027804000.0,0.0787915351267129,0.0301799954486337,1
Media,Post-IPO,United States,121900.0,6008946000.0,0.20303689725432897,0.020552920504770977,1
Media,Post-IPO,United States,121900.0,5819449000.0,0.18079366475448802,0.013011824066472721,1
Healthcare,Post-IPO,United States,826.0,231026000.0,-0.6693986497095306,0.045112804036393284,0
Healthcare,Post-IPO,United States,826.0,440731000.0,-0.6343831007666427,0.13870309310723816,0
Healthcare,Post-IPO,United States,826.0,409918000.0,-0.8764904956194453,-0.12809552699795934,0
Healthcare,Post-IPO,United States,826.0,398018000.0,-0.7979210347577002,0.07103773286523074,0
Healthcare,Post-IPO,United States,826.0,369854000.0,-0.8414804845222073,0.09706759590113112,0
Healthcare,Post-IPO,United States,826.0,348889000.0,-0.6892238841125898,0.14279946164199186,0
Healthcare,Post-IPO,United States,826.0,312075000.0,-1.270913770913771,-0.2679307502061006,0
Healthcare,Post-IPO,United States,826.0,272342000.0,-1.2178838573512523,0.03664736164736171,0
Healthcare,Post-IPO,United States,826.0,230453000.0,-1.2420026403980908,-0.08311865669325558,0
Healthcare,Post-IPO,United States,826.0,196532000.0,-1.2815641159723432,0.16522798821976226,0
Healthcare,Post-IPO,United States,826.0,154644000.0,-1.1517385839966485,0.040177793271744866,0
Healthcare,Post-IPO,United States,826.0,117602000.0,-0.9889258781167198,0.23326351068286555,0
Healthcare,Post-IPO,United States,826.0,97101000.0,-0.7779533781114184,0.08904590438662052,1
Data,Post-IPO,United States,426.0,4596000000.0,0.059094397544128936,0.045112804036393284,0
Data,Post-IPO,United States,426.0,3646000000.0,0.09675141242937853,0.08672294704528016,0
Data,Post-IPO,United States,426.0,3894000000.0,0.12380952380952381,0.03813559322033888,0
Data,Post-IPO,United States,426.0,4596000000.0,0.21479099678456592,0.05782312925170063,0
Data,Post-IPO,United States,426.0,4134000000.0,0.2935528120713306,-0.062379421221864906,0
Data,Post-IPO,United States,426.0,4548000000.0,0.14303959131545338,0.07407407407407418,0
Data,Post-IPO,United States,426.0,4201000000.0,0.15613382899628253,0.03065134099616862,0
Data,Post-IPO,United States,426.0,4134000000.0,0.15416666666666667,0.040892193308550207,0
Data,Post-IPO,United States,426.0,3439000000.0,0.13442211055276382,-0.05238095238095242,0
Data,Post-IPO,United States,426.0,3033000000.0,0.45099218280216474,0.04459798994974884,1
Healthcare,Post-IPO,United States,556.0,572871000.0,-0.0921683569979716,0.045112804036393284,0
Healthcare,Post-IPO,United States,556.0,587970000.0,-0.06501440796128714,0.011718605937672821,0
Healthcare,Post-IPO,United States,556.0,576434000.0,-0.33360794492720913,-0.19247979149009853,0
Healthcare,Post-IPO,United States,556.0,397504000.0,-0.21010456366656893,0.15483579731407282,0
Healthcare,Post-IPO,United States,556.0,376569000.0,-0.5371878439997854,-0.08917228574220659,0
Healthcare,Post-IPO,United States,556.0,362027000.0,-0.29376946282600236,0.10251595944423575,0
Healthcare,Post-IPO,United States,556.0,323642000.0,-0.3907584071400924,-0.14517321915142078,0
Healthcare,Post-IPO,United States,556.0,310823000.0,-0.23979733814399354,0.18636870745201617,0
Healthcare,Post-IPO,United States,556.0,386896000.0,0.8112993450520574,-0.03595520712387135,0
Healthcare,Post-IPO,United States,556.0,374385000.0,-0.16858156775939004,0.13315947683793516,0
Healthcare,Post-IPO,United States,556.0,341766000.0,-0.36364674494170895,-0.15386845156529994,0
Healthcare,Post-IPO,United States,556.0,329942000.0,-0.22722385096821035,0.1295794533204606,0
Healthcare,Post-IPO,United States,556.0,320258000.0,-0.22605957905682542,-0.04546498910935681,1
Healthcare,Post-IPO,United States,556.0,322723000.0,-0.07730512326125878,0.1185611677032985,1
Healthcare,Post-IPO,United States,2500.0,361284000.0,-1.4972354789896403,0.045112804036393284,0
Healthcare,Post-IPO,United States,2500.0,353980000.0,-2.3333233762483694,0.4612821557443836,0
Healthcare,Post-IPO,United States,2500.0,671598000.0,-1.0566583993592034,0.031763101034541164,0
Healthcare,Post-IPO,United States,2500.0,1530218000.0,1.1502338537726116,0.1224751739512262,0
Healthcare,Post-IPO,United States,2500.0,1242099000.0,-1.7323834083657503,-0.01648153243001582,0
Healthcare,Post-IPO,United States,2500.0,1045371000.0,-1.6264063875167498,0.10250448009091317,0
Healthcare,Post-IPO,United States,2500.0,874712000.0,-1.470268653337753,-0.019267211645959015,1
Healthcare,Post-IPO,United States,2500.0,726763000.0,-18.47038544304724,0.10454277190741434,1
Healthcare,Post-IPO,United States,2500.0,325137000.0,-1.7133292403677032,0.027062953747571505,1
Healthcare,Post-IPO,United States,2500.0,254573000.0,-7.7705314208889735,0.005882255334682895,1
Security,Post-IPO,United States,1200.0,2514513000.0,-0.2998313760314499,0.045112804036393284,0
Security,Post-IPO,United States,1200.0,2495142000.0,-0.33473334590737835,0.08447661714376942,0
Security,Post-IPO,United States,1200.0,2556191000.0,-0.3050325201864149,0.07791460996692412,0
Security,Post-IPO,United States,1200.0,2690066000.0,-0.43517684836219056,0.07122859727888842,0
Security,Post-IPO,United States,1200.0,2468903000.0,-0.8769635499207606,0.25694206512991724,0
Security,Post-IPO,United States,1200.0,2482059000.0,-0.6310910231550131,0.11150554675118851,0
Security,Post-IPO,United States,1200.0,2502000000.0,-0.6289608008066581,0.09163339796965886,0
Security,Post-IPO,United States,1200.0,2487129000.0,-0.5879518072289157,0.084077384839635,1
Security,Post-IPO,United States,1200.0,2476978000.0,-0.4646017699115044,0.08915662650602418,1
Security,Post-IPO,United States,1200.0,2473162000.0,-0.43451143451143454,0.06415929203539816,1
Security,Post-IPO,United States,1200.0,2580000000.0,-0.3,0.06029106029106024,1
Security,Post-IPO,United States,1200.0,2130000000.0,-0.1386986301369863,0.050359712230215736,1
Security,Post-IPO,United States,1200.0,2202000000.0,-0.07272727272727272,0.03595890410958913,1
Other,Post-IPO,United States,426.0,42279000000.0,0.24031173267855235,0.045112804036393284,0
Other,Post-IPO,United States,426.0,38593000000.0,0.24918367346938775,0.04622611294971701,0
Other,Post-IPO,United States,426.0,35864000000.0,0.4978681209717402,0.029081632653061185,0
Other,Post-IPO,United States,426.0,46554000000.0,0.35913422998129507,0.11323748140803169,0
Other,Post-IPO,United States,426.0,39310000000.0,0.2525699013157895,-0.13351741337846268,0
Other,Post-IPO,United States,426.0,22838000000.0,-0.12036679536679537,0.06496710526315796,0
Other,Post-IPO,United States,426.0,23389000000.0,0.2205840388090935,0.0147683397683398,0
Other,Post-IPO,United States,426.0,21902000000.0,0.2693412162162162,0.1262246742128792,1
Other,Post-IPO,United States,426.0,11220000000.0,0.13525557011795544,-0.033361486486486513,1
Data,Post-IPO,United States,2000.0,460518000.0,0.12630667468430548,0.045112804036393284,0
Data,Post-IPO,United States,2000.0,1014400000.0,-1.2870092419059485,-0.10418761274804567,0
Data,Post-IPO,United States,2000.0,1014400000.0,-0.5115869906557352,0.049963214958892,0
Data,Post-IPO,United States,2000.0,1014400000.0,-0.5560602492573002,0.12937229249032067,0
Data,Post-IPO,United States,2000.0,1014400000.0,-0.21784755158820565,0.3119429751467284,1
Data,Post-IPO,United States,2000.0,1793966000.0,-0.5001142549354052,-0.1540638872204848,1
Data,Post-IPO,United States,2000.0,1721544000.0,-0.4969738504347252,-0.011605037010438024,1
Data,Post-IPO,United States,2000.0,1676757000.0,-0.2196967390311482,0.08472393093938613,1
Finance,Post-IPO,United States,426.0,498706000.0,-0.11191143725152577,0.045112804036393284,0
Finance,Post-IPO,United States,426.0,448955000.0,0.0068242411394933596,0.1056911302027459,0
Finance,Post-IPO,United States,426.0,465926000.0,-0.135771697828601,0.1350824697719546,0
Finance,Post-IPO,United States,426.0,465734000.0,0.1475707881248266,-0.016240599343480433,0
Finance,Post-IPO,United States,426.0,492002000.0,0.0298400701801741,0.08201054337826186,0
Finance,Post-IPO,United States,426.0,507939000.0,-0.16645166973954958,0.07238680072879422,0
Finance,Post-IPO,United States,426.0,543299000.0,-0.05530132165310147,0.1550557838368456,1
Finance,Post-IPO,United States,426.0,544542000.0,0.04134073557136459,0.046067183124679945,1
HR,Post-IPO,United States,426.0,468028000.0,-0.08527070028457498,0.045112804036393284,0
HR,Post-IPO,United States,426.0,465168000.0,0.013415941058271937,0.32152546348544586,0
HR,Post-IPO,United States,426.0,442358000.0,-0.021106925380942203,0.0498961821835231,0
HR,Post-IPO,United States,426.0,411337000.0,0.11449423092274533,0.03892516403561097,0
HR,Post-IPO,United States,426.0,351848000.0,-0.2203474487645746,-0.2131826025016733,0
HR,Post-IPO,United States,426.0,362779000.0,-0.11779849707765098,0.23380211341252122,0
HR,Post-IPO,United States,426.0,332172000.0,-0.0010071563909254944,0.19015193684689935,0
HR,Post-IPO,United States,426.0,296888000.0,-1.0435923699683236,-0.27097555984874055,0
HR,Post-IPO,United States,426.0,275711000.0,-0.34543513672242926,-0.013144417267812902,1
HR,Post-IPO,United States,426.0,297221000.0,0.08730294852069513,0.4644425647598538,1
HR,Post-IPO,United States,426.0,323882000.0,-0.06382730311670436,-0.1790753398743915,1
HR,Post-IPO,United States,426.0,312813000.0,-0.15691928064693497,-0.08358322682135488,1
Other,Post-IPO,United States,137.0,105120000.0,-0.5087955738402611,0.045112804036393284,0
Other,Post-IPO,United States,137.0,106089000.0,-0.43121707638279194,0.29266562632997584,0
Other,Post-IPO,United States,137.0,119347000.0,-0.2080975954738331,0.24143985952589997,0
Other,Post-IPO,United States,137.0,111963000.0,-0.18841499534568842,0.044642857142857206,0
Other,Post-IPO,United States,137.0,113343000.0,-0.2859734914699179,-0.043898620631293905,0
Other,Post-IPO,United States,137.0,193346000.0,-0.3806824666184806,0.16332175336888466,0
Other,Post-IPO,United States,137.0,165267000.0,-0.1968425410206232,0.010841860995929542,0
Other,Post-IPO,United States,137.0,163299000.0,-0.19270519767208508,0.12516935119674844,0
Other,Post-IPO,United States,137.0,181851000.0,-0.0322103412919291,0.14171516489397273,0
Other,Post-IPO,United States,137.0,173745000.0,-0.0015406711058884972,0.12186904936282406,0
Other,Post-IPO,United States,137.0,154544000.0,-0.05073518283525618,0.1215171693432564,0
Other,Post-IPO,United States,137.0,108900000.0,-0.09380596841346266,0.0010361246609311703,0
Other,Post-IPO,United States,137.0,113229000.0,-0.24247365587262518,-0.24400483799688322,1
Other,Post-IPO,United States,137.0,113233000.0,-0.214858954579553,0.08685485731866782,1
Consumer,Post-IPO,United States,1500.0,1649115000.0,-0.21287075026659677,0.045112804036393284,0
Consumer,Post-IPO,United States,1500.0,1760306000.0,0.2945521437266959,0.5941967755345492,0
Consumer,Post-IPO,United States,1500.0,2033702000.0,-0.04466747727881623,-0.3123323275941481,0
Consumer,Post-IPO,United States,1500.0,2143326000.0,0.11320265488168817,0.2637512107660285,0
Consumer,Post-IPO,United States,1500.0,2307396000.0,0.14850884455202137,0.03216190212162218,0
Consumer,Post-IPO,United States,1500.0,2480118000.0,0.20634024484589356,0.3376713454209932,0
Consumer,Post-IPO,United States,1500.0,2678138000.0,-0.009186185063099577,-0.3209926121029226,0
Consumer,Post-IPO,United States,1500.0,2659019000.0,-0.06468547745258511,0.15837080459570174,0
Consumer,Post-IPO,United States,1500.0,2665470000.0,-0.09521729603389088,0.027960896790953926,1
Consumer,Post-IPO,United States,1500.0,2698227000.0,0.01993937590699594,0.2814389014681178,1
Other,Acquired,United States,300.0,304894000.0,-0.3335242369332745,0.045112804036393284,0
Other,Acquired,United States,300.0,296801000.0,-0.320278563656148,0.07852710048727363,0
Other,Acquired,United States,300.0,320990000.0,-0.3431871046725158,0.06659412404787823,0
Other,Acquired,United States,300.0,327516000.0,-0.39661852493741573,0.05957967761681293,0
Other,Acquired,United States,300.0,312946000.0,-0.3542099720074277,0.11168110918544194,0
Other,Acquired,United States,300.0,312367000.0,-0.26378196050158353,0.07638369224799746,0
Other,Acquired,United States,300.0,299371000.0,-0.3688798185383485,0.04719082318407697,0
Other,Acquired,United States,300.0,304021000.0,-0.34204505819968195,0.039833045445324844,0
Data,Post-IPO,United States,3000.0,1800190000.0,-2.9489262733009407,0.045112804036393284,0
Data,Post-IPO,United States,3000.0,2011323000.0,-0.4605623876482112,0.11309207025013301,0
Data,Post-IPO,United States,3000.0,2339437000.0,-0.36184553708012684,0.05943351413109954,0
Data,Post-IPO,United States,3000.0,2341156000.0,-0.3689150840427854,0.10083403177877948,0
Data,Post-IPO,United States,3000.0,2483145000.0,-0.2604565646468407,0.043935449177674446,0
Data,Post-IPO,United States,3000.0,2524827000.0,-0.3608221462943583,0.1038414264075116,0
Data,Post-IPO,United States,3000.0,2521974000.0,-0.22712537273975764,0.03116430681941562,0
Data,Post-IPO,United States,3000.0,2457603000.0,-0.37912306293735865,0.05971229307482573,0
Data,Post-IPO,United States,3000.0,2468632000.0,-0.25921779526240896,0.010295765417221547,1
Data,Post-IPO,United States,3000.0,2633675000.0,0.06070889301330649,0.06433414246254299,1
Fitness,Post-IPO,United States,1900.0,2022800000.0,0.09143686502177069,0.045112804036393284,0
Fitness,Post-IPO,United States,1900.0,2110500000.0,0.05972952667167543,0.4049346879535558,0
Fitness,Post-IPO,United States,1900.0,2685300000.0,-0.0067337399984155905,0.18548084147257704,0
Fitness,Post-IPO,United States,1900.0,1606800000.0,-0.33432963279248507,-0.25786263170403234,0
Fitness,Post-IPO,United States,1900.0,924200000.0,-0.4671469382685381,-0.14058497011101623,1
Fitness,Post-IPO,United States,1900.0,1606900000.0,-0.38742393509127787,0.4083964724878897,1
Fitness,Post-IPO,United States,1900.0,879300000.0,-0.7851291091983822,-0.14957227268718587,1
Fitness,Post-IPO,United States,1900.0,1253900000.0,-1.8491233240017682,-0.29617339002385146,1
Fitness,Post-IPO,United States,1900.0,938500000.0,-0.6626115166261152,-0.09164579342861356,1
Fitness,Post-IPO,United States,1900.0,873600000.0,-0.3687232905982906,-0.055380345654093555,1
Fitness,Post-IPO,United States,1900.0,813900000.0,-0.37620678916225475,-0.14236111111111116,1
Fitness,Post-IPO,United States,1900.0,737700000.0,-0.2623722431414739,0.24848891873740775,1
Fitness,Post-IPO,United States,1900.0,794500000.0,-0.23310575449352097,-0.03483055406132329,1
Transportation,Post-IPO,United States,1200.0,1984650.0,-0.9857584618297326,0.045112804036393284,0
Transportation,Post-IPO,United States,1200.0,179709000.0,-0.6024895192716124,0.13904958243052778,0
Transportation,Post-IPO,United States,1200.0,92041.0,-0.9658556456689997,-0.0026040223835115395,0
Transportation,Post-IPO,United States,1200.0,761529000.0,-3.231120303579365,0.08325000925823067,0
Transportation,Post-IPO,United States,1200.0,727488000.0,0.5863805879788831,0.05878431506615156,0
Transportation,Post-IPO,United States,1200.0,661006000.0,-0.6598061715221236,0.10445423871103143,0
Transportation,Post-IPO,United States,1200.0,598685000.0,-0.854850548812755,-0.1436903421964304,0
Transportation,Post-IPO,United States,1200.0,523212000.0,-0.560873880156644,0.2728359024257012,0
Transportation,Post-IPO,United States,1200.0,408548000.0,-0.6761481142762126,0.2904752963896786,1
Transportation,Post-IPO,United States,1200.0,298054000.0,-1.012425621281064,-0.1686395144611995,1
Finance,Post-IPO,United States,216.0,14158000000.0,0.1870305916834585,0.045112804036393284,0
Finance,Post-IPO,United States,216.0,13083000000.0,0.25621321124918245,0.12035171276790613,0
Finance,Post-IPO,United States,216.0,13086000000.0,0.1818332504558263,-0.013570961412687987,0
Finance,Post-IPO,United States,216.0,12395000000.0,0.18980442449503046,0.033979777888281104,0
Finance,Post-IPO,United States,216.0,13292000000.0,0.17583306373341961,-0.008977236293683855,0
Finance,Post-IPO,United States,216.0,9500000000.0,0.11578490893321769,0.11905532190229695,1
Finance,Post-IPO,United States,216.0,7965000000.0,0.07851303408915626,-0.06287944492627928,1
Finance,Post-IPO,United States,216.0,10849000000.0,0.19427402862985685,0.005877167205406986,1
Finance,Post-IPO,United States,216.0,10868000000.0,0.12474603819585535,0.07843996494303251,1
Finance,Post-IPO,United States,216.0,11547000000.0,0.13750337018064168,0.017977219706326375,1
Finance,Post-IPO,United States,216.0,14060000000.0,0.17468228258160975,0.08196279320571587,1
Consumer,Post-IPO,United States,857.0,893943000.0,-0.18948159569560885,0.045112804036393284,0
Consumer,Post-IPO,United States,857.0,1600530000.0,-0.3468354626643513,0.24827343722279038,0
Consumer,Post-IPO,United States,857.0,1780262000.0,-0.30859722528077516,0.1734577854957413,0
Consumer,Post-IPO,United States,857.0,1925559000.0,-0.14529112413024015,0.12163840563752482,0
Consumer,Post-IPO,United States,857.0,3004300000.0,-0.2519441108780542,0.11668721629729695,0
Consumer,Post-IPO,United States,857.0,3132964000.0,-0.2982533222622288,-0.055620119943245894,0
Consumer,Post-IPO,United States,857.0,3075475000.0,-0.2984403094009374,0.10066947912438984,0
Consumer,Post-IPO,United States,857.0,3021507000.0,-0.5752249824707798,-0.12432193800141067,0
Consumer,Post-IPO,United States,857.0,2977474000.0,-0.5007322920048911,0.11840094879922436,0
Consumer,Post-IPO,United States,857.0,2240991000.0,-0.40942314265484997,0.1318471029561108,1
Consumer,Post-IPO,United States,857.0,2119866000.0,-0.41538061536563226,0.038791840621108964,1
Real Estate,Post-IPO,United States,320.0,624740000.0,0.1221423078662867,-1.4093327951354815,1
Real Estate,Post-IPO,United States,320.0,708138000.0,-0.15201574966602271,-3.702067218528068,1
Real Estate,Post-IPO,United States,320.0,462428000.0,-0.2238826067400279,-0.4156669668835148,1
Real Estate,Post-IPO,United States,320.0,470040000.0,-0.2951362771197028,-0.12397972777461042,1
Real Estate,Post-IPO,United States,320.0,354459000.0,-0.27911775970441793,-0.27418616363719606,1
Real Estate,Post-IPO,United States,320.0,290471000.0,-0.2839926570535727,-0.035379728298826185,1
Retail,Post-IPO,United States,526.0,278700000.0,-1.488135593220339,0.045112804036393284,0
Retail,Post-IPO,United States,526.0,247600000.0,-0.6131045241809673,0.08644067796610178,0
Retail,Post-IPO,United States,526.0,219000000.0,-0.6333830104321908,0.046801872074883066,0
Retail,Post-IPO,United States,526.0,192300000.0,-0.44313725490196076,0.14008941877794334,0
Retail,Post-IPO,United States,526.0,176000000.0,-0.4664082687338501,0.0117647058823529,0
Retail,Post-IPO,United States,526.0,154500000.0,-0.34748010610079577,-0.025839793281653756,0
Retail,Post-IPO,United States,526.0,141400000.0,-0.4056603773584906,-0.01591511936339518,0
Retail,Post-IPO,United States,526.0,123700000.0,-0.35667107001321,0.020215633423180668,1
Retail,Post-IPO,United States,526.0,105900000.0,-0.43448275862068964,-0.042272126816380484,1
Transportation,Post-IPO,United States,10700.0,16432000000.0,-16.768421052631577,0.7592592592592593,1
Transportation,Post-IPO,United States,10700.0,14923.0,-4.7032967032967035,2.831578947368421,1
Transportation,Post-IPO,United States,10700.0,10202000000.0,-1.0660124888492417,0.6959152798789712,1
Transportation,Post-IPO,United States,10700.0,9133000000.0,-1.0224382946896036,0.19268510258697602,1
Transportation,Post-IPO,United States,10700.0,9368000000.0,-1.1581749049429657,-0.016454749439042682,1
Transportation,Post-IPO,United States,10700.0,7858000000.0,-1.1993355481727574,-0.08441064638783269,1
Media,Post-IPO,United States,208.0,1047478000.0,0.02866517735568333,0.045112804036393284,0
Media,Post-IPO,United States,208.0,1092815000.0,0.10356585616554288,0.4388736735132168,0
Media,Post-IPO,United States,208.0,2077514000.0,0.13287749724391004,-0.1164865838008512,0
Media,Post-IPO,United States,208.0,2083273000.0,0.11388131492019302,0.12354249429188946,0
Media,Post-IPO,United States,208.0,2179745000.0,0.05069100364289885,1.1079924789069922,0
Media,Post-IPO,United States,208.0,2146043000.0,-0.022909763367977978,-1.7602922554941296,0
Media,Post-IPO,United States,208.0,2235092000.0,-0.035853940103502936,-1.7096242864576383,0
Media,Post-IPO,United States,208.0,2050412000.0,-0.14693893035899772,0.04185231273315071,1
Media,Post-IPO,United States,208.0,2018616000.0,-0.16047719054917892,-0.003967786752066327,1
Media,Post-IPO,United States,208.0,1961956000.0,-0.2735636452547471,0.13880581528370461,1
Media,Post-IPO,United States,208.0,1630052000.0,-0.26127748012793695,-0.14539545311952173,1
Media,Post-IPO,United States,208.0,1755261000.0,-0.1270028069396803,0.14331637404013553,1
Finance,Post-IPO,United States,527.0,1010800000.0,-1.1878109452736318,-0.05854800936768145,1
Finance,Post-IPO,United States,527.0,943800000.0,-0.9009497964721845,-0.08333333333333337,1
Security,Post-IPO,United States,89.0,320618000.0,-0.2430739947656436,0.045112804036393284,0
Security,Post-IPO,United States,89.0,312456000.0,-0.25555192251610565,0.07693552224601485,0
Security,Post-IPO,United States,89.0,605800000.0,-0.25410596759499704,0.03792893185694468,0
Security,Post-IPO,United States,89.0,607852000.0,-0.27023991267273634,0.07637227439527972,0
Security,Post-IPO,United States,89.0,304249000.0,-0.2694897565299441,0.1065724840018667,0
Security,Post-IPO,United States,89.0,223432000.0,-0.2942863925928857,0.08394927588030932,0
Security,Post-IPO,United States,89.0,234520000.0,-0.28591851776546534,0.03789287645576955,0
Security,Post-IPO,United States,89.0,239713000.0,-0.23651727329730377,0.06398998627560615,0
Security,Post-IPO,United States,89.0,251584000.0,-0.16343982021449094,0.04962527246125825,0
Security,Post-IPO,United States,89.0,291449000.0,-0.061714341469760785,0.04957756094785659,0
Security,Post-IPO,United States,89.0,262240000.0,-0.14147750226560538,-0.007073975899695939,1
Security,Post-IPO,United States,89.0,293502000.0,-0.3507052756509227,0.03956893445576348,1
Healthcare,Post-IPO,United States,445.0,207904000.0,-0.06475381320084447,0.045112804036393284,0
Healthcare,Post-IPO,United States,445.0,176287000.0,-0.06475381320084447,0.045112804036393284,0
Healthcare,Post-IPO,United States,445.0,330650000.0,-0.06475381320084447,0.045112804036393284,0
Healthcare,Post-IPO,United States,445.0,298242000.0,-0.06475381320084447,0.045112804036393284,0
Healthcare,Post-IPO,United States,445.0,264017000.0,-0.06475381320084447,0.045112804036393284,0
Healthcare,Post-IPO,United States,445.0,225848000.0,-0.06475381320084447,0.045112804036393284,0
Healthcare,Post-IPO,United States,445.0,176517000.0,-0.06475381320084447,0.045112804036393284,1
Healthcare,Post-IPO,United States,445.0,140713000.0,-0.06475381320084447,0.045112804036393284,1
Data,Acquired,United States,17.0,198400000.0,-0.08816641410662626,0.045112804036393284,0
Data,Acquired,United States,17.0,214800000.0,-0.04920677601505781,0.024659043945447046,0
Data,Acquired,United States,17.0,260000000.0,-0.04563934426229508,0.025141166980371166,0
Data,Acquired,United States,17.0,272800000.0,-0.10665122861186158,0.01940983606557367,0
Data,Acquired,United States,17.0,269100000.0,-0.04938749194068343,-0.002315708220764212,0
Data,Acquired,United States,17.0,261300000.0,-0.05257705257705258,-0.004255319148936176,0
Data,Acquired,United States,17.0,249100000.0,-0.6496952767902489,0.019943019943019946,1
Data,Acquired,United States,17.0,228400000.0,-0.2719186785260483,-0.0007618080243778635,1
Travel,Post-IPO,United States,1700.0,1668352000.0,-1.1044240475634508,0.045112804036393284,0
Travel,Post-IPO,United States,1700.0,1499665000.0,-1.018940818707485,0.12698794747902942,0
Travel,Post-IPO,United States,1700.0,1284918000.0,-0.7960022474380428,0.043893482598800215,0
Travel,Post-IPO,United States,1700.0,1122114000.0,-0.5858297511366127,0.2814916148575197,0
Travel,Post-IPO,United States,1700.0,1023769000.0,-0.5333222999596451,0.051035580506495704,0
Travel,Post-IPO,United States,1700.0,978352000.0,-0.3729169038644767,0.13500995270763516,0
Travel,Post-IPO,United States,1700.0,1186414000.0,0.08104836641534595,0.1683315456108918,0
Travel,Post-IPO,United States,1700.0,992180000.0,-0.2849853695333459,0.12415927236668889,0
Travel,Post-IPO,United States,1700.0,782763000.0,-0.20406575880999828,0.008915155460114565,0
Travel,Post-IPO,United States,1700.0,794888000.0,-0.25363803295103293,-0.04856088538636161,1
Travel,Post-IPO,United States,1700.0,817075000.0,-0.13320946014178095,0.17667888190196446,1
Sales,Post-IPO,United States,32.0,6806000.0,-0.42298119469026546,0.045112804036393284,1
Security,Post-IPO,United States,83.0,181494000.0,-0.008860741211473469,0.045112804036393284,0
Security,Post-IPO,United States,83.0,188048000.0,-0.025472850375244455,0.022855946156734808,0
Security,Post-IPO,United States,83.0,220300000.0,-0.06820719070246752,-0.013449495555665325,0
Security,Post-IPO,United States,83.0,180607000.0,-0.045818604217606106,-0.0019536840899982977,0
Security,Post-IPO,United States,83.0,196961000.0,-0.08767104910115374,-0.03793837792102561,0
Security,Post-IPO,United States,83.0,205129000.0,-0.09620864778345388,-0.0035253257013385664,0
Security,Post-IPO,United States,83.0,220655000.0,-0.0686190178292149,-0.043523137794598266,0
Security,Post-IPO,United States,83.0,186220000.0,-0.17847374292443086,-0.053683140444166444,0
Security,Post-IPO,United States,83.0,167487000.0,-0.21276101289356356,-0.03993719786803285,0
Security,Post-IPO,United States,83.0,139032000.0,-0.25370013160029564,-0.04510165085813633,1
Security,Post-IPO,United States,83.0,143517000.0,-0.34712492196712214,0.039606280759315604,1
Security,Post-IPO,United States,83.0,94510000.0,-0.3280894115154404,-0.18156516612332663,1
Security,Post-IPO,United States,83.0,64899000.0,-0.34807348923262266,-0.015138513692462552,1
Media,Post-IPO,United States,525.0,33000000.0,0.134320987654321,0.045112804036393284,0
Media,Post-IPO,United States,525.0,71000000.0,-0.3092736409319324,0.08098765432098776,0
Media,Post-IPO,United States,525.0,59000000.0,0.10641399416909621,-0.05984467793513015,0
Media,Post-IPO,United States,525.0,1124000000.0,0.20055581287633165,0.04907677356656959,0
Media,Post-IPO,United States,525.0,164000000.0,0.15605095541401273,0.01806391848077804,0
Media,Post-IPO,United States,525.0,191000000.0,0.13985094256904868,0.03776160145586904,0
Media,Post-IPO,United States,525.0,76000000.0,0.1413540713632205,-0.041648399824638305,0
Media,Post-IPO,United States,525.0,126000000.0,0.12960497114957834,0.03064958828911246,0
Media,Post-IPO,United States,525.0,39000000.0,0.10833333333333334,0.011984021304926706,1
Media,Post-IPO,United States,525.0,57000000.0,0.026281208935611037,0.001315789473684159,1
Media,Post-IPO,United States,525.0,53000000.0,0.10303830911492734,0.009333333333333416,1
Media,Post-IPO,United States,525.0,306000000.0,0.07517482517482517,0.007485689123734041,1
Other,Post-IPO,United States,152.0,545975000.0,-0.29114687246497556,0.045112804036393284,0
Other,Post-IPO,United States,152.0,420417000.0,-0.32315809689385744,0.0845300475762425,0
Other,Post-IPO,United States,152.0,442200000.0,-0.260896869965687,0.11055967169700698,0
Other,Post-IPO,United States,152.0,439656000.0,-0.3166327872772928,0.06563151332016637,0
Other,Post-IPO,United States,152.0,442801000.0,-0.3352766138337281,0.12516014417246035,0
Other,Post-IPO,United States,152.0,439950000.0,-0.25387891694554304,0.09786239144956577,0
Other,Post-IPO,United States,152.0,449074000.0,-0.33763485951736494,0.08821251763144056,0
Other,Post-IPO,United States,152.0,446664000.0,-0.4186144614104925,0.06940896903155291,0
Other,Post-IPO,United States,152.0,455664000.0,-0.3337761327541231,0.10920919731447931,0
Other,Post-IPO,United States,152.0,434724000.0,-0.20111034838683817,0.06902314519714392,1
Other,Post-IPO,United States,152.0,456381000.0,-0.20124613232738525,0.0639352229966379,1
Energy,Post-IPO,United States,470.0,117470000.0,-2.75136690647482,0.045112804036393284,1
Energy,Post-IPO,United States,470.0,120265000.0,-4.112938596491228,-0.3438848920863309,1
Consumer,Post-IPO,United States,4900.0,2725005000.0,-0.2944783016143387,0.045112804036393284,0
Consumer,Post-IPO,United States,4900.0,2537540000.0,-0.124104323170076,0.3428097390771334,0
Consumer,Post-IPO,United States,4900.0,2556697000.0,-0.37277542152643506,-0.15553009803340645,0
Consumer,Post-IPO,United States,4900.0,3467345000.0,-0.15442700802763037,0.2761543899041561,0
Consumer,Post-IPO,United States,4900.0,3481821000.0,-0.06741073059595998,0.08691813934923664,0
Consumer,Post-IPO,United States,4900.0,3692885000.0,0.017374420692126035,0.2158503603376578,0
Consumer,Post-IPO,United States,4900.0,5000991000.0,-0.3383973494603976,-0.1811855441737904,1
Consumer,Post-IPO,United States,4900.0,4872476000.0,-0.3799294091595261,0.045338078358788225,1
Consumer,Post-IPO,United States,4900.0,4103432000.0,-0.33246140027189747,-0.23937725767175622,1
Consumer,Post-IPO,United States,4900.0,3689278000.0,-0.3533941699159571,0.07997204149673065,1
Consumer,Post-IPO,United States,4900.0,3613498000.0,-0.30983609453864414,0.1132204831272614,1
Consumer,Post-IPO,United States,4900.0,3544080000.0,-0.1823619853858885,0.14533326714629835,1
Healthcare,Post-IPO,United States,347.0,82644000.0,-1.7484026693170525,0.045112804036393284,1
Other,Post-IPO,United States,426.0,1049922000.0,0.2623193456511232,0.045112804036393284,0
Other,Post-IPO,United States,426.0,1235653000.0,0.1925565538271901,0.06358555968361235,0
Other,Post-IPO,United States,426.0,1023074000.0,0.16731061164295113,-0.05375063753182785,0
Other,Post-IPO,United States,426.0,1457918000.0,0.19044578711988308,0.05565374757425645,0
Other,Post-IPO,United States,426.0,1530168000.0,0.18791066377834326,0.03202798336071733,0
Other,Post-IPO,United States,426.0,1580789000.0,0.17480360875688444,0.09013933953250786,0
Other,Post-IPO,United States,426.0,1272047000.0,0.24694805373724174,0.10225100419205169,0
Other,Post-IPO,United States,426.0,1720521000.0,0.23043645821037514,0.0070647232248644,0
Other,Post-IPO,United States,426.0,1531158000.0,0.17841967163714992,-0.024595283565335024,1
Other,Post-IPO,United States,426.0,1565521000.0,0.1875464284317942,-0.34405649777281955,1
Consumer,Post-IPO,United States,455.2,431533000.0,0.1117905851951964,1.126463056056151,1
Consumer,Post-IPO,United States,455.2,294873000.0,-0.10077160037215663,-0.5477512678807992,1
Other,Post-IPO,United States,326.0,133964220.0,-0.06475381320084447,0.045112804036393284,0
Other,Post-IPO,United States,326.0,133807384.0,-1.7697789588114508,0.045112804036393284,0
Other,Post-IPO,United States,326.0,133635882.0,-5.903922542204568,-0.5134678101219954,0
Other,Post-IPO,United States,326.0,21626000.0,-4.241312366530771,0.2787984111221451,0
Other,Post-IPO,United States,326.0,18129.0,-5.851515151515152,-0.16715200931857888,0
Other,Post-IPO,United States,326.0,65010000.0,-4.9850455136540965,0.4340326340326339,1
Other,Post-IPO,United States,326.0,33412000.0,-2.6873770784909707,0.8182704811443433,1
Other,Post-IPO,United States,326.0,9245000.0,-3.2502894432165035,-0.15063472197389594,1
Data,Post-IPO,United States,2400.0,1757225000.0,-0.03508398322594107,0.1640256750209388,1
Data,Post-IPO,United States,2400.0,2006934000.0,0.21484367818848138,0.34560842531854696,1
Data,Post-IPO,United States,2400.0,2448988000.0,-0.06945864471740694,0.2116770546687461,1
Data,Post-IPO,United States,2400.0,1689708000.0,0.0907411311138281,0.1721640483864768,1
Hardware,Post-IPO,United States,426.0,1664000000.0,0.09636992221261884,0.045112804036393284,0
Hardware,Post-IPO,United States,426.0,1799000000.0,0.1067479984750286,0.1335350043215211,0
Hardware,Post-IPO,United States,426.0,1212000000.0,0.12046869278652508,0.04117422798322523,0
Hardware,Post-IPO,United States,426.0,1209000000.0,0.15997344839030866,0.10325887953130719,0
Hardware,Post-IPO,United States,426.0,991000000.0,0.16886035313001604,0.03385330235645534,0
Hardware,Post-IPO,United States,426.0,1535000000.0,0.16078305519897304,0.0003210272873195308,0
Hardware,Post-IPO,United States,426.0,1138000000.0,0.12348322626695217,-0.10077021822849808,0
Hardware,Post-IPO,United States,426.0,615000000.0,0.1050228310502283,-0.062098501070663836,1
Hardware,Post-IPO,United States,426.0,761000000.0,0.01425061425061425,-0.2256468797564688,1
Hardware,Post-IPO,United States,426.0,770000000.0,-0.017488076311605722,-0.07272727272727275,1
Data,Acquired,United States,340.0,407469000.0,-0.46128634225341253,0.045112804036393284,0
Data,Acquired,United States,340.0,404140000.0,-0.38020756389422367,0.044034857715739895,0
Data,Acquired,United States,340.0,290618000.0,-0.4963942529371623,0.0012372580883439621,0
Data,Acquired,United States,340.0,289235000.0,-0.5446712326439047,0.08524686917870117,0
Data,Acquired,United States,340.0,288921000.0,-0.4972265221878225,0.05395897418466711,0
Data,Acquired,United States,340.0,290631000.0,-0.5006189503199153,0.08115647574819396,0
Data,Acquired,United States,340.0,308143000.0,-0.5121214354137499,0.01202105922534269,0
Data,Acquired,United States,340.0,317560000.0,-0.4841582555189723,0.09215238375948709,0
Data,Acquired,United States,340.0,322144000.0,-0.3329744654980241,0.06536406325902733,0
Data,Acquired,United States,340.0,302139000.0,-0.3497799455819844,0.010145404802918145,1
Healthcare,Post-IPO,United States,172.0,1190369000.0,-0.12424691494813235,0.045112804036393284,0
Healthcare,Post-IPO,United States,172.0,786569000.0,-1.0277730674813015,0.3272336329515395,0
Healthcare,Post-IPO,United States,172.0,722634000.0,-0.440070535074668,0.1835380790512391,0
Healthcare,Post-IPO,United States,172.0,786262000.0,-0.2659682513182242,0.10902959166804438,0
Healthcare,Post-IPO,United States,172.0,826366000.0,-0.16167680741021895,0.03680692611783232,0
Healthcare,Post-IPO,United States,172.0,896017000.0,-0.019820112407191896,0.06244896081340645,0
Healthcare,Post-IPO,United States,172.0,838988000.0,-11.8060015919342,0.020054669950472226,0
Healthcare,Post-IPO,United States,172.0,883700000.0,-5.235602544992311,0.047809321659149306,0
Healthcare,Post-IPO,United States,172.0,899631000.0,-0.12017625065014508,0.03211288718877614,1
Healthcare,Post-IPO,United States,172.0,918182000.0,-5.974623221563441,0.0430273371693255,1
Food,Post-IPO,United States,962.0,1030000000.0,-0.030038759689922482,0.05521472392638027,1
Food,Post-IPO,United States,962.0,1124000000.0,-0.03474903474903475,0.003875968992248069,1
Travel,Post-IPO,United States,3.0,1141000000.0,0.048582995951417005,0.3315363881401616,1
Travel,Post-IPO,United States,3.0,1124000000.0,0.04690431519699812,0.07894736842105265,1
Transportation,Post-IPO,United States,340.0,175518000.0,-0.49473598079860354,-0.06114923691488272,1
Transportation,Post-IPO,United States,340.0,1014400000.0,-0.5290697674418605,0.008618808640628473,1
Transportation,Post-IPO,United States,20200.0,14531000000.0,0.03773800022802417,0.045112804036393284,0
Transportation,Post-IPO,United States,20200.0,19384000000.0,0.02513030528667163,0.2249458442594916,0
Transportation,Post-IPO,United States,20200.0,17141000000.0,0.042159976898642794,-0.03304169769173493,0
Transportation,Post-IPO,United States,20200.0,16229000000.0,0.0955009198862686,0.15102512272596025,0
Transportation,Post-IPO,United States,20200.0,16095000000.0,0.11761285163916552,0.15044321792941973,0
Transportation,Post-IPO,United States,20200.0,17707000000.0,0.1309893334838309,0.2879988369557316,0
Transportation,Post-IPO,United States,20200.0,18013000000.0,0.17690339091490723,0.05852474744624425,0
Transportation,Post-IPO,United States,20200.0,18915000000.0,0.13340025983229006,-0.0971422478140328,0
Transportation,Post-IPO,United States,20200.0,21107000000.0,0.15344457909946863,0.2669186252509743,0
Transportation,Post-IPO,United States,20200.0,22185000000.0,0.15161608684924746,0.1334949193623567,0
Transportation,Post-IPO,United States,20200.0,22402000000.0,0.10772000514381243,-0.040669462949255664,0
Transportation,Post-IPO,United States,20200.0,23075000000.0,0.10843663497412444,0.06849843542372147,0
Transportation,Post-IPO,United States,20200.0,26077000000.0,0.0793576017130621,-0.06326473302041957,0
Transportation,Post-IPO,United States,20200.0,29094000000.0,0.3150156951563555,0.07781584582441115,1
Transportation,Post-IPO,United States,20200.0,26863000000.0,0.06525515234026572,-0.15361385941908057,1
Transportation,Post-IPO,United States,648.0,310815000.0,-46.91044776119403,0.045112804036393284,0
Transportation,Post-IPO,United States,648.0,508706000.0,-408.00847457627117,0.28086838534599723,0
Transportation,Post-IPO,United States,648.0,1489829000.0,-78.62955465587045,0.5699152542372881,0
Transportation,Post-IPO,United States,648.0,1412128000.0,-64.70028011204482,0.20445344129554655,0
Transportation,Post-IPO,United States,648.0,1337586000.0,-56.33853658536585,0.14845938375350132,0
Transportation,Post-IPO,United States,648.0,1237246000.0,-49.427120141342755,0.10439024390243912,0
Transportation,Post-IPO,United States,648.0,1156418000.0,-41.8639167309175,0.14575971731448756,1
Transportation,Post-IPO,United States,648.0,1069146000.0,-42.65397663022993,0.022744795682343888,1
Transportation,Post-IPO,United States,648.0,833941000.0,-848.25,-0.5720930232558139,1
Transportation,Post-IPO,United States,648.0,775171000.0,-0.06475381320084447,0.045112804036393284,1
Consumer,Post-IPO,United States,4100.0,2385885000.0,0.11807875483568767,0.045112804036393284,0
Consumer,Post-IPO,United States,4100.0,2422515000.0,0.21169744299206983,0.023476416586022397,0
Consumer,Post-IPO,United States,4100.0,2731576000.0,0.2606750299895528,-0.024892872367982433,0
Consumer,Post-IPO,United States,4100.0,2536064000.0,0.18726177302348457,-0.03116173630874175,0
Consumer,Post-IPO,United States,4100.0,2297532000.0,0.011885341412258214,0.05520718062215657,0
Consumer,Post-IPO,United States,4100.0,2465754000.0,0.16007970773829291,0.05255185271498486,0
Consumer,Post-IPO,United States,4100.0,2552200000.0,0.11924731182795699,0.029558286283626778,0
Consumer,Post-IPO,United States,4100.0,1306600000.0,-0.09433962264150944,0.18537634408602144,0
Consumer,Post-IPO,United States,4100.0,1304400000.0,-0.18442770003588088,0.2640602322206096,0
Consumer,Post-IPO,United States,4100.0,1129500000.0,-0.10896434152578491,0.01026193039110157,0
Consumer,Post-IPO,United States,4100.0,1014400000.0,-0.422002489282257,0.027276601790027,0
Consumer,Post-IPO,United States,4100.0,885000000.0,-0.16034871954541915,-0.1116719679159176,0
Consumer,Post-IPO,United States,4100.0,801900000.0,-0.41841133004926107,0.011286681715575675,0
Consumer,Post-IPO,United States,4100.0,922200000.0,-0.06704237722315744,0.05164716748768483,1
Consumer,Post-IPO,United States,4100.0,776000000.0,-2.07446048306417,0.02422601185683959,1
Other,Post-IPO,United States,748.0,452810000.0,-0.08852801779330716,0.045112804036393284,0
Other,Post-IPO,United States,748.0,368209000.0,-0.04210948396094839,0.006135744129997844,0
Other,Post-IPO,United States,748.0,339638000.0,-0.13580420016202405,0.11903765690376567,0
Other,Post-IPO,United States,748.0,274527000.0,-0.11835944439593264,0.03479466566959566,0
Other,Post-IPO,United States,748.0,184544000.0,-0.11613279710750887,0.0010237664367207522,1
Other,Post-IPO,United States,748.0,194294000.0,0.051836881806245655,-0.06528258639723028,1
Other,Post-IPO,United States,748.0,109268000.0,-0.02640235005992392,-0.011868290296836004,1
Other,Post-IPO,United States,748.0,88151000.0,-0.042727573420608254,-0.06461687770308999,1
Other,Post-IPO,United States,614.0,3298704000.0,-0.26098680935511165,0.045112804036393284,0
Other,Post-IPO,United States,614.0,3039791000.0,-0.3272291047090806,0.22349984039074133,0
Other,Post-IPO,United States,614.0,5707058000.0,-0.35007830667742396,0.0764436497655494,0
Other,Post-IPO,United States,614.0,5925185000.0,-0.34062257542257723,0.13380441636101081,0
Other,Post-IPO,United States,614.0,5394252000.0,-0.3027779879380039,0.10650575320922484,0
Other,Post-IPO,United States,614.0,5357882000.0,-0.34577048308857733,0.13857244763407617,0
Other,Post-IPO,United States,614.0,5223312000.0,-0.2531829652384211,0.038705704223346515,1
Other,Post-IPO,United States,614.0,4392284000.0,-0.34215045465435034,0.07767177730838526,1
Other,Post-IPO,United States,614.0,4208545000.0,-0.4906533879942626,0.04205844253588786,1
Other,Post-IPO,United States,614.0,4155069000.0,-0.2239194045525262,0.04226117209037361,1
Healthcare,Post-IPO,United States,503.0,290002000.0,-0.7498149975333005,0.045112804036393284,0
Healthcare,Post-IPO,United States,503.0,587285000.0,-1.1682823763360677,-0.13169092254563397,0
Healthcare,Post-IPO,United States,503.0,555658000.0,-1.2151967696449173,0.10805724228543023,0
Healthcare,Post-IPO,United States,503.0,519408000.0,-1.1433262893369125,0.12222791949750023,0
Healthcare,Post-IPO,United States,503.0,477863000.0,-1.0867170825538195,0.08375692500999476,0
Healthcare,Post-IPO,United States,503.0,301859000.0,-1.0843686039316482,0.10716450159416091,0
Healthcare,Post-IPO,United States,503.0,573858000.0,-1.2605813784362208,0.14539007092198575,0
Healthcare,Post-IPO,United States,503.0,527591000.0,-1.0784844866608452,0.1659359611029152,0
Healthcare,Post-IPO,United States,503.0,504968000.0,-0.8919659372491536,0.021260670432876605,0
Healthcare,Post-IPO,United States,503.0,438710000.0,-0.7710119278063529,-0.05344990053397547,1
Healthcare,Post-IPO,United States,503.0,387658000.0,-0.982984380192755,0.1094519108456391,1
Healthcare,Post-IPO,United States,242.0,768773000.0,-0.9168859740729911,0.045112804036393284,0
Healthcare,Post-IPO,United States,242.0,663603000.0,-3.703265073339393,0.5625548268515812,0
Healthcare,Post-IPO,United States,242.0,617195000.0,-0.10915602763156651,-0.05700511504393235,0
Healthcare,Post-IPO,United States,242.0,621958000.0,-0.09540581136375408,0.09469764980485906,0
Healthcare,Post-IPO,United States,242.0,600440000.0,-0.13704238728780418,0.08161979247595874,0
Healthcare,Post-IPO,United States,242.0,587447000.0,-0.12853758796070508,0.14551824864122853,0
Healthcare,Post-IPO,United States,242.0,539323000.0,-0.3704321548351034,-0.2022852365359158,1
Healthcare,Post-IPO,United States,242.0,499733000.0,-0.5624165641441772,0.0009869340413639627,1
Other,Post-IPO,United States,1300.0,1759415000.0,-0.7207695832337238,0.045112804036393284,0
Other,Post-IPO,United States,1300.0,1751984000.0,-0.3789757461331784,0.09737827715355807,0
Other,Post-IPO,United States,1300.0,1647235000.0,-0.45772068219378803,0.0655181177837485,0
Other,Post-IPO,United States,1300.0,1589024000.0,-0.5422609865405283,0.16522413234968392,0
Other,Post-IPO,United States,1300.0,1280398000.0,-0.4021681428292029,0.046665838091547895,0
Other,Post-IPO,United States,1300.0,1737099000.0,-0.5117803864954538,0.10315442429661092,1
Other,Post-IPO,United States,1300.0,1808595000.0,-0.5546409851121121,0.013493148950181055,1
Other,Post-IPO,United States,1300.0,1686103000.0,-0.7743441082008542,0.0869840393478385,1
Other,Post-IPO,United States,1300.0,1586795000.0,-0.6415624847552187,0.3967189150182264,1
Other,Post-IPO,United States,1300.0,1593946000.0,-0.505696886847696,0.10951185655935824,1
Other,Post-IPO,United States,1300.0,1640926000.0,-0.36020229512744667,0.06618621355381404,1
Other,Post-IPO,United States,1300.0,1507164000.0,-0.2279836827695191,0.020117043252017908,1
Other,Post-IPO,United States,1300.0,1590325000.0,-0.41484043146858196,0.11954576358391056,1
Transportation,Post-IPO,United States,25200.0,4184000000.0,-0.8651882112634958,0.18622360678435435,1
Transportation,Post-IPO,United States,25200.0,4397000000.0,-0.3221850613154961,0.1778523489932886,1
Transportation,Post-IPO,United States,25200.0,4311000000.0,0.06912977808760311,0.03164329377921615,1
Transportation,Post-IPO,United States,25200.0,4166000000.0,-0.017794400997393177,0.025095852213314673,1
Other,Post-IPO,United States,168.0,155487000.0,-0.028393351800554016,0.045112804036393284,0
Other,Post-IPO,United States,168.0,169651000.0,0.00871383757406762,0.09721131186174392,0
Other,Post-IPO,United States,168.0,169829000.0,-0.06895853686443289,0.07033244467890687,0
Other,Post-IPO,United States,168.0,172438000.0,-0.133176572905678,0.09295980425809058,0
Other,Post-IPO,United States,168.0,696841000.0,-0.07266214560523174,0.03188893631070777,0
Other,Post-IPO,United States,168.0,684771000.0,-0.16481557257263107,0.06801101911175977,0
Other,Post-IPO,United States,168.0,672955000.0,-0.17502847803476795,0.03274244461331621,0
Other,Post-IPO,United States,168.0,667628000.0,-0.15181837881936036,0.1100985587638057,0
Other,Post-IPO,United States,168.0,675806000.0,-0.15649800492936883,0.011109128223431686,0
Other,Post-IPO,United States,168.0,686614000.0,-0.10220388746422863,0.017656217497368232,1
Other,Post-IPO,United States,168.0,509628000.0,0.10672145619117482,-0.0036173981987338566,1
Travel,Post-IPO,United States,834.0,354767000.0,-0.11357275742133786,0.045112804036393284,0
Travel,Post-IPO,United States,834.0,319252000.0,0.016246278371376648,0.25514842675725946,0
Travel,Post-IPO,United States,834.0,150791000.0,0.0201948644294781,0.32813486795468316,1
Travel,Post-IPO,United States,834.0,157810000.0,-0.748003740408328,-0.47072666576092226,1
Travel,Post-IPO,United States,834.0,151291000.0,-0.6019674103150547,0.2445933567317511,1
Travel,Post-IPO,United States,834.0,88049000.0,-0.24570559062218214,-0.5319156794002273,1
Travel,Post-IPO,United States,834.0,109121000.0,-0.40904273602199814,0.18052299368800728,1
Transportation,Acquired,United States,575.0,220057000.0,-4.311067316668395,-0.16216216216216217,1
Infrastructure,Acquired,United States,393.0,4703000000.0,0.1554782608695652,0.045112804036393284,0
Infrastructure,Acquired,United States,393.0,3898000000.0,0.15153631284916202,-0.003826086956521757,0
Infrastructure,Acquired,United States,393.0,4715000000.0,0.24013357619914996,0.15013966480446927,0
Infrastructure,Acquired,United States,393.0,5714000000.0,0.14195056780227122,-0.09107468123861562,0
Infrastructure,Acquired,United States,393.0,5937000000.0,0.13097514340344169,0.04809619238476959,0
Infrastructure,Acquired,United States,393.0,12533000000.0,0.12484316185696362,0.015933715742511234,0
Infrastructure,Acquired,United States,393.0,3633000000.0,0.16595865193996034,0.10759096612296104,0
Infrastructure,Acquired,United States,393.0,3719000000.0,0.0783678756476684,-0.12546020957235915,0
Infrastructure,Acquired,United States,393.0,3242000000.0,0.10401678657074341,0.08031088082901561,0
Infrastructure,Acquired,United States,393.0,3972000000.0,0.07194020554344441,-0.03747002398081534,0
Infrastructure,Acquired,United States,393.0,5100000000.0,0.13297442799461642,0.15696044845842416,0
Infrastructure,Acquired,United States,393.0,6548000000.0,0.0683552029295087,-0.11790040376850608,0
Infrastructure,Acquired,United States,393.0,6801000000.0,0.13996478873239437,0.03997558742752516,1
Security,Post-IPO,United States,30.0,325570000.0,-0.2504853356959518,0.045112804036393284,0
Security,Post-IPO,United States,30.0,298262000.0,-0.19992226645797662,0.2403356308061133,0
Security,Post-IPO,United States,30.0,823970000.0,-0.4767801029618239,-0.21441852159206698,0
Security,Post-IPO,United States,30.0,813668000.0,-0.3726390553959601,0.18229591495620778,0
Security,Post-IPO,United States,30.0,813430000.0,-0.23231991071517544,0.1349838268225927,0
Security,Post-IPO,United States,30.0,807611000.0,-0.19705636050498507,0.2613275138760176,0
Security,Post-IPO,United States,30.0,804091000.0,-0.5065706776368415,-0.23951239551896852,0
Security,Post-IPO,United States,30.0,788763000.0,-0.3256227119374058,0.15776898224618474,1
Security,Post-IPO,United States,30.0,790351000.0,-0.23288837707204724,0.10641734261718461,1
Other,Post-IPO,United States,366.0,350433000.0,0.003541544134892599,0.045112804036393284,0
Other,Post-IPO,United States,366.0,317344000.0,0.011745103455944568,0.0383940910517826,0
Other,Post-IPO,United States,366.0,295949000.0,0.028236097838059818,-0.5473044466336205,0
Other,Post-IPO,United States,366.0,275688000.0,0.025521162349968415,1.5517265201321804,0
Other,Post-IPO,United States,366.0,217654000.0,0.00540254811157058,-0.08378154799506665,0
Other,Post-IPO,United States,366.0,166032000.0,-0.010576281812409738,0.026446384101307174,0
Other,Post-IPO,United States,366.0,310459000.0,-0.048092532801975126,-0.029619346615125997,0
Other,Post-IPO,United States,366.0,221520000.0,-0.037498956623354944,-0.05223099578572288,0
Other,Post-IPO,United States,366.0,149172000.0,-0.0726988858564197,0.15390327202915888,0
Other,Post-IPO,United States,366.0,182130000.0,-0.06482214894910383,-0.01825760783894126,1
Other,Post-IPO,United States,366.0,1348854000.0,1.796786964099931,0.02249617772210666,1
Other,Post-IPO,United States,366.0,2092772000.0,-0.09874953673484306,0.1706833368613374,1
Other,Post-IPO,United States,366.0,1961583000.0,-0.6261046257798378,0.5714659440798882,1
Retail,Post-IPO,United States,1700.0,2556924000.0,0.04510036280104283,0.045112804036393284,0
Retail,Post-IPO,United States,1700.0,2592000000.0,0.006489779183506121,-0.043982789739476,0
Retail,Post-IPO,United States,1700.0,2695008000.0,0.005175388154111558,-0.0524955083437878,0
Retail,Post-IPO,United States,1700.0,2601841000.0,0.03396422089707026,0.10897067280046002,0
Retail,Post-IPO,United States,1700.0,2393213000.0,-0.024991989746876,-0.19082188229193675,0
Retail,Post-IPO,United States,1700.0,2399000000.0,-0.06211562115621156,0.04197372636975327,0
Retail,Post-IPO,United States,1700.0,1987000000.0,-0.10658202472435684,-0.0796432964329643,1
Retail,Post-IPO,United States,1700.0,1738000000.0,-0.11510353227771011,0.0972268626795858,1
Retail,Post-IPO,United States,1700.0,1288000000.0,-0.09964788732394367,-0.1352009744214373,1
Retail,Post-IPO,United States,1700.0,1278000000.0,-0.11318929377620122,0.09190140845070416,1
Retail,Post-IPO,United States,1700.0,1281000000.0,-0.05536684782608696,-0.07158625039419741,1
Retail,Post-IPO,United States,1700.0,1351000000.0,-0.055876685934489405,0.05774456521739135,1
HR,Post-IPO,United States,230.0,2753538000.0,-0.026381234068478587,0.045112804036393284,0
HR,Post-IPO,United States,230.0,2947810000.0,-0.022008029223480052,0.04142595768041746,0
HR,Post-IPO,United States,230.0,3535653000.0,-0.06336309429133928,0.023259430720821817,0
HR,Post-IPO,United States,230.0,2994529000.0,-0.039592079541595854,0.03830486248811504,0
HR,Post-IPO,United States,230.0,3307958000.0,0.08389342418561031,0.07261753499688939,0
HR,Post-IPO,United States,230.0,3554981000.0,0.03270791094153909,0.0530816170922459,0
HR,Post-IPO,United States,230.0,3644161000.0,-0.05349393283505638,0.036978353197520075,0
HR,Post-IPO,United States,230.0,6255355000.0,-0.07121771963612208,0.0423687990566306,0
HR,Post-IPO,United States,230.0,6292967000.0,-0.041775025100957285,0.07049838393427832,0
HR,Post-IPO,United States,230.0,5492085000.0,-0.04672682122414879,0.04121961351688186,1
Hardware,Post-IPO,United States,900.0,2995000000.0,-0.015298317185109638,0.045112804036393284,0
Hardware,Post-IPO,United States,900.0,2956000000.0,0.015724067968551865,0.005354411014788285,0
Hardware,Post-IPO,United States,900.0,2734000000.0,0.047619047619047616,0.0492011159015977,0
Hardware,Post-IPO,United States,900.0,3370000000.0,0.1264227642276423,0.18926758520667142,0
Hardware,Post-IPO,United States,900.0,3290000000.0,0.12076816471985745,0.02662601626016259,0
Hardware,Post-IPO,United States,900.0,2531000000.0,0.11669770328988206,-0.0431597703425064,0
Hardware,Post-IPO,United States,900.0,2505000000.0,0.0057064597123944304,-0.09352369128905447,0
Hardware,Post-IPO,United States,900.0,2327000000.0,0.07663427561837456,0.03355398310887936,1
Hardware,Post-IPO,United States,900.0,2049000000.0,0.007226980728051392,-0.17491166077738518,1
Hardware,Post-IPO,United States,900.0,1871000000.0,-0.14515609913099453,-0.16836188436830835,1
Hardware,Post-IPO,United States,900.0,2220000000.0,-0.20371031038173384,-0.09784357901512708,1
Consumer,Post-IPO,United States,535.0,266237000.0,-0.6629614261900082,0.045112804036393284,0
Consumer,Post-IPO,United States,535.0,256416000.0,-0.34541582638533547,-0.03261921920610311,0
Consumer,Post-IPO,United States,535.0,230324000.0,-0.22277408659556971,0.15295126869939502,1
Consumer,Post-IPO,United States,535.0,211603000.0,-0.21497888039351976,-0.023456774008275838,1
Other,Acquired,United States,400.0,203891000.0,-0.06777764250863902,0.045112804036393284,0
Other,Acquired,United States,400.0,586536000.0,-0.8374601392037478,0.1174203759025314,0
Other,Acquired,United States,400.0,635149000.0,-1.0567165974854118,0.04484522906601063,0
Other,Acquired,United States,400.0,589946000.0,-1.053008828055398,0.08939020233010497,0
Other,Acquired,United States,400.0,1014511000.0,-0.9801608646951987,0.1634846889564634,0
Other,Acquired,United States,400.0,836448000.0,-0.8709298757325404,0.062032894362141766,0
Other,Acquired,United States,400.0,786568000.0,-0.7835926648239866,0.061725562868132355,0
Other,Acquired,United States,400.0,731724000.0,-0.6186193981421393,0.05939416048152868,1
Other,Acquired,United States,400.0,719892000.0,-0.6588791652209671,0.030604109331419105,1
Hardware,Post-IPO,United States,27200.0,3242000000.0,0.050933786078098474,0.045112804036393284,0
Hardware,Post-IPO,United States,27200.0,2625000000.0,0.03989637305699482,0.09224674589700066,0
Hardware,Post-IPO,United States,27200.0,2379000000.0,0.02280701754385965,-0.11398963730569944,0
Hardware,Post-IPO,United States,27200.0,2124000000.0,0.049637479085331844,0.048538011695906436,0
Hardware,Post-IPO,United States,27200.0,2209000000.0,0.051194539249146756,-0.019520356943669825,0
Hardware,Post-IPO,United States,27200.0,1840000000.0,-0.3798536859876196,0.010807736063708662,0
Hardware,Post-IPO,United States,27200.0,1681000000.0,-0.03357314148681055,-0.061339335959482266,0
Hardware,Post-IPO,United States,27200.0,1151000000.0,-0.0022896393817973667,0.04736211031175053,0
Hardware,Post-IPO,United States,27200.0,932000000.0,-0.21873215305539692,0.0022896393817972704,0
Hardware,Post-IPO,United States,27200.0,1045000000.0,0.062339000515198355,0.1085094231867505,0
Hardware,Post-IPO,United States,27200.0,591000000.0,0.04139941690962099,-0.11643482740855227,0
Hardware,Post-IPO,United States,27200.0,477000000.0,-0.03477765108323831,0.02274052478134103,0
Hardware,Post-IPO,United States,27200.0,532000000.0,0.029661016949152543,-0.058152793614595244,1
Hardware,Post-IPO,United States,27200.0,519000000.0,-0.03286118980169972,0.06840193704600495,1
Real Estate,Post-IPO,United States,97.0,3790170000.0,0.060256558630225436,0.045112804036393284,0
Real Estate,Post-IPO,United States,97.0,3921238000.0,-0.04979258036499382,-2.4114150926157163,0
Real Estate,Post-IPO,United States,97.0,4695813000.0,0.042692939244663386,-2.3141072324448544,0
Real Estate,Post-IPO,United States,97.0,4594031000.0,0.007633587786259542,0.0755336617405582,1
Real Estate,Post-IPO,United States,97.0,3215449000.0,-0.5981818181818181,-0.5801526717557253,1
Real Estate,Post-IPO,United States,97.0,3543000000.0,0.015873015873015872,-0.05970149253731338,1
Real Estate,Post-IPO,United States,97.0,3489000000.0,-0.10973084886128365,-0.04166666666666663,1
Real Estate,Post-IPO,United States,97.0,3311000000.0,-0.0691699604743083,0.07889125799573571,1
Real Estate,Post-IPO,United States,97.0,3267000000.0,-0.056451612903225805,-0.01976284584980237,1
Manufacturing,Post-IPO,United States,2000.0,39000000.0,0.10247349823321555,0.045112804036393284,0
Manufacturing,Post-IPO,United States,2000.0,168000000.0,0.15214067278287463,0.15547703180212014,0
Manufacturing,Post-IPO,United States,2000.0,177000000.0,0.16926503340757237,0.029816513761467878,0
Manufacturing,Post-IPO,United States,2000.0,318000000.0,0.15904139433551198,0.022271714922049046,0
Manufacturing,Post-IPO,United States,2000.0,307000000.0,0.13857938718662952,0.042846768336964436,0
Manufacturing,Post-IPO,United States,2000.0,332000000.0,0.1301976823449216,0.021587743732590425,0
Manufacturing,Post-IPO,United States,2000.0,141000000.0,0.14315642458100558,-0.02385821404226307,0
Manufacturing,Post-IPO,United States,2000.0,98000000.0,-0.0667574931880109,0.025139664804469275,0
Manufacturing,Post-IPO,United States,2000.0,81000000.0,0.12336719883889695,-0.06130790190735691,0
Manufacturing,Post-IPO,United States,2000.0,105000000.0,0.12375249500998003,0.09071117561683595,0
Manufacturing,Post-IPO,United States,2000.0,85000000.0,0.10676156583629894,-0.06520292747837653,1
Manufacturing,Post-IPO,United States,2000.0,68000000.0,0.1186161449752883,-0.1359430604982207,1
Support,Acquired,United States,85.0,943000000.0,-0.15539885311118407,0.045112804036393284,0
Support,Acquired,United States,85.0,971023000.0,-0.2470423071767702,0.08235913960431573,0
Support,Acquired,United States,85.0,954356000.0,-0.16428561842387804,0.05132311339057072,0
Support,Acquired,United States,85.0,938372000.0,-0.1835451391507655,0.0676669529740177,0
Support,Acquired,United States,85.0,953845000.0,-0.1568330768299642,0.09037257711742974,0
Support,Acquired,United States,85.0,1015883000.0,-0.16478627469263252,0.08182457475199878,0
Support,Acquired,United States,85.0,1098630000.0,-0.17239594465489136,0.03453172245680869,1
Support,Acquired,United States,85.0,1158243000.0,-0.23349737726174338,0.04862139382530706,1
Support,Acquired,United States,85.0,1337810000.0,-0.14175708449579116,0.02370532995422492,1
Recruiting,Post-IPO,United States,769.0,570355000.0,0.09222341527380534,-0.072653413697085,1
Recruiting,Post-IPO,United States,769.0,519087000.0,0.02727089671236306,-0.12699189463981986,1
Other,Post-IPO,United States,276.0,1481939000.0,0.28030654690137446,0.045112804036393284,0
Other,Post-IPO,United States,276.0,1871931000.0,0.25558803699452903,0.17132264287436705,0
Other,Post-IPO,United States,276.0,4244713000.0,0.2953138013677286,0.13547290516163235,0
Other,Post-IPO,United States,276.0,4689579000.0,0.237944149828965,0.08357309189391326,0
Other,Post-IPO,United States,276.0,5105399000.0,0.3104117004977998,0.06824458790027998,0
Other,Post-IPO,United States,276.0,5417955000.0,0.3239410481596108,0.02864526992300509,0
Other,Post-IPO,United States,276.0,5419266000.0,0.45741084362539386,0.019623965982587865,0
Other,Post-IPO,United States,276.0,5726279000.0,0.10584652635500093,0.002262511013873647,0
Other,Post-IPO,United States,276.0,5520151000.0,0.04161141216854123,0.023894579996274867,0
Other,Post-IPO,United States,276.0,5164992000.0,0.04388151727154667,0.0022201848547194203,1
Other,Post-IPO,United States,276.0,5412666000.0,-0.09308438070035596,0.014433264754755148,1
Other,Post-IPO,United States,276.0,6494417000.0,0.12422683722652844,-0.0017116370240525258,1
Other,Post-IPO,United States,276.0,6962485000.0,0.2606569631482036,0.008559662962171144,1
Security,Post-IPO,United States,148.0,1370573000.0,-0.39359902134453917,0.045112804036393284,0
Security,Post-IPO,United States,148.0,1415954000.0,-0.38579584508128884,0.13258716150198202,0
Security,Post-IPO,United States,148.0,1444749000.0,-0.43007692111764856,0.10146025333501663,0
Security,Post-IPO,United States,148.0,1467609000.0,-0.3313927121833972,0.12327755278775365,0
Security,Post-IPO,United States,148.0,1502552000.0,-0.4111298294041832,0.11717421373665005,0
Security,Post-IPO,United States,148.0,1584642000.0,-0.39390153437707415,0.16969767701472538,0
Security,Post-IPO,United States,148.0,1621209000.0,-0.39293637967937456,0.10865142267164685,0
Security,Post-IPO,United States,148.0,1657874000.0,-0.35356528955011557,0.12225556907690072,0
Security,Post-IPO,United States,148.0,1731339000.0,-0.3070247972860381,0.10896526235412662,0
Security,Post-IPO,United States,148.0,1824790000.0,-0.19170969883110017,0.11786806850301357,1
Security,Post-IPO,United States,148.0,1905344000.0,-0.14822831903157396,0.09014254052898618,1
